Date,AQI,City,Month,Year,AQI_Bucket
2019-01-01,118,Bengaluru,1,2019,Moderate
2019-01-02,92,Bengaluru,1,2019,Satisfactory
2019-01-03,93,Bengaluru,1,2019,Satisfactory
2019-01-04,104,Bengaluru,1,2019,Moderate
2019-01-05,102,Bengaluru,1,2019,Moderate
2019-01-06,115,Bengaluru,1,2019,Moderate
2019-01-07,113,Bengaluru,1,2019,Moderate
2019-01-08,108,Bengaluru,1,2019,Moderate
2019-01-09,133,Bengaluru,1,2019,Moderate
2019-01-10,125,Bengaluru,1,2019,Moderate
2019-01-11,135,Bengaluru,1,2019,Moderate
2019-01-12,133,Bengaluru,1,2019,Moderate
2019-01-13,127,Bengaluru,1,2019,Moderate
2019-01-14,108,Bengaluru,1,2019,Moderate
2019-01-15,105,Bengaluru,1,2019,Moderate
2019-01-16,113,Bengaluru,1,2019,Moderate
2019-01-17,116,Bengaluru,1,2019,Moderate
2019-01-18,152,Bengaluru,1,2019,Moderate
2019-01-19,116,Bengaluru,1,2019,Moderate
2019-01-20,84,Bengaluru,1,2019,Satisfactory
2019-01-21,103,Bengaluru,1,2019,Moderate
2019-01-22,162,Bengaluru,1,2019,Moderate
2019-01-23,125,Bengaluru,1,2019,Moderate
2019-01-24,122,Bengaluru,1,2019,Moderate
2019-01-25,93,Bengaluru,1,2019,Satisfactory
2019-01-26,101,Bengaluru,1,2019,Moderate
2019-01-27,96,Bengaluru,1,2019,Satisfactory
2019-01-28,82,Bengaluru,1,2019,Satisfactory
2019-01-29,59,Bengaluru,1,2019,Satisfactory
2019-01-30,95,Bengaluru,1,2019,Satisfactory
2019-01-31,112,Bengaluru,1,2019,Moderate
2019-02-01,93,Bengaluru,2,2019,Satisfactory
2019-02-02,101,Bengaluru,2,2019,Moderate
2019-02-03,95,Bengaluru,2,2019,Satisfactory
2019-02-04,67,Bengaluru,2,2019,Satisfactory
2019-02-05,81,Bengaluru,2,2019,Satisfactory
2019-02-06,107,Bengaluru,2,2019,Moderate
2019-02-07,152,Bengaluru,2,2019,Moderate
2019-02-08,106,Bengaluru,2,2019,Moderate
2019-02-09,165,Bengaluru,2,2019,Moderate
2019-02-10,107,Bengaluru,2,2019,Moderate
2019-02-11,72,Bengaluru,2,2019,Satisfactory
2019-02-12,83,Bengaluru,2,2019,Satisfactory
2019-02-13,100,Bengaluru,2,2019,Satisfactory
2019-02-14,78,Bengaluru,2,2019,Satisfactory
2019-02-15,125,Bengaluru,2,2019,Moderate
2019-02-16,94,Bengaluru,2,2019,Satisfactory
2019-02-17,119,Bengaluru,2,2019,Moderate
2019-02-18,104,Bengaluru,2,2019,Moderate
2019-02-19,112,Bengaluru,2,2019,Moderate
2019-02-20,77,Bengaluru,2,2019,Satisfactory
2019-02-21,84,Bengaluru,2,2019,Satisfactory
2019-02-22,92,Bengaluru,2,2019,Satisfactory
2019-02-23,106,Bengaluru,2,2019,Moderate
2019-02-24,102,Bengaluru,2,2019,Moderate
2019-02-25,94,Bengaluru,2,2019,Satisfactory
2019-02-26,128,Bengaluru,2,2019,Moderate
2019-02-27,111,Bengaluru,2,2019,Moderate
2019-02-28,127,Bengaluru,2,2019,Moderate
2019-03-01,149,Bengaluru,3,2019,Moderate
2019-03-02,104,Bengaluru,3,2019,Moderate
2019-03-03,141,Bengaluru,3,2019,Moderate
2019-03-04,130,Bengaluru,3,2019,Moderate
2019-03-05,110,Bengaluru,3,2019,Moderate
2019-03-06,116,Bengaluru,3,2019,Moderate
2019-03-07,143,Bengaluru,3,2019,Moderate
2019-03-08,164,Bengaluru,3,2019,Moderate
2019-03-09,144,Bengaluru,3,2019,Moderate
2019-03-10,95,Bengaluru,3,2019,Satisfactory
2019-03-11,81,Bengaluru,3,2019,Satisfactory
2019-03-12,103,Bengaluru,3,2019,Moderate
2019-03-13,115,Bengaluru,3,2019,Moderate
2019-03-14,114,Bengaluru,3,2019,Moderate
2019-03-15,98,Bengaluru,3,2019,Satisfactory
2019-03-16,107,Bengaluru,3,2019,Moderate
2019-03-17,104,Bengaluru,3,2019,Moderate
2019-03-18,128,Bengaluru,3,2019,Moderate
2019-03-19,117,Bengaluru,3,2019,Moderate
2019-03-20,92,Bengaluru,3,2019,Satisfactory
2019-03-21,142,Bengaluru,3,2019,Moderate
2019-03-22,129,Bengaluru,3,2019,Moderate
2019-03-23,121,Bengaluru,3,2019,Moderate
2019-03-24,111,Bengaluru,3,2019,Moderate
2019-03-25,98,Bengaluru,3,2019,Satisfactory
2019-03-26,115,Bengaluru,3,2019,Moderate
2019-03-27,121,Bengaluru,3,2019,Moderate
2019-03-28,140,Bengaluru,3,2019,Moderate
2019-03-29,158,Bengaluru,3,2019,Moderate
2019-03-30,134,Bengaluru,3,2019,Moderate
2019-03-31,139,Bengaluru,3,2019,Moderate
2019-04-01,126,Bengaluru,4,2019,Moderate
2019-04-02,151,Bengaluru,4,2019,Moderate
2019-04-03,122,Bengaluru,4,2019,Moderate
2019-04-04,120,Bengaluru,4,2019,Moderate
2019-04-05,113,Bengaluru,4,2019,Moderate
2019-04-06,120,Bengaluru,4,2019,Moderate
2019-04-07,120,Bengaluru,4,2019,Moderate
2019-04-08,109,Bengaluru,4,2019,Moderate
2019-04-09,122,Bengaluru,4,2019,Moderate
2019-04-10,119,Bengaluru,4,2019,Moderate
2019-04-11,103,Bengaluru,4,2019,Moderate
2019-04-12,118,Bengaluru,4,2019,Moderate
2019-04-13,112,Bengaluru,4,2019,Moderate
2019-04-14,104,Bengaluru,4,2019,Moderate
2019-04-15,111,Bengaluru,4,2019,Moderate
2019-04-16,105,Bengaluru,4,2019,Moderate
2019-04-17,104,Bengaluru,4,2019,Moderate
2019-04-18,101,Bengaluru,4,2019,Moderate
2019-04-19,93,Bengaluru,4,2019,Satisfactory
2019-04-20,127,Bengaluru,4,2019,Moderate
2019-04-21,104,Bengaluru,4,2019,Moderate
2019-04-22,88,Bengaluru,4,2019,Satisfactory
2019-04-23,106,Bengaluru,4,2019,Moderate
2019-04-24,97,Bengaluru,4,2019,Satisfactory
2019-04-25,119,Bengaluru,4,2019,Moderate
2019-04-26,135,Bengaluru,4,2019,Moderate
2019-04-27,134,Bengaluru,4,2019,Moderate
2019-04-28,132,Bengaluru,4,2019,Moderate
2019-04-29,132,Bengaluru,4,2019,Moderate
2019-04-30,113,Bengaluru,4,2019,Moderate
2019-05-01,95,Bengaluru,5,2019,Satisfactory
2019-05-02,102,Bengaluru,5,2019,Moderate
2019-05-03,112,Bengaluru,5,2019,Moderate
2019-05-04,131,Bengaluru,5,2019,Moderate
2019-05-05,135,Bengaluru,5,2019,Moderate
2019-05-06,146,Bengaluru,5,2019,Moderate
2019-05-07,101,Bengaluru,5,2019,Moderate
2019-05-08,69,Bengaluru,5,2019,Satisfactory
2019-05-09,80,Bengaluru,5,2019,Satisfactory
2019-05-10,97,Bengaluru,5,2019,Satisfactory
2019-05-11,95,Bengaluru,5,2019,Satisfactory
2019-05-12,80,Bengaluru,5,2019,Satisfactory
2019-05-13,89,Bengaluru,5,2019,Satisfactory
2019-05-14,77,Bengaluru,5,2019,Satisfactory
2019-05-15,80,Bengaluru,5,2019,Satisfactory
2019-05-16,86,Bengaluru,5,2019,Satisfactory
2019-05-17,91,Bengaluru,5,2019,Satisfactory
2019-05-18,103,Bengaluru,5,2019,Moderate
2019-05-19,112,Bengaluru,5,2019,Moderate
2019-05-20,96,Bengaluru,5,2019,Satisfactory
2019-05-21,102,Bengaluru,5,2019,Moderate
2019-05-22,108,Bengaluru,5,2019,Moderate
2019-05-23,86,Bengaluru,5,2019,Satisfactory
2019-05-24,81,Bengaluru,5,2019,Satisfactory
2019-05-25,66,Bengaluru,5,2019,Satisfactory
2019-05-26,89,Bengaluru,5,2019,Satisfactory
2019-05-27,84,Bengaluru,5,2019,Satisfactory
2019-05-28,77,Bengaluru,5,2019,Satisfactory
2019-05-29,97,Bengaluru,5,2019,Satisfactory
2019-05-30,75,Bengaluru,5,2019,Satisfactory
2019-05-31,84,Bengaluru,5,2019,Satisfactory
2019-06-01,58,Bengaluru,6,2019,Satisfactory
2019-06-02,79,Bengaluru,6,2019,Satisfactory
2019-06-03,69,Bengaluru,6,2019,Satisfactory
2019-06-04,58,Bengaluru,6,2019,Satisfactory
2019-06-05,65,Bengaluru,6,2019,Satisfactory
2019-06-06,58,Bengaluru,6,2019,Satisfactory
2019-06-07,80,Bengaluru,6,2019,Satisfactory
2019-06-08,53,Bengaluru,6,2019,Satisfactory
2019-06-09,55,Bengaluru,6,2019,Satisfactory
2019-06-10,43,Bengaluru,6,2019,Good
2019-06-11,41,Bengaluru,6,2019,Good
2019-06-12,47,Bengaluru,6,2019,Good
2019-06-13,39,Bengaluru,6,2019,Good
2019-06-14,52,Bengaluru,6,2019,Satisfactory
2019-06-15,55,Bengaluru,6,2019,Satisfactory
2019-06-16,57,Bengaluru,6,2019,Satisfactory
2019-06-17,52,Bengaluru,6,2019,Satisfactory
2019-06-18,64,Bengaluru,6,2019,Satisfactory
2019-06-19,76,Bengaluru,6,2019,Satisfactory
2019-06-20,61,Bengaluru,6,2019,Satisfactory
2019-06-21,55,Bengaluru,6,2019,Satisfactory
2019-06-22,55,Bengaluru,6,2019,Satisfactory
2019-06-23,57,Bengaluru,6,2019,Satisfactory
2019-06-24,48,Bengaluru,6,2019,Good
2019-06-25,62,Bengaluru,6,2019,Satisfactory
2019-06-26,67,Bengaluru,6,2019,Satisfactory
2019-06-27,65,Bengaluru,6,2019,Satisfactory
2019-06-28,69,Bengaluru,6,2019,Satisfactory
2019-06-29,78,Bengaluru,6,2019,Satisfactory
2019-06-30,62,Bengaluru,6,2019,Satisfactory
2019-07-01,62,Bengaluru,7,2019,Satisfactory
2019-07-02,62,Bengaluru,7,2019,Satisfactory
2019-07-03,57,Bengaluru,7,2019,Satisfactory
2019-07-04,54,Bengaluru,7,2019,Satisfactory
2019-07-05,60,Bengaluru,7,2019,Satisfactory
2019-07-06,53,Bengaluru,7,2019,Satisfactory
2019-07-07,62,Bengaluru,7,2019,Satisfactory
2019-07-08,57,Bengaluru,7,2019,Satisfactory
2019-07-09,58,Bengaluru,7,2019,Satisfactory
2019-07-10,54,Bengaluru,7,2019,Satisfactory
2019-07-11,70,Bengaluru,7,2019,Satisfactory
2019-07-12,63,Bengaluru,7,2019,Satisfactory
2019-07-13,56,Bengaluru,7,2019,Satisfactory
2019-07-14,58,Bengaluru,7,2019,Satisfactory
2019-07-15,58,Bengaluru,7,2019,Satisfactory
2019-07-16,51,Bengaluru,7,2019,Satisfactory
2019-07-17,58,Bengaluru,7,2019,Satisfactory
2019-07-18,64,Bengaluru,7,2019,Satisfactory
2019-07-19,53,Bengaluru,7,2019,Satisfactory
2019-07-20,37,Bengaluru,7,2019,Good
2019-07-21,58,Bengaluru,7,2019,Satisfactory
2019-07-22,45,Bengaluru,7,2019,Good
2019-07-23,42,Bengaluru,7,2019,Good
2019-07-24,54,Bengaluru,7,2019,Satisfactory
2019-07-25,56,Bengaluru,7,2019,Satisfactory
2019-07-26,54,Bengaluru,7,2019,Satisfactory
2019-07-27,52,Bengaluru,7,2019,Satisfactory
2019-07-28,53,Bengaluru,7,2019,Satisfactory
2019-07-29,53,Bengaluru,7,2019,Satisfactory
2019-07-30,50,Bengaluru,7,2019,Good
2019-07-31,55,Bengaluru,7,2019,Satisfactory
2019-08-01,54,Bengaluru,8,2019,Satisfactory
2019-08-02,51,Bengaluru,8,2019,Satisfactory
2019-08-03,44,Bengaluru,8,2019,Good
2019-08-04,47,Bengaluru,8,2019,Good
2019-08-05,38,Bengaluru,8,2019,Good
2019-08-06,42,Bengaluru,8,2019,Good
2019-08-07,45,Bengaluru,8,2019,Good
2019-08-08,36,Bengaluru,8,2019,Good
2019-08-09,38,Bengaluru,8,2019,Good
2019-08-10,42,Bengaluru,8,2019,Good
2019-08-11,43,Bengaluru,8,2019,Good
2019-08-12,41,Bengaluru,8,2019,Good
2019-08-13,47,Bengaluru,8,2019,Good
2019-08-14,61,Bengaluru,8,2019,Satisfactory
2019-08-15,47,Bengaluru,8,2019,Good
2019-08-16,38,Bengaluru,8,2019,Good
2019-08-17,53,Bengaluru,8,2019,Satisfactory
2019-08-18,54,Bengaluru,8,2019,Satisfactory
2019-08-19,48,Bengaluru,8,2019,Good
2019-08-20,61,Bengaluru,8,2019,Satisfactory
2019-08-21,64,Bengaluru,8,2019,Satisfactory
2019-08-22,57,Bengaluru,8,2019,Satisfactory
2019-08-23,51,Bengaluru,8,2019,Satisfactory
2019-08-24,47,Bengaluru,8,2019,Good
2019-08-25,69,Bengaluru,8,2019,Satisfactory
2019-08-26,40,Bengaluru,8,2019,Good
2019-08-27,50,Bengaluru,8,2019,Good
2019-08-28,50,Bengaluru,8,2019,Good
2019-08-29,44,Bengaluru,8,2019,Good
2019-08-30,44,Bengaluru,8,2019,Good
2019-08-31,57,Bengaluru,8,2019,Satisfactory
2019-09-01,57,Bengaluru,9,2019,Satisfactory
2019-09-02,42,Bengaluru,9,2019,Good
2019-09-03,42,Bengaluru,9,2019,Good
2019-09-04,40,Bengaluru,9,2019,Good
2019-09-05,46,Bengaluru,9,2019,Good
2019-09-06,48,Bengaluru,9,2019,Good
2019-09-07,48,Bengaluru,9,2019,Good
2019-09-08,50,Bengaluru,9,2019,Good
2019-09-09,46,Bengaluru,9,2019,Good
2019-09-10,59,Bengaluru,9,2019,Satisfactory
2019-09-11,52,Bengaluru,9,2019,Satisfactory
2019-09-12,59,Bengaluru,9,2019,Satisfactory
2019-09-13,55,Bengaluru,9,2019,Satisfactory
2019-09-14,60,Bengaluru,9,2019,Satisfactory
2019-09-15,56,Bengaluru,9,2019,Satisfactory
2019-09-16,48,Bengaluru,9,2019,Good
2019-09-17,91,Bengaluru,9,2019,Satisfactory
2019-09-18,54,Bengaluru,9,2019,Satisfactory
2019-09-19,60,Bengaluru,9,2019,Satisfactory
2019-09-20,53,Bengaluru,9,2019,Satisfactory
2019-09-21,64,Bengaluru,9,2019,Satisfactory
2019-09-22,54,Bengaluru,9,2019,Satisfactory
2019-09-23,67,Bengaluru,9,2019,Satisfactory
2019-09-24,97,Bengaluru,9,2019,Satisfactory
2019-09-25,50,Bengaluru,9,2019,Good
2019-09-26,43,Bengaluru,9,2019,Good
2019-09-27,68,Bengaluru,9,2019,Satisfactory
2019-09-28,78,Bengaluru,9,2019,Satisfactory
2019-09-29,91,Bengaluru,9,2019,Satisfactory
2019-09-30,54,Bengaluru,9,2019,Satisfactory
2019-10-01,68,Bengaluru,10,2019,Satisfactory
2019-10-02,55,Bengaluru,10,2019,Satisfactory
2019-10-03,61,Bengaluru,10,2019,Satisfactory
2019-10-04,73,Bengaluru,10,2019,Satisfactory
2019-10-05,78,Bengaluru,10,2019,Satisfactory
2019-10-06,68,Bengaluru,10,2019,Satisfactory
2019-10-07,71,Bengaluru,10,2019,Satisfactory
2019-10-08,76,Bengaluru,10,2019,Satisfactory
2019-10-09,76,Bengaluru,10,2019,Satisfactory
2019-10-10,106,Bengaluru,10,2019,Moderate
2019-10-11,77,Bengaluru,10,2019,Satisfactory
2019-10-12,78,Bengaluru,10,2019,Satisfactory
2019-10-13,55,Bengaluru,10,2019,Satisfactory
2019-10-14,52,Bengaluru,10,2019,Satisfactory
2019-10-15,60,Bengaluru,10,2019,Satisfactory
2019-10-16,61,Bengaluru,10,2019,Satisfactory
2019-10-17,58,Bengaluru,10,2019,Satisfactory
2019-10-18,50,Bengaluru,10,2019,Good
2019-10-19,55,Bengaluru,10,2019,Satisfactory
2019-10-20,50,Bengaluru,10,2019,Good
2019-10-21,52,Bengaluru,10,2019,Satisfactory
2019-10-22,56,Bengaluru,10,2019,Satisfactory
2019-10-23,49,Bengaluru,10,2019,Good
2019-10-24,41,Bengaluru,10,2019,Good
2019-10-25,50,Bengaluru,10,2019,Good
2019-10-26,45,Bengaluru,10,2019,Good
2019-10-27,62,Bengaluru,10,2019,Satisfactory
2019-10-28,84,Bengaluru,10,2019,Satisfactory
2019-10-29,80,Bengaluru,10,2019,Satisfactory
2019-10-30,66,Bengaluru,10,2019,Satisfactory
2019-10-31,56,Bengaluru,10,2019,Satisfactory
2019-11-01,77,Bengaluru,11,2019,Satisfactory
2019-11-02,60,Bengaluru,11,2019,Satisfactory
2019-11-03,82,Bengaluru,11,2019,Satisfactory
2019-11-04,84,Bengaluru,11,2019,Satisfactory
2019-11-05,138,Bengaluru,11,2019,Moderate
2019-11-06,161,Bengaluru,11,2019,Moderate
2019-11-07,156,Bengaluru,11,2019,Moderate
2019-11-08,144,Bengaluru,11,2019,Moderate
2019-11-09,99,Bengaluru,11,2019,Satisfactory
2019-11-10,90,Bengaluru,11,2019,Satisfactory
2019-11-11,134,Bengaluru,11,2019,Moderate
2019-11-12,72,Bengaluru,11,2019,Satisfactory
2019-11-13,77,Bengaluru,11,2019,Satisfactory
2019-11-14,64,Bengaluru,11,2019,Satisfactory
2019-11-15,65,Bengaluru,11,2019,Satisfactory
2019-11-16,60,Bengaluru,11,2019,Satisfactory
2019-11-17,63,Bengaluru,11,2019,Satisfactory
2019-11-18,64,Bengaluru,11,2019,Satisfactory
2019-11-19,54,Bengaluru,11,2019,Satisfactory
2019-11-20,60,Bengaluru,11,2019,Satisfactory
2019-11-21,64,Bengaluru,11,2019,Satisfactory
2019-11-22,85,Bengaluru,11,2019,Satisfactory
2019-11-23,73,Bengaluru,11,2019,Satisfactory
2019-11-24,68,Bengaluru,11,2019,Satisfactory
2019-11-25,69,Bengaluru,11,2019,Satisfactory
2019-11-26,71,Bengaluru,11,2019,Satisfactory
2019-11-27,67,Bengaluru,11,2019,Satisfactory
2019-11-28,63,Bengaluru,11,2019,Satisfactory
2019-11-29,60,Bengaluru,11,2019,Satisfactory
2019-11-30,60,Bengaluru,11,2019,Satisfactory
2019-12-01,50,Bengaluru,12,2019,Good
2019-12-02,48,Bengaluru,12,2019,Good
2019-12-03,62,Bengaluru,12,2019,Satisfactory
2019-12-04,75,Bengaluru,12,2019,Satisfactory
2019-12-05,86,Bengaluru,12,2019,Satisfactory
2019-12-06,107,Bengaluru,12,2019,Moderate
2019-12-07,84,Bengaluru,12,2019,Satisfactory
2019-12-08,50,Bengaluru,12,2019,Good
2019-12-09,54,Bengaluru,12,2019,Satisfactory
2019-12-10,59,Bengaluru,12,2019,Satisfactory
2019-12-11,63,Bengaluru,12,2019,Satisfactory
2019-12-12,62,Bengaluru,12,2019,Satisfactory
2019-12-13,65,Bengaluru,12,2019,Satisfactory
2019-12-14,61,Bengaluru,12,2019,Satisfactory
2019-12-15,59,Bengaluru,12,2019,Satisfactory
2019-12-16,64,Bengaluru,12,2019,Satisfactory
2019-12-17,55,Bengaluru,12,2019,Satisfactory
2019-12-18,79,Bengaluru,12,2019,Satisfactory
2019-12-19,70,Bengaluru,12,2019,Satisfactory
2019-12-20,82,Bengaluru,12,2019,Satisfactory
2019-12-21,88,Bengaluru,12,2019,Satisfactory
2019-12-22,80,Bengaluru,12,2019,Satisfactory
2019-12-23,82,Bengaluru,12,2019,Satisfactory
2019-12-24,77,Bengaluru,12,2019,Satisfactory
2019-12-25,62,Bengaluru,12,2019,Satisfactory
2019-12-26,101,Bengaluru,12,2019,Moderate
2019-12-27,86,Bengaluru,12,2019,Satisfactory
2019-12-28,72,Bengaluru,12,2019,Satisfactory
2019-12-29,77,Bengaluru,12,2019,Satisfactory
2019-12-30,90,Bengaluru,12,2019,Satisfactory
2019-12-31,81,Bengaluru,12,2019,Satisfactory
2020-01-01,76,Bengaluru,1,2020,Satisfactory
2020-01-02,69,Bengaluru,1,2020,Satisfactory
2020-01-03,68,Bengaluru,1,2020,Satisfactory
2020-01-04,85,Bengaluru,1,2020,Satisfactory
2020-01-05,120,Bengaluru,1,2020,Moderate
2020-01-06,67,Bengaluru,1,2020,Satisfactory
2020-01-07,60,Bengaluru,1,2020,Satisfactory
2020-01-08,95,Bengaluru,1,2020,Satisfactory
2020-01-09,84,Bengaluru,1,2020,Satisfactory
2020-01-10,84,Bengaluru,1,2020,Satisfactory
2020-01-11,67,Bengaluru,1,2020,Satisfactory
2020-01-12,71,Bengaluru,1,2020,Satisfactory
2020-01-13,106,Bengaluru,1,2020,Moderate
2020-01-14,121,Bengaluru,1,2020,Moderate
2020-01-15,100,Bengaluru,1,2020,Satisfactory
2020-01-16,119,Bengaluru,1,2020,Moderate
2020-01-17,95,Bengaluru,1,2020,Satisfactory
2020-01-18,74,Bengaluru,1,2020,Satisfactory
2020-01-19,62,Bengaluru,1,2020,Satisfactory
2020-01-20,72,Bengaluru,1,2020,Satisfactory
2020-01-21,85,Bengaluru,1,2020,Satisfactory
2020-01-22,68,Bengaluru,1,2020,Satisfactory
2020-01-23,66,Bengaluru,1,2020,Satisfactory
2020-01-24,94,Bengaluru,1,2020,Satisfactory
2020-01-25,89,Bengaluru,1,2020,Satisfactory
2020-01-26,87,Bengaluru,1,2020,Satisfactory
2020-01-27,81,Bengaluru,1,2020,Satisfactory
2020-01-28,96,Bengaluru,1,2020,Satisfactory
2020-01-29,116,Bengaluru,1,2020,Moderate
2020-01-30,102,Bengaluru,1,2020,Moderate
2020-01-31,111,Bengaluru,1,2020,Moderate
2020-02-01,99,Bengaluru,2,2020,Satisfactory
2020-02-02,86,Bengaluru,2,2020,Satisfactory
2020-02-03,71,Bengaluru,2,2020,Satisfactory
2020-02-04,72,Bengaluru,2,2020,Satisfactory
2020-02-05,72,Bengaluru,2,2020,Satisfactory
2020-02-06,90,Bengaluru,2,2020,Satisfactory
2020-02-07,92,Bengaluru,2,2020,Satisfactory
2020-02-08,105,Bengaluru,2,2020,Moderate
2020-02-09,93,Bengaluru,2,2020,Satisfactory
2020-02-10,87,Bengaluru,2,2020,Satisfactory
2020-02-11,66,Bengaluru,2,2020,Satisfactory
2020-02-12,73,Bengaluru,2,2020,Satisfactory
2020-02-13,76,Bengaluru,2,2020,Satisfactory
2020-02-14,107,Bengaluru,2,2020,Moderate
2020-02-15,123,Bengaluru,2,2020,Moderate
2020-02-16,110,Bengaluru,2,2020,Moderate
2020-02-17,92,Bengaluru,2,2020,Satisfactory
2020-02-18,91,Bengaluru,2,2020,Satisfactory
2020-02-19,89,Bengaluru,2,2020,Satisfactory
2020-02-20,89,Bengaluru,2,2020,Satisfactory
2020-02-21,76,Bengaluru,2,2020,Satisfactory
2020-02-22,74,Bengaluru,2,2020,Satisfactory
2020-02-23,80,Bengaluru,2,2020,Satisfactory
2020-02-24,72,Bengaluru,2,2020,Satisfactory
2020-02-25,102,Bengaluru,2,2020,Moderate
2020-02-26,94,Bengaluru,2,2020,Satisfactory
2020-02-27,91,Bengaluru,2,2020,Satisfactory
2020-02-28,90,Bengaluru,2,2020,Satisfactory
2020-03-01,86,Bengaluru,3,2020,Satisfactory
2020-03-02,128,Bengaluru,3,2020,Moderate
2020-03-03,161,Bengaluru,3,2020,Moderate
2020-03-04,129,Bengaluru,3,2020,Moderate
2020-03-05,121,Bengaluru,3,2020,Moderate
2020-03-06,91,Bengaluru,3,2020,Satisfactory
2020-03-07,86,Bengaluru,3,2020,Satisfactory
2020-03-08,85,Bengaluru,3,2020,Satisfactory
2020-03-09,90,Bengaluru,3,2020,Satisfactory
2020-03-10,84,Bengaluru,3,2020,Satisfactory
2020-03-11,88,Bengaluru,3,2020,Satisfactory
2020-03-12,85,Bengaluru,3,2020,Satisfactory
2020-03-13,81,Bengaluru,3,2020,Satisfactory
2020-03-14,76,Bengaluru,3,2020,Satisfactory
2020-03-15,80,Bengaluru,3,2020,Satisfactory
2020-03-16,67,Bengaluru,3,2020,Satisfactory
2020-03-17,75,Bengaluru,3,2020,Satisfactory
2020-03-18,71,Bengaluru,3,2020,Satisfactory
2020-03-19,84,Bengaluru,3,2020,Satisfactory
2020-03-20,94,Bengaluru,3,2020,Satisfactory
2020-03-21,105,Bengaluru,3,2020,Moderate
2020-03-22,79,Bengaluru,3,2020,Satisfactory
2020-03-23,78,Bengaluru,3,2020,Satisfactory
2020-03-24,111,Bengaluru,3,2020,Moderate
2020-03-25,57,Bengaluru,3,2020,Satisfactory
2020-03-26,58,Bengaluru,3,2020,Satisfactory
2020-03-27,54,Bengaluru,3,2020,Satisfactory
2020-03-28,53,Bengaluru,3,2020,Satisfactory
2020-03-29,57,Bengaluru,3,2020,Satisfactory
2020-03-30,63,Bengaluru,3,2020,Satisfactory
2020-03-31,55,Bengaluru,3,2020,Satisfactory
2020-04-01,52,Bengaluru,4,2020,Satisfactory
2020-04-02,59,Bengaluru,4,2020,Satisfactory
2020-04-03,69,Bengaluru,4,2020,Satisfactory
2020-04-04,64,Bengaluru,4,2020,Satisfactory
2020-04-05,64,Bengaluru,4,2020,Satisfactory
2020-04-06,58,Bengaluru,4,2020,Satisfactory
2020-04-07,48,Bengaluru,4,2020,Good
2020-04-08,52,Bengaluru,4,2020,Satisfactory
2020-04-09,54,Bengaluru,4,2020,Satisfactory
2020-04-10,55,Bengaluru,4,2020,Satisfactory
2020-04-11,49,Bengaluru,4,2020,Good
2020-04-12,58,Bengaluru,4,2020,Satisfactory
2020-04-13,49,Bengaluru,4,2020,Good
2020-04-14,58,Bengaluru,4,2020,Satisfactory
2020-04-15,64,Bengaluru,4,2020,Satisfactory
2020-04-16,52,Bengaluru,4,2020,Satisfactory
2020-04-17,66,Bengaluru,4,2020,Satisfactory
2020-04-18,68,Bengaluru,4,2020,Satisfactory
2020-04-19,52,Bengaluru,4,2020,Satisfactory
2020-04-20,41,Bengaluru,4,2020,Good
2020-04-21,59,Bengaluru,4,2020,Satisfactory
2020-04-22,55,Bengaluru,4,2020,Satisfactory
2020-04-23,59,Bengaluru,4,2020,Satisfactory
2020-04-24,65,Bengaluru,4,2020,Satisfactory
2020-04-25,58,Bengaluru,4,2020,Satisfactory
2020-04-26,58,Bengaluru,4,2020,Satisfactory
2020-04-27,43,Bengaluru,4,2020,Good
2020-04-28,60,Bengaluru,4,2020,Satisfactory
2020-04-29,48,Bengaluru,4,2020,Good
2020-04-30,50,Bengaluru,4,2020,Good
2020-05-01,61,Bengaluru,5,2020,Satisfactory
2020-05-02,58,Bengaluru,5,2020,Satisfactory
2020-05-03,56,Bengaluru,5,2020,Satisfactory
2020-05-04,66,Bengaluru,5,2020,Satisfactory
2020-05-05,78,Bengaluru,5,2020,Satisfactory
2020-05-06,71,Bengaluru,5,2020,Satisfactory
2020-05-07,70,Bengaluru,5,2020,Satisfactory
2020-05-08,58,Bengaluru,5,2020,Satisfactory
2020-05-09,64,Bengaluru,5,2020,Satisfactory
2020-05-10,68,Bengaluru,5,2020,Satisfactory
2020-05-11,60,Bengaluru,5,2020,Satisfactory
2020-05-12,75,Bengaluru,5,2020,Satisfactory
2020-05-13,51,Bengaluru,5,2020,Satisfactory
2020-05-14,56,Bengaluru,5,2020,Satisfactory
2020-05-15,50,Bengaluru,5,2020,Good
2020-05-16,59,Bengaluru,5,2020,Satisfactory
2020-05-17,55,Bengaluru,5,2020,Satisfactory
2020-05-18,54,Bengaluru,5,2020,Satisfactory
2020-05-19,66,Bengaluru,5,2020,Satisfactory
2020-05-20,78,Bengaluru,5,2020,Satisfactory
2020-05-21,56,Bengaluru,5,2020,Satisfactory
2020-05-22,55,Bengaluru,5,2020,Satisfactory
2020-05-23,56,Bengaluru,5,2020,Satisfactory
2020-05-24,57,Bengaluru,5,2020,Satisfactory
2020-05-25,55,Bengaluru,5,2020,Satisfactory
2020-05-26,58,Bengaluru,5,2020,Satisfactory
2020-05-27,60,Bengaluru,5,2020,Satisfactory
2020-05-28,58,Bengaluru,5,2020,Satisfactory
2020-05-29,49,Bengaluru,5,2020,Good
2020-05-30,56,Bengaluru,5,2020,Satisfactory
2020-05-31,54,Bengaluru,5,2020,Satisfactory
2020-06-01,36,Bengaluru,6,2020,Good
2020-06-02,32,Bengaluru,6,2020,Good
2020-06-03,36,Bengaluru,6,2020,Good
2020-06-04,34,Bengaluru,6,2020,Good
2020-06-05,51,Bengaluru,6,2020,Satisfactory
2020-06-06,60,Bengaluru,6,2020,Satisfactory
2020-06-07,50,Bengaluru,6,2020,Good
2020-06-08,47,Bengaluru,6,2020,Good
2020-06-09,53,Bengaluru,6,2020,Satisfactory
2020-06-10,72,Bengaluru,6,2020,Satisfactory
2020-06-11,42,Bengaluru,6,2020,Good
2020-06-12,42,Bengaluru,6,2020,Good
2020-06-13,45,Bengaluru,6,2020,Good
2020-06-14,42,Bengaluru,6,2020,Good
2020-06-15,36,Bengaluru,6,2020,Good
2020-06-16,53,Bengaluru,6,2020,Satisfactory
2020-06-17,54,Bengaluru,6,2020,Satisfactory
2020-06-18,62,Bengaluru,6,2020,Satisfactory
2020-06-19,60,Bengaluru,6,2020,Satisfactory
2020-06-20,52,Bengaluru,6,2020,Satisfactory
2020-06-21,46,Bengaluru,6,2020,Good
2020-06-22,41,Bengaluru,6,2020,Good
2020-06-23,47,Bengaluru,6,2020,Good
2020-06-24,57,Bengaluru,6,2020,Satisfactory
2020-06-25,44,Bengaluru,6,2020,Good
2020-06-26,40,Bengaluru,6,2020,Good
2020-06-27,35,Bengaluru,6,2020,Good
2020-06-28,46,Bengaluru,6,2020,Good
2020-06-29,51,Bengaluru,6,2020,Satisfactory
2020-06-30,36,Bengaluru,6,2020,Good
2020-07-01,41,Bengaluru,7,2020,Good
2020-07-02,36,Bengaluru,7,2020,Good
2020-07-03,38,Bengaluru,7,2020,Good
2020-07-04,36,Bengaluru,7,2020,Good
2020-07-05,42,Bengaluru,7,2020,Good
2020-07-06,38,Bengaluru,7,2020,Good
2020-07-07,42,Bengaluru,7,2020,Good
2020-07-08,44,Bengaluru,7,2020,Good
2020-07-09,35,Bengaluru,7,2020,Good
2020-07-10,34,Bengaluru,7,2020,Good
2020-07-11,40,Bengaluru,7,2020,Good
2020-07-12,36,Bengaluru,7,2020,Good
2020-07-13,38,Bengaluru,7,2020,Good
2020-07-14,38,Bengaluru,7,2020,Good
2020-07-15,34,Bengaluru,7,2020,Good
2020-07-16,30,Bengaluru,7,2020,Good
2020-07-17,34,Bengaluru,7,2020,Good
2020-07-18,35,Bengaluru,7,2020,Good
2020-07-19,33,Bengaluru,7,2020,Good
2020-07-20,40,Bengaluru,7,2020,Good
2020-07-21,31,Bengaluru,7,2020,Good
2020-07-22,47,Bengaluru,7,2020,Good
2020-07-23,49,Bengaluru,7,2020,Good
2020-07-24,40,Bengaluru,7,2020,Good
2020-07-25,40,Bengaluru,7,2020,Good
2020-07-26,37,Bengaluru,7,2020,Good
2020-07-27,39,Bengaluru,7,2020,Good
2020-07-28,40,Bengaluru,7,2020,Good
2020-07-29,43,Bengaluru,7,2020,Good
2020-07-30,53,Bengaluru,7,2020,Satisfactory
2020-07-31,36,Bengaluru,7,2020,Good
2020-08-01,29,Bengaluru,8,2020,Good
2020-08-02,43,Bengaluru,8,2020,Good
2020-08-03,36,Bengaluru,8,2020,Good
2020-08-04,35,Bengaluru,8,2020,Good
2020-08-05,35,Bengaluru,8,2020,Good
2020-08-06,41,Bengaluru,8,2020,Good
2020-08-07,41,Bengaluru,8,2020,Good
2020-08-08,42,Bengaluru,8,2020,Good
2020-08-09,36,Bengaluru,8,2020,Good
2020-08-10,34,Bengaluru,8,2020,Good
2020-08-11,55,Bengaluru,8,2020,Satisfactory
2020-08-12,48,Bengaluru,8,2020,Good
2020-08-13,60,Bengaluru,8,2020,Satisfactory
2020-08-14,60,Bengaluru,8,2020,Satisfactory
2020-08-15,54,Bengaluru,8,2020,Satisfactory
2020-08-16,55,Bengaluru,8,2020,Satisfactory
2020-08-17,49,Bengaluru,8,2020,Good
2020-08-18,43,Bengaluru,8,2020,Good
2020-08-19,46,Bengaluru,8,2020,Good
2020-08-20,51,Bengaluru,8,2020,Satisfactory
2020-08-21,52,Bengaluru,8,2020,Satisfactory
2020-08-22,47,Bengaluru,8,2020,Good
2020-08-23,39,Bengaluru,8,2020,Good
2020-08-24,49,Bengaluru,8,2020,Good
2020-08-25,46,Bengaluru,8,2020,Good
2020-08-26,55,Bengaluru,8,2020,Satisfactory
2020-08-27,55,Bengaluru,8,2020,Satisfactory
2020-08-28,55,Bengaluru,8,2020,Satisfactory
2020-08-29,65,Bengaluru,8,2020,Satisfactory
2020-08-30,57,Bengaluru,8,2020,Satisfactory
2020-08-31,61,Bengaluru,8,2020,Satisfactory
2020-09-01,52,Bengaluru,9,2020,Satisfactory
2020-09-02,76,Bengaluru,9,2020,Satisfactory
2020-09-03,50,Bengaluru,9,2020,Good
2020-09-04,47,Bengaluru,9,2020,Good
2020-09-05,64,Bengaluru,9,2020,Satisfactory
2020-09-06,69,Bengaluru,9,2020,Satisfactory
2020-09-07,48,Bengaluru,9,2020,Good
2020-09-08,39,Bengaluru,9,2020,Good
2020-09-09,35,Bengaluru,9,2020,Good
2020-09-10,34,Bengaluru,9,2020,Good
2020-09-11,34,Bengaluru,9,2020,Good
2020-09-12,33,Bengaluru,9,2020,Good
2020-09-13,66,Bengaluru,9,2020,Satisfactory
2020-09-14,40,Bengaluru,9,2020,Good
2020-09-15,47,Bengaluru,9,2020,Good
2020-09-16,40,Bengaluru,9,2020,Good
2020-09-17,56,Bengaluru,9,2020,Satisfactory
2020-09-18,46,Bengaluru,9,2020,Good
2020-09-19,47,Bengaluru,9,2020,Good
2020-09-20,38,Bengaluru,9,2020,Good
2020-09-21,32,Bengaluru,9,2020,Good
2020-09-22,41,Bengaluru,9,2020,Good
2020-09-23,48,Bengaluru,9,2020,Good
2020-09-24,65,Bengaluru,9,2020,Satisfactory
2020-09-25,46,Bengaluru,9,2020,Good
2020-09-26,50,Bengaluru,9,2020,Good
2020-09-27,49,Bengaluru,9,2020,Good
2020-09-28,55,Bengaluru,9,2020,Satisfactory
2020-09-29,62,Bengaluru,9,2020,Satisfactory
2020-09-30,50,Bengaluru,9,2020,Good
2020-10-01,50,Bengaluru,10,2020,Good
2020-10-02,56,Bengaluru,10,2020,Satisfactory
2020-10-03,48,Bengaluru,10,2020,Good
2020-10-04,59,Bengaluru,10,2020,Satisfactory
2020-10-05,47,Bengaluru,10,2020,Good
2020-10-06,63,Bengaluru,10,2020,Satisfactory
2020-10-07,60,Bengaluru,10,2020,Satisfactory
2020-10-08,72,Bengaluru,10,2020,Satisfactory
2020-10-09,76,Bengaluru,10,2020,Satisfactory
2020-10-10,57,Bengaluru,10,2020,Satisfactory
2020-10-11,42,Bengaluru,10,2020,Good
2020-10-12,43,Bengaluru,10,2020,Good
2020-10-13,51,Bengaluru,10,2020,Satisfactory
2020-10-14,43,Bengaluru,10,2020,Good
2020-10-15,45,Bengaluru,10,2020,Good
2020-10-16,58,Bengaluru,10,2020,Satisfactory
2020-10-17,80,Bengaluru,10,2020,Satisfactory
2020-10-18,72,Bengaluru,10,2020,Satisfactory
2020-10-19,70,Bengaluru,10,2020,Satisfactory
2020-10-20,76,Bengaluru,10,2020,Satisfactory
2020-10-21,56,Bengaluru,10,2020,Satisfactory
2020-10-22,59,Bengaluru,10,2020,Satisfactory
2020-10-23,50,Bengaluru,10,2020,Good
2020-10-24,44,Bengaluru,10,2020,Good
2020-10-25,67,Bengaluru,10,2020,Satisfactory
2020-10-26,78,Bengaluru,10,2020,Satisfactory
2020-10-27,89,Bengaluru,10,2020,Satisfactory
2020-10-28,96,Bengaluru,10,2020,Satisfactory
2020-10-29,95,Bengaluru,10,2020,Satisfactory
2020-10-30,77,Bengaluru,10,2020,Satisfactory
2020-10-31,101,Bengaluru,10,2020,Moderate
2020-11-01,114,Bengaluru,11,2020,Moderate
2020-11-02,140,Bengaluru,11,2020,Moderate
2020-11-03,119,Bengaluru,11,2020,Moderate
2020-11-04,94,Bengaluru,11,2020,Satisfactory
2020-11-05,73,Bengaluru,11,2020,Satisfactory
2020-11-06,74,Bengaluru,11,2020,Satisfactory
2020-11-07,53,Bengaluru,11,2020,Satisfactory
2020-11-08,59,Bengaluru,11,2020,Satisfactory
2020-11-09,108,Bengaluru,11,2020,Moderate
2020-11-10,93,Bengaluru,11,2020,Satisfactory
2020-11-11,87,Bengaluru,11,2020,Satisfactory
2020-11-12,63,Bengaluru,11,2020,Satisfactory
2020-11-13,55,Bengaluru,11,2020,Satisfactory
2020-11-14,48,Bengaluru,11,2020,Good
2020-11-15,58,Bengaluru,11,2020,Satisfactory
2020-11-16,42,Bengaluru,11,2020,Good
2020-11-17,43,Bengaluru,11,2020,Good
2020-11-18,46,Bengaluru,11,2020,Good
2020-11-19,57,Bengaluru,11,2020,Satisfactory
2020-11-20,52,Bengaluru,11,2020,Satisfactory
2020-11-21,68,Bengaluru,11,2020,Satisfactory
2020-11-22,73,Bengaluru,11,2020,Satisfactory
2020-11-23,72,Bengaluru,11,2020,Satisfactory
2020-11-24,67,Bengaluru,11,2020,Satisfactory
2020-11-25,84,Bengaluru,11,2020,Satisfactory
2020-11-26,44,Bengaluru,11,2020,Good
2020-11-27,48,Bengaluru,11,2020,Good
2020-11-28,50,Bengaluru,11,2020,Good
2020-11-29,57,Bengaluru,11,2020,Satisfactory
2020-11-30,53,Bengaluru,11,2020,Satisfactory
2020-12-01,63,Bengaluru,12,2020,Satisfactory
2020-12-02,65,Bengaluru,12,2020,Satisfactory
2020-12-03,62,Bengaluru,12,2020,Satisfactory
2020-12-04,63,Bengaluru,12,2020,Satisfactory
2020-12-05,49,Bengaluru,12,2020,Good
2020-12-06,51,Bengaluru,12,2020,Satisfactory
2020-12-07,44,Bengaluru,12,2020,Good
2020-12-08,52,Bengaluru,12,2020,Satisfactory
2020-12-09,50,Bengaluru,12,2020,Good
2020-12-10,57,Bengaluru,12,2020,Satisfactory
2020-12-11,81,Bengaluru,12,2020,Satisfactory
2020-12-12,83,Bengaluru,12,2020,Satisfactory
2020-12-13,103,Bengaluru,12,2020,Moderate
2020-12-14,104,Bengaluru,12,2020,Moderate
2020-12-15,104,Bengaluru,12,2020,Moderate
2020-12-16,84,Bengaluru,12,2020,Satisfactory
2020-12-17,68,Bengaluru,12,2020,Satisfactory
2020-12-18,69,Bengaluru,12,2020,Satisfactory
2020-12-19,92,Bengaluru,12,2020,Satisfactory
2020-12-20,106,Bengaluru,12,2020,Moderate
2020-12-21,120,Bengaluru,12,2020,Moderate
2020-12-22,117,Bengaluru,12,2020,Moderate
2020-12-23,94,Bengaluru,12,2020,Satisfactory
2020-12-24,90,Bengaluru,12,2020,Satisfactory
2020-12-25,102,Bengaluru,12,2020,Moderate
2020-12-26,88,Bengaluru,12,2020,Satisfactory
2020-12-27,110,Bengaluru,12,2020,Moderate
2020-12-28,111,Bengaluru,12,2020,Moderate
2020-12-29,122,Bengaluru,12,2020,Moderate
2020-12-30,101,Bengaluru,12,2020,Moderate
2020-12-31,81,Bengaluru,12,2020,Satisfactory
2021-01-01,98,Bengaluru,1,2021,Satisfactory
2021-01-02,107,Bengaluru,1,2021,Moderate
2021-01-03,80,Bengaluru,1,2021,Satisfactory
2021-01-04,80,Bengaluru,1,2021,Satisfactory
2021-01-05,58,Bengaluru,1,2021,Satisfactory
2021-01-06,38,Bengaluru,1,2021,Good
2021-01-07,43,Bengaluru,1,2021,Good
2021-01-08,58,Bengaluru,1,2021,Satisfactory
2021-01-09,48,Bengaluru,1,2021,Good
2021-01-10,81,Bengaluru,1,2021,Satisfactory
2021-01-11,64,Bengaluru,1,2021,Satisfactory
2021-01-12,63,Bengaluru,1,2021,Satisfactory
2021-01-13,82,Bengaluru,1,2021,Satisfactory
2021-01-14,75,Bengaluru,1,2021,Satisfactory
2021-01-15,82,Bengaluru,1,2021,Satisfactory
2021-01-16,87,Bengaluru,1,2021,Satisfactory
2021-01-17,84,Bengaluru,1,2021,Satisfactory
2021-01-18,71,Bengaluru,1,2021,Satisfactory
2021-01-19,80,Bengaluru,1,2021,Satisfactory
2021-01-20,96,Bengaluru,1,2021,Satisfactory
2021-01-21,98,Bengaluru,1,2021,Satisfactory
2021-01-22,79,Bengaluru,1,2021,Satisfactory
2021-01-23,104,Bengaluru,1,2021,Moderate
2021-01-24,94,Bengaluru,1,2021,Satisfactory
2021-01-25,85,Bengaluru,1,2021,Satisfactory
2021-01-26,76,Bengaluru,1,2021,Satisfactory
2021-01-27,80,Bengaluru,1,2021,Satisfactory
2021-01-28,110,Bengaluru,1,2021,Moderate
2021-01-29,106,Bengaluru,1,2021,Moderate
2021-01-30,111,Bengaluru,1,2021,Moderate
2021-01-31,103,Bengaluru,1,2021,Moderate
2021-02-01,87,Bengaluru,2,2021,Satisfactory
2021-02-02,92,Bengaluru,2,2021,Satisfactory
2021-02-03,107,Bengaluru,2,2021,Moderate
2021-02-04,91,Bengaluru,2,2021,Satisfactory
2021-02-05,84,Bengaluru,2,2021,Satisfactory
2021-02-06,88,Bengaluru,2,2021,Satisfactory
2021-02-07,86,Bengaluru,2,2021,Satisfactory
2021-02-08,87,Bengaluru,2,2021,Satisfactory
2021-02-09,85,Bengaluru,2,2021,Satisfactory
2021-02-10,86,Bengaluru,2,2021,Satisfactory
2021-02-11,101,Bengaluru,2,2021,Moderate
2021-02-12,95,Bengaluru,2,2021,Satisfactory
2021-02-13,86,Bengaluru,2,2021,Satisfactory
2021-02-14,106,Bengaluru,2,2021,Moderate
2021-02-15,92,Bengaluru,2,2021,Satisfactory
2021-02-16,95,Bengaluru,2,2021,Satisfactory
2021-02-17,85,Bengaluru,2,2021,Satisfactory
2021-02-18,79,Bengaluru,2,2021,Satisfactory
2021-02-19,88,Bengaluru,2,2021,Satisfactory
2021-02-20,57,Bengaluru,2,2021,Satisfactory
2021-02-21,47,Bengaluru,2,2021,Good
2021-02-22,49,Bengaluru,2,2021,Good
2021-02-23,56,Bengaluru,2,2021,Satisfactory
2021-02-24,77,Bengaluru,2,2021,Satisfactory
2021-02-25,80,Bengaluru,2,2021,Satisfactory
2021-02-26,109,Bengaluru,2,2021,Moderate
2021-02-27,102,Bengaluru,2,2021,Moderate
2021-02-28,89,Bengaluru,2,2021,Satisfactory
2021-03-01,79,Bengaluru,3,2021,Satisfactory
2021-03-02,88,Bengaluru,3,2021,Satisfactory
2021-03-03,102,Bengaluru,3,2021,Moderate
2021-03-04,86,Bengaluru,3,2021,Satisfactory
2021-03-05,70,Bengaluru,3,2021,Satisfactory
2021-03-06,75,Bengaluru,3,2021,Satisfactory
2021-03-07,84,Bengaluru,3,2021,Satisfactory
2021-03-08,58,Bengaluru,3,2021,Satisfactory
2021-03-09,55,Bengaluru,3,2021,Satisfactory
2021-03-10,50,Bengaluru,3,2021,Good
2021-03-11,55,Bengaluru,3,2021,Satisfactory
2021-03-12,62,Bengaluru,3,2021,Satisfactory
2021-03-13,68,Bengaluru,3,2021,Satisfactory
2021-03-14,67,Bengaluru,3,2021,Satisfactory
2021-03-15,65,Bengaluru,3,2021,Satisfactory
2021-03-16,84,Bengaluru,3,2021,Satisfactory
2021-03-17,84,Bengaluru,3,2021,Satisfactory
2021-03-18,92,Bengaluru,3,2021,Satisfactory
2021-03-19,101,Bengaluru,3,2021,Moderate
2021-03-20,90,Bengaluru,3,2021,Satisfactory
2021-03-21,96,Bengaluru,3,2021,Satisfactory
2021-03-22,96,Bengaluru,3,2021,Satisfactory
2021-03-23,93,Bengaluru,3,2021,Satisfactory
2021-03-24,84,Bengaluru,3,2021,Satisfactory
2021-03-25,79,Bengaluru,3,2021,Satisfactory
2021-03-26,94,Bengaluru,3,2021,Satisfactory
2021-03-27,96,Bengaluru,3,2021,Satisfactory
2021-03-28,104,Bengaluru,3,2021,Moderate
2021-03-29,92,Bengaluru,3,2021,Satisfactory
2021-03-30,82,Bengaluru,3,2021,Satisfactory
2021-03-31,108,Bengaluru,3,2021,Moderate
2021-04-01,94,Bengaluru,4,2021,Satisfactory
2021-04-02,83,Bengaluru,4,2021,Satisfactory
2021-04-03,104,Bengaluru,4,2021,Moderate
2021-04-04,114,Bengaluru,4,2021,Moderate
2021-04-05,111,Bengaluru,4,2021,Moderate
2021-04-06,114,Bengaluru,4,2021,Moderate
2021-04-07,101,Bengaluru,4,2021,Moderate
2021-04-08,105,Bengaluru,4,2021,Moderate
2021-04-09,102,Bengaluru,4,2021,Moderate
2021-04-10,103,Bengaluru,4,2021,Moderate
2021-04-11,82,Bengaluru,4,2021,Satisfactory
2021-04-12,67,Bengaluru,4,2021,Satisfactory
2021-04-13,59,Bengaluru,4,2021,Satisfactory
2021-04-14,65,Bengaluru,4,2021,Satisfactory
2021-04-15,72,Bengaluru,4,2021,Satisfactory
2021-04-16,64,Bengaluru,4,2021,Satisfactory
2021-04-17,78,Bengaluru,4,2021,Satisfactory
2021-04-18,78,Bengaluru,4,2021,Satisfactory
2021-04-19,75,Bengaluru,4,2021,Satisfactory
2021-04-20,89,Bengaluru,4,2021,Satisfactory
2021-04-21,101,Bengaluru,4,2021,Moderate
2021-04-22,80,Bengaluru,4,2021,Satisfactory
2021-04-23,87,Bengaluru,4,2021,Satisfactory
2021-04-24,62,Bengaluru,4,2021,Satisfactory
2021-04-25,65,Bengaluru,4,2021,Satisfactory
2021-04-26,82,Bengaluru,4,2021,Satisfactory
2021-04-27,95,Bengaluru,4,2021,Satisfactory
2021-04-28,104,Bengaluru,4,2021,Moderate
2021-04-29,88,Bengaluru,4,2021,Satisfactory
2021-04-30,80,Bengaluru,4,2021,Satisfactory
2021-05-01,93,Bengaluru,5,2021,Satisfactory
2021-05-02,78,Bengaluru,5,2021,Satisfactory
2021-05-03,54,Bengaluru,5,2021,Satisfactory
2021-05-04,64,Bengaluru,5,2021,Satisfactory
2021-05-05,68,Bengaluru,5,2021,Satisfactory
2021-05-06,61,Bengaluru,5,2021,Satisfactory
2021-05-07,52,Bengaluru,5,2021,Satisfactory
2021-05-08,61,Bengaluru,5,2021,Satisfactory
2021-05-09,51,Bengaluru,5,2021,Satisfactory
2021-05-10,53,Bengaluru,5,2021,Satisfactory
2021-05-11,54,Bengaluru,5,2021,Satisfactory
2021-05-12,57,Bengaluru,5,2021,Satisfactory
2021-05-13,46,Bengaluru,5,2021,Good
2021-05-14,43,Bengaluru,5,2021,Good
2021-05-15,43,Bengaluru,5,2021,Good
2021-05-16,48,Bengaluru,5,2021,Good
2021-05-17,43,Bengaluru,5,2021,Good
2021-05-18,54,Bengaluru,5,2021,Satisfactory
2021-05-19,33,Bengaluru,5,2021,Good
2021-05-20,35,Bengaluru,5,2021,Good
2021-05-21,33,Bengaluru,5,2021,Good
2021-05-22,38,Bengaluru,5,2021,Good
2021-05-23,38,Bengaluru,5,2021,Good
2021-05-24,50,Bengaluru,5,2021,Good
2021-05-25,46,Bengaluru,5,2021,Good
2021-05-26,44,Bengaluru,5,2021,Good
2021-05-27,62,Bengaluru,5,2021,Satisfactory
2021-05-28,59,Bengaluru,5,2021,Satisfactory
2021-05-29,49,Bengaluru,5,2021,Good
2021-05-30,45,Bengaluru,5,2021,Good
2021-05-31,38,Bengaluru,5,2021,Good
2021-06-01,38,Bengaluru,6,2021,Good
2021-06-02,42,Bengaluru,6,2021,Good
2021-06-03,52,Bengaluru,6,2021,Satisfactory
2021-06-04,44,Bengaluru,6,2021,Good
2021-06-05,32,Bengaluru,6,2021,Good
2021-06-06,39,Bengaluru,6,2021,Good
2021-06-07,46,Bengaluru,6,2021,Good
2021-06-08,51,Bengaluru,6,2021,Satisfactory
2021-06-09,46,Bengaluru,6,2021,Good
2021-06-10,42,Bengaluru,6,2021,Good
2021-06-11,42,Bengaluru,6,2021,Good
2021-06-12,47,Bengaluru,6,2021,Good
2021-06-13,48,Bengaluru,6,2021,Good
2021-06-14,36,Bengaluru,6,2021,Good
2021-06-15,36,Bengaluru,6,2021,Good
2021-06-16,57,Bengaluru,6,2021,Satisfactory
2021-06-17,61,Bengaluru,6,2021,Satisfactory
2021-06-18,67,Bengaluru,6,2021,Satisfactory
2021-06-19,78,Bengaluru,6,2021,Satisfactory
2021-06-20,80,Bengaluru,6,2021,Satisfactory
2021-06-21,64,Bengaluru,6,2021,Satisfactory
2021-06-22,64,Bengaluru,6,2021,Satisfactory
2021-06-23,95,Bengaluru,6,2021,Satisfactory
2021-06-24,81,Bengaluru,6,2021,Satisfactory
2021-06-25,90,Bengaluru,6,2021,Satisfactory
2021-06-26,67,Bengaluru,6,2021,Satisfactory
2021-06-27,41,Bengaluru,6,2021,Good
2021-06-28,45,Bengaluru,6,2021,Good
2021-06-29,63,Bengaluru,6,2021,Satisfactory
2021-06-30,52,Bengaluru,6,2021,Satisfactory
2021-07-01,53,Bengaluru,7,2021,Satisfactory
2021-07-02,50,Bengaluru,7,2021,Good
2021-07-03,54,Bengaluru,7,2021,Satisfactory
2021-07-04,47,Bengaluru,7,2021,Good
2021-07-05,42,Bengaluru,7,2021,Good
2021-07-06,46,Bengaluru,7,2021,Good
2021-07-07,61,Bengaluru,7,2021,Satisfactory
2021-07-08,54,Bengaluru,7,2021,Satisfactory
2021-07-09,70,Bengaluru,7,2021,Satisfactory
2021-07-10,52,Bengaluru,7,2021,Satisfactory
2021-07-11,51,Bengaluru,7,2021,Satisfactory
2021-07-12,51,Bengaluru,7,2021,Satisfactory
2021-07-13,59,Bengaluru,7,2021,Satisfactory
2021-07-14,47,Bengaluru,7,2021,Good
2021-07-15,43,Bengaluru,7,2021,Good
2021-07-16,45,Bengaluru,7,2021,Good
2021-07-17,47,Bengaluru,7,2021,Good
2021-07-18,47,Bengaluru,7,2021,Good
2021-07-19,43,Bengaluru,7,2021,Good
2021-07-20,57,Bengaluru,7,2021,Satisfactory
2021-07-21,58,Bengaluru,7,2021,Satisfactory
2021-07-22,47,Bengaluru,7,2021,Good
2021-07-23,54,Bengaluru,7,2021,Satisfactory
2021-07-24,57,Bengaluru,7,2021,Satisfactory
2021-07-25,40,Bengaluru,7,2021,Good
2021-07-26,50,Bengaluru,7,2021,Good
2021-07-27,58,Bengaluru,7,2021,Satisfactory
2021-07-28,55,Bengaluru,7,2021,Satisfactory
2021-07-29,66,Bengaluru,7,2021,Satisfactory
2021-07-30,57,Bengaluru,7,2021,Satisfactory
2021-07-31,69,Bengaluru,7,2021,Satisfactory
2021-08-01,57,Bengaluru,8,2021,Satisfactory
2021-08-02,66,Bengaluru,8,2021,Satisfactory
2021-08-03,67,Bengaluru,8,2021,Satisfactory
2021-08-04,60,Bengaluru,8,2021,Satisfactory
2021-08-05,52,Bengaluru,8,2021,Satisfactory
2021-08-06,64,Bengaluru,8,2021,Satisfactory
2021-08-07,57,Bengaluru,8,2021,Satisfactory
2021-08-08,48,Bengaluru,8,2021,Good
2021-08-09,69,Bengaluru,8,2021,Satisfactory
2021-08-10,53,Bengaluru,8,2021,Satisfactory
2021-08-11,59,Bengaluru,8,2021,Satisfactory
2021-08-12,78,Bengaluru,8,2021,Satisfactory
2021-08-13,60,Bengaluru,8,2021,Satisfactory
2021-08-14,69,Bengaluru,8,2021,Satisfactory
2021-08-15,61,Bengaluru,8,2021,Satisfactory
2021-08-16,57,Bengaluru,8,2021,Satisfactory
2021-08-17,58,Bengaluru,8,2021,Satisfactory
2021-08-18,58,Bengaluru,8,2021,Satisfactory
2021-08-19,51,Bengaluru,8,2021,Satisfactory
2021-08-20,57,Bengaluru,8,2021,Satisfactory
2021-08-21,64,Bengaluru,8,2021,Satisfactory
2021-08-22,61,Bengaluru,8,2021,Satisfactory
2021-08-23,54,Bengaluru,8,2021,Satisfactory
2021-08-24,51,Bengaluru,8,2021,Satisfactory
2021-08-25,53,Bengaluru,8,2021,Satisfactory
2021-08-26,56,Bengaluru,8,2021,Satisfactory
2021-08-27,62,Bengaluru,8,2021,Satisfactory
2021-08-28,43,Bengaluru,8,2021,Good
2021-08-29,38,Bengaluru,8,2021,Good
2021-08-30,43,Bengaluru,8,2021,Good
2021-08-31,63,Bengaluru,8,2021,Satisfactory
2021-09-01,67,Bengaluru,9,2021,Satisfactory
2021-09-02,59,Bengaluru,9,2021,Satisfactory
2021-09-03,45,Bengaluru,9,2021,Good
2021-09-04,55,Bengaluru,9,2021,Satisfactory
2021-09-05,46,Bengaluru,9,2021,Good
2021-09-06,40,Bengaluru,9,2021,Good
2021-09-07,41,Bengaluru,9,2021,Good
2021-09-08,47,Bengaluru,9,2021,Good
2021-09-09,63,Bengaluru,9,2021,Satisfactory
2021-09-10,58,Bengaluru,9,2021,Satisfactory
2021-09-11,61,Bengaluru,9,2021,Satisfactory
2021-09-12,55,Bengaluru,9,2021,Satisfactory
2021-09-13,50,Bengaluru,9,2021,Good
2021-09-14,57,Bengaluru,9,2021,Satisfactory
2021-09-15,65,Bengaluru,9,2021,Satisfactory
2021-09-16,65,Bengaluru,9,2021,Satisfactory
2021-09-17,74,Bengaluru,9,2021,Satisfactory
2021-09-18,74,Bengaluru,9,2021,Satisfactory
2021-09-19,83,Bengaluru,9,2021,Satisfactory
2021-09-20,63,Bengaluru,9,2021,Satisfactory
2021-09-21,54,Bengaluru,9,2021,Satisfactory
2021-09-22,45,Bengaluru,9,2021,Good
2021-09-23,55,Bengaluru,9,2021,Satisfactory
2021-09-24,52,Bengaluru,9,2021,Satisfactory
2021-09-25,64,Bengaluru,9,2021,Satisfactory
2021-09-26,42,Bengaluru,9,2021,Good
2021-09-27,42,Bengaluru,9,2021,Good
2021-09-28,50,Bengaluru,9,2021,Good
2021-09-29,66,Bengaluru,9,2021,Satisfactory
2021-09-30,63,Bengaluru,9,2021,Satisfactory
2021-10-01,67,Bengaluru,10,2021,Satisfactory
2021-10-02,70,Bengaluru,10,2021,Satisfactory
2021-10-03,51,Bengaluru,10,2021,Satisfactory
2021-10-04,56,Bengaluru,10,2021,Satisfactory
2021-10-05,64,Bengaluru,10,2021,Satisfactory
2021-10-06,52,Bengaluru,10,2021,Satisfactory
2021-10-07,49,Bengaluru,10,2021,Good
2021-10-08,57,Bengaluru,10,2021,Satisfactory
2021-10-09,48,Bengaluru,10,2021,Good
2021-10-10,46,Bengaluru,10,2021,Good
2021-10-11,51,Bengaluru,10,2021,Satisfactory
2021-10-12,39,Bengaluru,10,2021,Good
2021-10-13,53,Bengaluru,10,2021,Satisfactory
2021-10-14,50,Bengaluru,10,2021,Good
2021-10-15,128,Bengaluru,10,2021,Moderate
2021-10-16,117,Bengaluru,10,2021,Moderate
2021-10-17,62,Bengaluru,10,2021,Satisfactory
2021-10-18,72,Bengaluru,10,2021,Satisfactory
2021-10-19,76,Bengaluru,10,2021,Satisfactory
2021-10-20,102,Bengaluru,10,2021,Moderate
2021-10-21,84,Bengaluru,10,2021,Satisfactory
2021-10-22,77,Bengaluru,10,2021,Satisfactory
2021-10-23,73,Bengaluru,10,2021,Satisfactory
2021-10-24,49,Bengaluru,10,2021,Good
2021-10-25,60,Bengaluru,10,2021,Satisfactory
2021-10-26,92,Bengaluru,10,2021,Satisfactory
2021-10-27,106,Bengaluru,10,2021,Moderate
2021-10-28,125,Bengaluru,10,2021,Moderate
2021-10-29,111,Bengaluru,10,2021,Moderate
2021-10-30,52,Bengaluru,10,2021,Satisfactory
2021-10-31,67,Bengaluru,10,2021,Satisfactory
2021-11-01,56,Bengaluru,11,2021,Satisfactory
2021-11-02,50,Bengaluru,11,2021,Good
2021-11-03,56,Bengaluru,11,2021,Satisfactory
2021-11-04,58,Bengaluru,11,2021,Satisfactory
2021-11-05,57,Bengaluru,11,2021,Satisfactory
2021-11-06,70,Bengaluru,11,2021,Satisfactory
2021-11-07,77,Bengaluru,11,2021,Satisfactory
2021-11-08,101,Bengaluru,11,2021,Moderate
2021-11-09,106,Bengaluru,11,2021,Moderate
2021-11-10,104,Bengaluru,11,2021,Moderate
2021-11-11,91,Bengaluru,11,2021,Satisfactory
2021-11-12,64,Bengaluru,11,2021,Satisfactory
2021-11-13,58,Bengaluru,11,2021,Satisfactory
2021-11-14,49,Bengaluru,11,2021,Good
2021-11-15,51,Bengaluru,11,2021,Satisfactory
2021-11-16,58,Bengaluru,11,2021,Satisfactory
2021-11-17,59,Bengaluru,11,2021,Satisfactory
2021-11-18,61,Bengaluru,11,2021,Satisfactory
2021-11-19,74,Bengaluru,11,2021,Satisfactory
2021-11-20,47,Bengaluru,11,2021,Good
2021-11-21,71,Bengaluru,11,2021,Satisfactory
2021-11-22,62,Bengaluru,11,2021,Satisfactory
2021-11-23,65,Bengaluru,11,2021,Satisfactory
2021-11-24,63,Bengaluru,11,2021,Satisfactory
2021-11-25,65,Bengaluru,11,2021,Satisfactory
2021-11-26,74,Bengaluru,11,2021,Satisfactory
2021-11-27,82,Bengaluru,11,2021,Satisfactory
2021-11-28,74,Bengaluru,11,2021,Satisfactory
2021-11-29,55,Bengaluru,11,2021,Satisfactory
2021-11-30,54,Bengaluru,11,2021,Satisfactory
2021-12-01,60,Bengaluru,12,2021,Satisfactory
2021-12-02,86,Bengaluru,12,2021,Satisfactory
2021-12-03,98,Bengaluru,12,2021,Satisfactory
2021-12-04,95,Bengaluru,12,2021,Satisfactory
2021-12-05,86,Bengaluru,12,2021,Satisfactory
2021-12-06,86,Bengaluru,12,2021,Satisfactory
2021-12-07,113,Bengaluru,12,2021,Moderate
2021-12-08,81,Bengaluru,12,2021,Satisfactory
2021-12-09,66,Bengaluru,12,2021,Satisfactory
2021-12-10,51,Bengaluru,12,2021,Satisfactory
2021-12-11,61,Bengaluru,12,2021,Satisfactory
2021-12-12,47,Bengaluru,12,2021,Good
2021-12-13,48,Bengaluru,12,2021,Good
2021-12-14,46,Bengaluru,12,2021,Good
2021-12-15,69,Bengaluru,12,2021,Satisfactory
2021-12-16,88,Bengaluru,12,2021,Satisfactory
2021-12-17,106,Bengaluru,12,2021,Moderate
2021-12-18,121,Bengaluru,12,2021,Moderate
2021-12-19,113,Bengaluru,12,2021,Moderate
2021-12-20,92,Bengaluru,12,2021,Satisfactory
2021-12-21,112,Bengaluru,12,2021,Moderate
2021-12-22,152,Bengaluru,12,2021,Moderate
2021-12-23,144,Bengaluru,12,2021,Moderate
2021-12-24,145,Bengaluru,12,2021,Moderate
2021-12-25,132,Bengaluru,12,2021,Moderate
2021-12-26,112,Bengaluru,12,2021,Moderate
2021-12-27,92,Bengaluru,12,2021,Satisfactory
2021-12-28,74,Bengaluru,12,2021,Satisfactory
2021-12-29,67,Bengaluru,12,2021,Satisfactory
2021-12-30,73,Bengaluru,12,2021,Satisfactory
2021-12-31,52,Bengaluru,12,2021,Satisfactory
2022-01-01,51,Bengaluru,1,2022,Satisfactory
2022-01-02,43,Bengaluru,1,2022,Good
2022-01-03,55,Bengaluru,1,2022,Satisfactory
2022-01-04,86,Bengaluru,1,2022,Satisfactory
2022-01-05,88,Bengaluru,1,2022,Satisfactory
2022-01-06,86,Bengaluru,1,2022,Satisfactory
2022-01-07,79,Bengaluru,1,2022,Satisfactory
2022-01-08,77,Bengaluru,1,2022,Satisfactory
2022-01-09,71,Bengaluru,1,2022,Satisfactory
2022-01-10,75,Bengaluru,1,2022,Satisfactory
2022-01-11,74,Bengaluru,1,2022,Satisfactory
2022-01-12,73,Bengaluru,1,2022,Satisfactory
2022-01-13,76,Bengaluru,1,2022,Satisfactory
2022-01-14,87,Bengaluru,1,2022,Satisfactory
2022-01-15,88,Bengaluru,1,2022,Satisfactory
2022-01-16,74,Bengaluru,1,2022,Satisfactory
2022-01-17,52,Bengaluru,1,2022,Satisfactory
2022-01-18,65,Bengaluru,1,2022,Satisfactory
2022-01-19,84,Bengaluru,1,2022,Satisfactory
2022-01-20,97,Bengaluru,1,2022,Satisfactory
2022-01-21,102,Bengaluru,1,2022,Moderate
2022-01-22,119,Bengaluru,1,2022,Moderate
2022-01-23,100,Bengaluru,1,2022,Satisfactory
2022-01-24,74,Bengaluru,1,2022,Satisfactory
2022-01-25,103,Bengaluru,1,2022,Moderate
2022-01-26,87,Bengaluru,1,2022,Satisfactory
2022-01-27,72,Bengaluru,1,2022,Satisfactory
2022-01-28,91,Bengaluru,1,2022,Satisfactory
2022-01-29,108,Bengaluru,1,2022,Moderate
2022-01-30,101,Bengaluru,1,2022,Moderate
2022-01-31,104,Bengaluru,1,2022,Moderate
2022-02-01,118,Bengaluru,2,2022,Moderate
2022-02-02,108,Bengaluru,2,2022,Moderate
2022-02-03,111,Bengaluru,2,2022,Moderate
2022-02-04,102,Bengaluru,2,2022,Moderate
2022-02-05,114,Bengaluru,2,2022,Moderate
2022-02-06,96,Bengaluru,2,2022,Satisfactory
2022-02-07,80,Bengaluru,2,2022,Satisfactory
2022-02-08,100,Bengaluru,2,2022,Satisfactory
2022-02-09,91,Bengaluru,2,2022,Satisfactory
2022-02-10,90,Bengaluru,2,2022,Satisfactory
2022-02-11,113,Bengaluru,2,2022,Moderate
2022-02-12,74,Bengaluru,2,2022,Satisfactory
2022-02-13,78,Bengaluru,2,2022,Satisfactory
2022-02-14,77,Bengaluru,2,2022,Satisfactory
2022-02-15,86,Bengaluru,2,2022,Satisfactory
2022-02-16,97,Bengaluru,2,2022,Satisfactory
2022-02-17,109,Bengaluru,2,2022,Moderate
2022-02-18,99,Bengaluru,2,2022,Satisfactory
2022-02-19,86,Bengaluru,2,2022,Satisfactory
2022-02-20,98,Bengaluru,2,2022,Satisfactory
2022-02-21,114,Bengaluru,2,2022,Moderate
2022-02-22,124,Bengaluru,2,2022,Moderate
2022-02-23,84,Bengaluru,2,2022,Satisfactory
2022-02-24,69,Bengaluru,2,2022,Satisfactory
2022-02-25,78,Bengaluru,2,2022,Satisfactory
2022-02-26,96,Bengaluru,2,2022,Satisfactory
2022-02-27,96,Bengaluru,2,2022,Satisfactory
2022-02-28,73,Bengaluru,2,2022,Satisfactory
2022-03-01,96,Bengaluru,3,2022,Satisfactory
2022-03-02,88,Bengaluru,3,2022,Satisfactory
2022-03-03,96,Bengaluru,3,2022,Satisfactory
2022-03-04,100,Bengaluru,3,2022,Satisfactory
2022-03-05,76,Bengaluru,3,2022,Satisfactory
2022-03-06,78,Bengaluru,3,2022,Satisfactory
2022-03-07,69,Bengaluru,3,2022,Satisfactory
2022-03-08,81,Bengaluru,3,2022,Satisfactory
2022-03-09,119,Bengaluru,3,2022,Moderate
2022-03-10,104,Bengaluru,3,2022,Moderate
2022-03-11,96,Bengaluru,3,2022,Satisfactory
2022-03-12,108,Bengaluru,3,2022,Moderate
2022-03-13,116,Bengaluru,3,2022,Moderate
2022-03-14,113,Bengaluru,3,2022,Moderate
2022-03-15,121,Bengaluru,3,2022,Moderate
2022-03-16,127,Bengaluru,3,2022,Moderate
2022-03-17,142,Bengaluru,3,2022,Moderate
2022-03-18,122,Bengaluru,3,2022,Moderate
2022-03-19,106,Bengaluru,3,2022,Moderate
2022-03-20,87,Bengaluru,3,2022,Satisfactory
2022-03-21,90,Bengaluru,3,2022,Satisfactory
2022-03-22,86,Bengaluru,3,2022,Satisfactory
2022-03-23,111,Bengaluru,3,2022,Moderate
2022-03-24,99,Bengaluru,3,2022,Satisfactory
2022-03-25,106,Bengaluru,3,2022,Moderate
2022-03-26,99,Bengaluru,3,2022,Satisfactory
2022-03-27,112,Bengaluru,3,2022,Moderate
2022-03-28,109,Bengaluru,3,2022,Moderate
2022-03-29,88,Bengaluru,3,2022,Satisfactory
2022-03-30,100,Bengaluru,3,2022,Satisfactory
2022-03-31,102,Bengaluru,3,2022,Moderate
2022-04-01,97,Bengaluru,4,2022,Satisfactory
2022-04-02,91,Bengaluru,4,2022,Satisfactory
2022-04-03,104,Bengaluru,4,2022,Moderate
2022-04-04,98,Bengaluru,4,2022,Satisfactory
2022-04-05,94,Bengaluru,4,2022,Satisfactory
2022-04-06,99,Bengaluru,4,2022,Satisfactory
2022-04-07,99,Bengaluru,4,2022,Satisfactory
2022-04-08,97,Bengaluru,4,2022,Satisfactory
2022-04-09,76,Bengaluru,4,2022,Satisfactory
2022-04-10,71,Bengaluru,4,2022,Satisfactory
2022-04-11,73,Bengaluru,4,2022,Satisfactory
2022-04-12,81,Bengaluru,4,2022,Satisfactory
2022-04-13,65,Bengaluru,4,2022,Satisfactory
2022-04-14,64,Bengaluru,4,2022,Satisfactory
2022-04-15,72,Bengaluru,4,2022,Satisfactory
2022-04-16,83,Bengaluru,4,2022,Satisfactory
2022-04-17,77,Bengaluru,4,2022,Satisfactory
2022-04-18,76,Bengaluru,4,2022,Satisfactory
2022-04-19,73,Bengaluru,4,2022,Satisfactory
2022-04-20,93,Bengaluru,4,2022,Satisfactory
2022-04-21,122,Bengaluru,4,2022,Moderate
2022-04-22,96,Bengaluru,4,2022,Satisfactory
2022-04-23,76,Bengaluru,4,2022,Satisfactory
2022-04-24,71,Bengaluru,4,2022,Satisfactory
2022-04-25,103,Bengaluru,4,2022,Moderate
2022-04-26,86,Bengaluru,4,2022,Satisfactory
2022-04-27,108,Bengaluru,4,2022,Moderate
2022-04-28,96,Bengaluru,4,2022,Satisfactory
2022-04-29,96,Bengaluru,4,2022,Satisfactory
2022-04-30,82,Bengaluru,4,2022,Satisfactory
2022-05-01,87,Bengaluru,5,2022,Satisfactory
2022-05-02,68,Bengaluru,5,2022,Satisfactory
2022-05-03,77,Bengaluru,5,2022,Satisfactory
2022-05-04,73,Bengaluru,5,2022,Satisfactory
2022-05-05,68,Bengaluru,5,2022,Satisfactory
2022-05-06,86,Bengaluru,5,2022,Satisfactory
2022-05-07,77,Bengaluru,5,2022,Satisfactory
2022-05-08,79,Bengaluru,5,2022,Satisfactory
2022-05-09,76,Bengaluru,5,2022,Satisfactory
2022-05-10,84,Bengaluru,5,2022,Satisfactory
2022-05-11,74,Bengaluru,5,2022,Satisfactory
2022-05-12,57,Bengaluru,5,2022,Satisfactory
2022-05-13,65,Bengaluru,5,2022,Satisfactory
2022-05-14,83,Bengaluru,5,2022,Satisfactory
2022-05-15,70,Bengaluru,5,2022,Satisfactory
2022-05-16,84,Bengaluru,5,2022,Satisfactory
2022-05-17,61,Bengaluru,5,2022,Satisfactory
2022-05-18,58,Bengaluru,5,2022,Satisfactory
2022-05-19,57,Bengaluru,5,2022,Satisfactory
2022-05-20,76,Bengaluru,5,2022,Satisfactory
2022-05-21,58,Bengaluru,5,2022,Satisfactory
2022-05-22,77,Bengaluru,5,2022,Satisfactory
2022-05-23,70,Bengaluru,5,2022,Satisfactory
2022-05-24,73,Bengaluru,5,2022,Satisfactory
2022-05-25,74,Bengaluru,5,2022,Satisfactory
2022-05-26,84,Bengaluru,5,2022,Satisfactory
2022-05-27,73,Bengaluru,5,2022,Satisfactory
2022-05-28,84,Bengaluru,5,2022,Satisfactory
2022-05-29,64,Bengaluru,5,2022,Satisfactory
2022-05-30,64,Bengaluru,5,2022,Satisfactory
2022-05-31,65,Bengaluru,5,2022,Satisfactory
2022-06-01,67,Bengaluru,6,2022,Satisfactory
2022-06-02,67,Bengaluru,6,2022,Satisfactory
2022-06-03,79,Bengaluru,6,2022,Satisfactory
2022-06-04,78,Bengaluru,6,2022,Satisfactory
2022-06-05,76,Bengaluru,6,2022,Satisfactory
2022-06-06,62,Bengaluru,6,2022,Satisfactory
2022-06-07,62,Bengaluru,6,2022,Satisfactory
2022-06-08,59,Bengaluru,6,2022,Satisfactory
2022-06-09,66,Bengaluru,6,2022,Satisfactory
2022-06-10,68,Bengaluru,6,2022,Satisfactory
2022-06-11,68,Bengaluru,6,2022,Satisfactory
2022-06-12,56,Bengaluru,6,2022,Satisfactory
2022-06-13,52,Bengaluru,6,2022,Satisfactory
2022-06-14,61,Bengaluru,6,2022,Satisfactory
2022-06-15,52,Bengaluru,6,2022,Satisfactory
2022-06-16,57,Bengaluru,6,2022,Satisfactory
2022-06-17,56,Bengaluru,6,2022,Satisfactory
2022-06-18,51,Bengaluru,6,2022,Satisfactory
2022-06-19,45,Bengaluru,6,2022,Good
2022-06-20,45,Bengaluru,6,2022,Good
2022-06-21,51,Bengaluru,6,2022,Satisfactory
2022-06-22,46,Bengaluru,6,2022,Good
2022-06-23,54,Bengaluru,6,2022,Satisfactory
2022-06-24,53,Bengaluru,6,2022,Satisfactory
2022-06-25,62,Bengaluru,6,2022,Satisfactory
2022-06-26,65,Bengaluru,6,2022,Satisfactory
2022-06-27,65,Bengaluru,6,2022,Satisfactory
2022-06-28,61,Bengaluru,6,2022,Satisfactory
2022-06-29,62,Bengaluru,6,2022,Satisfactory
2022-06-30,55,Bengaluru,6,2022,Satisfactory
2022-07-01,56,Bengaluru,7,2022,Satisfactory
2022-07-02,77,Bengaluru,7,2022,Satisfactory
2022-07-03,79,Bengaluru,7,2022,Satisfactory
2022-07-04,51,Bengaluru,7,2022,Satisfactory
2022-07-05,52,Bengaluru,7,2022,Satisfactory
2022-07-06,57,Bengaluru,7,2022,Satisfactory
2022-07-07,53,Bengaluru,7,2022,Satisfactory
2022-07-08,57,Bengaluru,7,2022,Satisfactory
2022-07-09,60,Bengaluru,7,2022,Satisfactory
2022-07-10,48,Bengaluru,7,2022,Good
2022-07-11,56,Bengaluru,7,2022,Satisfactory
2022-07-12,62,Bengaluru,7,2022,Satisfactory
2022-07-14,57,Bengaluru,7,2022,Satisfactory
2022-07-15,65,Bengaluru,7,2022,Satisfactory
2022-07-16,73,Bengaluru,7,2022,Satisfactory
2022-07-17,57,Bengaluru,7,2022,Satisfactory
2022-07-18,52,Bengaluru,7,2022,Satisfactory
2022-07-19,57,Bengaluru,7,2022,Satisfactory
2022-07-20,69,Bengaluru,7,2022,Satisfactory
2022-07-21,86,Bengaluru,7,2022,Satisfactory
2022-07-22,79,Bengaluru,7,2022,Satisfactory
2022-07-23,76,Bengaluru,7,2022,Satisfactory
2022-07-24,65,Bengaluru,7,2022,Satisfactory
2022-07-25,67,Bengaluru,7,2022,Satisfactory
2022-07-26,65,Bengaluru,7,2022,Satisfactory
2022-07-27,73,Bengaluru,7,2022,Satisfactory
2022-07-28,67,Bengaluru,7,2022,Satisfactory
2022-07-29,84,Bengaluru,7,2022,Satisfactory
2022-07-30,70,Bengaluru,7,2022,Satisfactory
2022-07-31,58,Bengaluru,7,2022,Satisfactory
2022-08-01,67,Bengaluru,8,2022,Satisfactory
2022-08-02,51,Bengaluru,8,2022,Satisfactory
2022-08-03,50,Bengaluru,8,2022,Good
2022-08-04,56,Bengaluru,8,2022,Satisfactory
2022-08-05,51,Bengaluru,8,2022,Satisfactory
2022-08-06,86,Bengaluru,8,2022,Satisfactory
2022-08-07,43,Bengaluru,8,2022,Good
2022-08-08,53,Bengaluru,8,2022,Satisfactory
2022-08-09,57,Bengaluru,8,2022,Satisfactory
2022-08-10,65,Bengaluru,8,2022,Satisfactory
2022-08-11,65,Bengaluru,8,2022,Satisfactory
2022-08-12,58,Bengaluru,8,2022,Satisfactory
2022-08-13,62,Bengaluru,8,2022,Satisfactory
2022-08-14,62,Bengaluru,8,2022,Satisfactory
2022-08-15,62,Bengaluru,8,2022,Satisfactory
2022-08-16,68,Bengaluru,8,2022,Satisfactory
2022-08-17,79,Bengaluru,8,2022,Satisfactory
2022-08-18,62,Bengaluru,8,2022,Satisfactory
2022-08-19,56,Bengaluru,8,2022,Satisfactory
2022-08-20,53,Bengaluru,8,2022,Satisfactory
2022-08-21,63,Bengaluru,8,2022,Satisfactory
2022-08-22,43,Bengaluru,8,2022,Good
2022-08-23,46,Bengaluru,8,2022,Good
2022-08-24,48,Bengaluru,8,2022,Good
2022-08-25,44,Bengaluru,8,2022,Good
2022-08-26,46,Bengaluru,8,2022,Good
2022-08-27,44,Bengaluru,8,2022,Good
2022-08-28,40,Bengaluru,8,2022,Good
2022-08-29,63,Bengaluru,8,2022,Satisfactory
2022-08-30,58,Bengaluru,8,2022,Satisfactory
2022-08-31,65,Bengaluru,8,2022,Satisfactory
2022-09-01,51,Bengaluru,9,2022,Satisfactory
2022-09-02,74,Bengaluru,9,2022,Satisfactory
2022-09-03,70,Bengaluru,9,2022,Satisfactory
2022-09-04,54,Bengaluru,9,2022,Satisfactory
2022-09-05,46,Bengaluru,9,2022,Good
2022-09-06,57,Bengaluru,9,2022,Satisfactory
2022-09-07,44,Bengaluru,9,2022,Good
2022-09-08,44,Bengaluru,9,2022,Good
2022-09-09,51,Bengaluru,9,2022,Satisfactory
2022-09-10,62,Bengaluru,9,2022,Satisfactory
2022-09-11,48,Bengaluru,9,2022,Good
2022-09-12,42,Bengaluru,9,2022,Good
2022-09-13,50,Bengaluru,9,2022,Good
2022-09-14,50,Bengaluru,9,2022,Good
2022-09-15,56,Bengaluru,9,2022,Satisfactory
2022-09-16,85,Bengaluru,9,2022,Satisfactory
2022-09-17,66,Bengaluru,9,2022,Satisfactory
2022-09-18,58,Bengaluru,9,2022,Satisfactory
2022-09-19,64,Bengaluru,9,2022,Satisfactory
2022-09-20,80,Bengaluru,9,2022,Satisfactory
2022-09-21,60,Bengaluru,9,2022,Satisfactory
2022-09-22,76,Bengaluru,9,2022,Satisfactory
2022-09-23,74,Bengaluru,9,2022,Satisfactory
2022-09-24,65,Bengaluru,9,2022,Satisfactory
2022-09-25,58,Bengaluru,9,2022,Satisfactory
2022-09-26,67,Bengaluru,9,2022,Satisfactory
2022-09-27,65,Bengaluru,9,2022,Satisfactory
2022-09-28,61,Bengaluru,9,2022,Satisfactory
2022-09-29,42,Bengaluru,9,2022,Good
2022-09-30,66,Bengaluru,9,2022,Satisfactory
2022-10-01,74,Bengaluru,10,2022,Satisfactory
2022-10-02,54,Bengaluru,10,2022,Satisfactory
2022-10-03,132,Bengaluru,10,2022,Moderate
2022-10-04,126,Bengaluru,10,2022,Moderate
2022-10-05,104,Bengaluru,10,2022,Moderate
2022-10-06,80,Bengaluru,10,2022,Satisfactory
2022-10-07,107,Bengaluru,10,2022,Moderate
2022-10-08,73,Bengaluru,10,2022,Satisfactory
2022-10-09,69,Bengaluru,10,2022,Satisfactory
2022-10-10,58,Bengaluru,10,2022,Satisfactory
2022-10-11,50,Bengaluru,10,2022,Good
2022-10-12,64,Bengaluru,10,2022,Satisfactory
2022-10-13,57,Bengaluru,10,2022,Satisfactory
2022-10-14,66,Bengaluru,10,2022,Satisfactory
2022-10-15,55,Bengaluru,10,2022,Satisfactory
2022-10-16,36,Bengaluru,10,2022,Good
2022-10-17,41,Bengaluru,10,2022,Good
2022-10-18,54,Bengaluru,10,2022,Satisfactory
2022-10-19,57,Bengaluru,10,2022,Satisfactory
2022-10-20,89,Bengaluru,10,2022,Satisfactory
2022-10-21,69,Bengaluru,10,2022,Satisfactory
2022-10-22,74,Bengaluru,10,2022,Satisfactory
2022-10-23,102,Bengaluru,10,2022,Moderate
2022-10-24,99,Bengaluru,10,2022,Satisfactory
2022-10-25,142,Bengaluru,10,2022,Moderate
2022-10-26,151,Bengaluru,10,2022,Moderate
2022-10-27,130,Bengaluru,10,2022,Moderate
2022-10-28,95,Bengaluru,10,2022,Satisfactory
2022-10-29,71,Bengaluru,10,2022,Satisfactory
2022-10-30,74,Bengaluru,10,2022,Satisfactory
2022-10-31,95,Bengaluru,10,2022,Satisfactory
2022-11-01,105,Bengaluru,11,2022,Moderate
2022-11-02,53,Bengaluru,11,2022,Satisfactory
2022-11-03,54,Bengaluru,11,2022,Satisfactory
2022-11-04,54,Bengaluru,11,2022,Satisfactory
2022-11-05,49,Bengaluru,11,2022,Good
2022-11-06,58,Bengaluru,11,2022,Satisfactory
2022-11-07,119,Bengaluru,11,2022,Moderate
2022-11-08,96,Bengaluru,11,2022,Satisfactory
2022-11-09,100,Bengaluru,11,2022,Satisfactory
2022-11-10,112,Bengaluru,11,2022,Moderate
2022-11-11,111,Bengaluru,11,2022,Moderate
2022-11-12,98,Bengaluru,11,2022,Satisfactory
2022-11-13,33,Bengaluru,11,2022,Good
2022-11-14,35,Bengaluru,11,2022,Good
2022-11-15,67,Bengaluru,11,2022,Satisfactory
2022-11-16,129,Bengaluru,11,2022,Moderate
2022-11-17,168,Bengaluru,11,2022,Moderate
2022-11-18,133,Bengaluru,11,2022,Moderate
2022-11-19,124,Bengaluru,11,2022,Moderate
2022-11-20,129,Bengaluru,11,2022,Moderate
2022-11-21,154,Bengaluru,11,2022,Moderate
2022-11-22,78,Bengaluru,11,2022,Satisfactory
2022-11-23,47,Bengaluru,11,2022,Good
2022-11-24,38,Bengaluru,11,2022,Good
2022-11-25,82,Bengaluru,11,2022,Satisfactory
2022-11-26,63,Bengaluru,11,2022,Satisfactory
2022-11-27,85,Bengaluru,11,2022,Satisfactory
2022-11-28,106,Bengaluru,11,2022,Moderate
2022-11-29,168,Bengaluru,11,2022,Moderate
2022-11-30,150,Bengaluru,11,2022,Moderate
2022-12-01,128,Bengaluru,12,2022,Moderate
2022-12-02,93,Bengaluru,12,2022,Satisfactory
2022-12-03,68,Bengaluru,12,2022,Satisfactory
2022-12-04,52,Bengaluru,12,2022,Satisfactory
2022-12-05,77,Bengaluru,12,2022,Satisfactory
2022-12-06,108,Bengaluru,12,2022,Moderate
2022-12-07,124,Bengaluru,12,2022,Moderate
2022-12-08,125,Bengaluru,12,2022,Moderate
2022-12-09,127,Bengaluru,12,2022,Moderate
2022-12-10,68,Bengaluru,12,2022,Satisfactory
2022-12-11,24,Bengaluru,12,2022,Good
2022-12-12,42,Bengaluru,12,2022,Good
2022-12-13,59,Bengaluru,12,2022,Satisfactory
2022-12-14,43,Bengaluru,12,2022,Good
2022-12-15,72,Bengaluru,12,2022,Satisfactory
2022-12-16,121,Bengaluru,12,2022,Moderate
2022-12-17,114,Bengaluru,12,2022,Moderate
2022-12-18,146,Bengaluru,12,2022,Moderate
2022-12-19,155,Bengaluru,12,2022,Moderate
2022-12-20,114,Bengaluru,12,2022,Moderate
2022-12-21,80,Bengaluru,12,2022,Satisfactory
2022-12-22,77,Bengaluru,12,2022,Satisfactory
2022-12-23,95,Bengaluru,12,2022,Satisfactory
2022-12-24,95,Bengaluru,12,2022,Satisfactory
2022-12-25,69,Bengaluru,12,2022,Satisfactory
2022-12-26,40,Bengaluru,12,2022,Good
2022-12-27,42,Bengaluru,12,2022,Good
2022-12-28,47,Bengaluru,12,2022,Good
2022-12-29,54,Bengaluru,12,2022,Satisfactory
2022-12-30,72,Bengaluru,12,2022,Satisfactory
2022-12-31,76,Bengaluru,12,2022,Satisfactory
2023-01-01,88,Bengaluru,1,2023,Satisfactory
2023-01-02,86,Bengaluru,1,2023,Satisfactory
2023-01-03,82,Bengaluru,1,2023,Satisfactory
2023-01-04,90,Bengaluru,1,2023,Satisfactory
2023-01-05,87,Bengaluru,1,2023,Satisfactory
2023-01-06,104,Bengaluru,1,2023,Moderate
2023-01-07,91,Bengaluru,1,2023,Satisfactory
2023-01-08,113,Bengaluru,1,2023,Moderate
2023-01-09,118,Bengaluru,1,2023,Moderate
2023-01-10,93,Bengaluru,1,2023,Satisfactory
2023-01-11,102,Bengaluru,1,2023,Moderate
2023-01-12,126,Bengaluru,1,2023,Moderate
2023-01-13,105,Bengaluru,1,2023,Moderate
2023-01-14,99,Bengaluru,1,2023,Satisfactory
2023-01-15,118,Bengaluru,1,2023,Moderate
2023-01-16,109,Bengaluru,1,2023,Moderate
2023-01-17,90,Bengaluru,1,2023,Satisfactory
2023-01-18,71,Bengaluru,1,2023,Satisfactory
2023-01-19,82,Bengaluru,1,2023,Satisfactory
2023-01-20,85,Bengaluru,1,2023,Satisfactory
2023-01-21,77,Bengaluru,1,2023,Satisfactory
2023-01-22,79,Bengaluru,1,2023,Satisfactory
2023-01-23,68,Bengaluru,1,2023,Satisfactory
2023-01-24,64,Bengaluru,1,2023,Satisfactory
2023-01-25,70,Bengaluru,1,2023,Satisfactory
2023-01-26,120,Bengaluru,1,2023,Moderate
2023-01-27,160,Bengaluru,1,2023,Moderate
2023-01-28,72,Bengaluru,1,2023,Satisfactory
2023-01-29,81,Bengaluru,1,2023,Satisfactory
2023-01-30,74,Bengaluru,1,2023,Satisfactory
2023-01-31,73,Bengaluru,1,2023,Satisfactory
2023-02-01,93,Bengaluru,2,2023,Satisfactory
2023-02-02,95,Bengaluru,2,2023,Satisfactory
2023-02-03,86,Bengaluru,2,2023,Satisfactory
2023-02-04,81,Bengaluru,2,2023,Satisfactory
2023-02-05,90,Bengaluru,2,2023,Satisfactory
2023-02-06,95,Bengaluru,2,2023,Satisfactory
2023-02-07,150,Bengaluru,2,2023,Moderate
2023-02-08,121,Bengaluru,2,2023,Moderate
2023-02-09,116,Bengaluru,2,2023,Moderate
2023-02-10,93,Bengaluru,2,2023,Satisfactory
2023-02-11,95,Bengaluru,2,2023,Satisfactory
2023-02-12,97,Bengaluru,2,2023,Satisfactory
2023-02-13,111,Bengaluru,2,2023,Moderate
2023-02-14,89,Bengaluru,2,2023,Satisfactory
2023-02-15,90,Bengaluru,2,2023,Satisfactory
2023-02-16,98,Bengaluru,2,2023,Satisfactory
2023-02-17,91,Bengaluru,2,2023,Satisfactory
2023-02-18,129,Bengaluru,2,2023,Moderate
2023-02-19,125,Bengaluru,2,2023,Moderate
2023-02-20,106,Bengaluru,2,2023,Moderate
2023-02-21,87,Bengaluru,2,2023,Satisfactory
2023-02-22,86,Bengaluru,2,2023,Satisfactory
2023-02-23,97,Bengaluru,2,2023,Satisfactory
2023-02-24,74,Bengaluru,2,2023,Satisfactory
2023-02-25,77,Bengaluru,2,2023,Satisfactory
2023-02-26,96,Bengaluru,2,2023,Satisfactory
2023-02-27,84,Bengaluru,2,2023,Satisfactory
2023-02-28,90,Bengaluru,2,2023,Satisfactory
2023-03-01,89,Bengaluru,3,2023,Satisfactory
2023-03-02,87,Bengaluru,3,2023,Satisfactory
2023-03-03,101,Bengaluru,3,2023,Moderate
2023-03-04,96,Bengaluru,3,2023,Satisfactory
2023-03-05,92,Bengaluru,3,2023,Satisfactory
2023-03-06,92,Bengaluru,3,2023,Satisfactory
2023-03-07,84,Bengaluru,3,2023,Satisfactory
2023-03-08,82,Bengaluru,3,2023,Satisfactory
2023-03-09,86,Bengaluru,3,2023,Satisfactory
2023-03-10,87,Bengaluru,3,2023,Satisfactory
2023-03-11,88,Bengaluru,3,2023,Satisfactory
2023-03-12,78,Bengaluru,3,2023,Satisfactory
2023-03-13,69,Bengaluru,3,2023,Satisfactory
2023-03-14,87,Bengaluru,3,2023,Satisfactory
2023-03-15,95,Bengaluru,3,2023,Satisfactory
2023-03-16,113,Bengaluru,3,2023,Moderate
2023-03-17,91,Bengaluru,3,2023,Satisfactory
2023-03-18,63,Bengaluru,3,2023,Satisfactory
2023-03-19,57,Bengaluru,3,2023,Satisfactory
2023-03-20,52,Bengaluru,3,2023,Satisfactory
2023-03-21,53,Bengaluru,3,2023,Satisfactory
2023-03-22,83,Bengaluru,3,2023,Satisfactory
2023-03-23,70,Bengaluru,3,2023,Satisfactory
2023-03-24,63,Bengaluru,3,2023,Satisfactory
2023-03-25,58,Bengaluru,3,2023,Satisfactory
2023-03-26,68,Bengaluru,3,2023,Satisfactory
2023-03-27,52,Bengaluru,3,2023,Satisfactory
2023-03-28,95,Bengaluru,3,2023,Satisfactory
2023-03-29,83,Bengaluru,3,2023,Satisfactory
2023-03-30,63,Bengaluru,3,2023,Satisfactory
2023-03-31,68,Bengaluru,3,2023,Satisfactory
2023-04-01,73,Bengaluru,4,2023,Satisfactory
2023-04-02,67,Bengaluru,4,2023,Satisfactory
2023-04-03,80,Bengaluru,4,2023,Satisfactory
2023-04-04,60,Bengaluru,4,2023,Satisfactory
2023-04-05,74,Bengaluru,4,2023,Satisfactory
2023-04-06,78,Bengaluru,4,2023,Satisfactory
2023-04-07,76,Bengaluru,4,2023,Satisfactory
2023-04-08,79,Bengaluru,4,2023,Satisfactory
2023-04-09,71,Bengaluru,4,2023,Satisfactory
2023-04-10,59,Bengaluru,4,2023,Satisfactory
2023-04-11,66,Bengaluru,4,2023,Satisfactory
2023-04-12,79,Bengaluru,4,2023,Satisfactory
2023-04-13,88,Bengaluru,4,2023,Satisfactory
2023-04-14,110,Bengaluru,4,2023,Moderate
2023-04-15,94,Bengaluru,4,2023,Satisfactory
2023-04-16,111,Bengaluru,4,2023,Moderate
2023-04-17,98,Bengaluru,4,2023,Satisfactory
2023-04-18,100,Bengaluru,4,2023,Satisfactory
2023-04-19,89,Bengaluru,4,2023,Satisfactory
2023-04-20,97,Bengaluru,4,2023,Satisfactory
2023-04-21,92,Bengaluru,4,2023,Satisfactory
2023-04-22,81,Bengaluru,4,2023,Satisfactory
2023-04-23,73,Bengaluru,4,2023,Satisfactory
2023-04-24,69,Bengaluru,4,2023,Satisfactory
2023-04-25,63,Bengaluru,4,2023,Satisfactory
2023-04-26,58,Bengaluru,4,2023,Satisfactory
2023-04-27,83,Bengaluru,4,2023,Satisfactory
2023-04-28,71,Bengaluru,4,2023,Satisfactory
2023-04-29,75,Bengaluru,4,2023,Satisfactory
2023-04-30,79,Bengaluru,4,2023,Satisfactory
2023-05-01,51,Bengaluru,5,2023,Satisfactory
2023-05-02,59,Bengaluru,5,2023,Satisfactory
2023-05-03,60,Bengaluru,5,2023,Satisfactory
2023-05-04,63,Bengaluru,5,2023,Satisfactory
2023-05-05,52,Bengaluru,5,2023,Satisfactory
2023-05-06,51,Bengaluru,5,2023,Satisfactory
2023-05-07,51,Bengaluru,5,2023,Satisfactory
2023-05-08,54,Bengaluru,5,2023,Satisfactory
2023-05-09,51,Bengaluru,5,2023,Satisfactory
2023-05-10,54,Bengaluru,5,2023,Satisfactory
2023-05-11,74,Bengaluru,5,2023,Satisfactory
2023-05-12,61,Bengaluru,5,2023,Satisfactory
2023-05-13,63,Bengaluru,5,2023,Satisfactory
2023-05-14,56,Bengaluru,5,2023,Satisfactory
2023-05-15,69,Bengaluru,5,2023,Satisfactory
2023-05-16,74,Bengaluru,5,2023,Satisfactory
2023-05-17,90,Bengaluru,5,2023,Satisfactory
2023-05-18,74,Bengaluru,5,2023,Satisfactory
2023-05-19,76,Bengaluru,5,2023,Satisfactory
2023-05-20,65,Bengaluru,5,2023,Satisfactory
2023-05-21,72,Bengaluru,5,2023,Satisfactory
2023-05-22,55,Bengaluru,5,2023,Satisfactory
2023-05-23,52,Bengaluru,5,2023,Satisfactory
2023-05-24,63,Bengaluru,5,2023,Satisfactory
2023-05-25,54,Bengaluru,5,2023,Satisfactory
2023-05-26,50,Bengaluru,5,2023,Good
2023-05-27,54,Bengaluru,5,2023,Satisfactory
2023-05-28,61,Bengaluru,5,2023,Satisfactory
2023-05-29,59,Bengaluru,5,2023,Satisfactory
2023-05-30,85,Bengaluru,5,2023,Satisfactory
2023-05-31,58,Bengaluru,5,2023,Satisfactory
2023-06-01,53,Bengaluru,6,2023,Satisfactory
2023-06-02,60,Bengaluru,6,2023,Satisfactory
2023-06-03,73,Bengaluru,6,2023,Satisfactory
2023-06-04,71,Bengaluru,6,2023,Satisfactory
2023-06-05,66,Bengaluru,6,2023,Satisfactory
2023-06-06,65,Bengaluru,6,2023,Satisfactory
2023-06-07,59,Bengaluru,6,2023,Satisfactory
2023-06-08,49,Bengaluru,6,2023,Good
2023-06-09,46,Bengaluru,6,2023,Good
2023-06-10,53,Bengaluru,6,2023,Satisfactory
2023-06-11,43,Bengaluru,6,2023,Good
2023-06-12,39,Bengaluru,6,2023,Good
2023-06-13,50,Bengaluru,6,2023,Good
2023-06-14,61,Bengaluru,6,2023,Satisfactory
2023-06-15,54,Bengaluru,6,2023,Satisfactory
2023-06-16,55,Bengaluru,6,2023,Satisfactory
2023-06-17,54,Bengaluru,6,2023,Satisfactory
2023-06-18,49,Bengaluru,6,2023,Good
2023-06-19,45,Bengaluru,6,2023,Good
2023-06-20,61,Bengaluru,6,2023,Satisfactory
2023-06-21,65,Bengaluru,6,2023,Satisfactory
2023-06-22,57,Bengaluru,6,2023,Satisfactory
2023-06-23,53,Bengaluru,6,2023,Satisfactory
2023-06-24,48,Bengaluru,6,2023,Good
2023-06-25,42,Bengaluru,6,2023,Good
2023-06-26,38,Bengaluru,6,2023,Good
2023-06-27,44,Bengaluru,6,2023,Good
2023-06-28,42,Bengaluru,6,2023,Good
2023-06-29,40,Bengaluru,6,2023,Good
2023-06-30,38,Bengaluru,6,2023,Good
2023-07-01,43,Bengaluru,7,2023,Good
2023-07-02,50,Bengaluru,7,2023,Good
2023-07-03,44,Bengaluru,7,2023,Good
2023-07-04,34,Bengaluru,7,2023,Good
2023-07-05,36,Bengaluru,7,2023,Good
2023-07-06,37,Bengaluru,7,2023,Good
2023-07-07,39,Bengaluru,7,2023,Good
2023-07-08,38,Bengaluru,7,2023,Good
2023-07-09,39,Bengaluru,7,2023,Good
2023-07-10,40,Bengaluru,7,2023,Good
2023-07-11,52,Bengaluru,7,2023,Satisfactory
2023-07-12,49,Bengaluru,7,2023,Good
2023-07-13,48,Bengaluru,7,2023,Good
2023-07-14,61,Bengaluru,7,2023,Satisfactory
2023-07-15,50,Bengaluru,7,2023,Good
2023-07-16,48,Bengaluru,7,2023,Good
2023-07-17,47,Bengaluru,7,2023,Good
2023-07-18,57,Bengaluru,7,2023,Satisfactory
2023-07-19,63,Bengaluru,7,2023,Satisfactory
2023-07-20,71,Bengaluru,7,2023,Satisfactory
2023-07-21,97,Bengaluru,7,2023,Satisfactory
2023-07-22,59,Bengaluru,7,2023,Satisfactory
2023-07-23,45,Bengaluru,7,2023,Good
2023-07-24,41,Bengaluru,7,2023,Good
2023-07-25,40,Bengaluru,7,2023,Good
2023-07-26,45,Bengaluru,7,2023,Good
2023-07-27,39,Bengaluru,7,2023,Good
2023-07-28,62,Bengaluru,7,2023,Satisfactory
2023-07-29,54,Bengaluru,7,2023,Satisfactory
2023-07-30,52,Bengaluru,7,2023,Satisfactory
2023-07-31,47,Bengaluru,7,2023,Good
2023-08-01,67,Bengaluru,8,2023,Satisfactory
2023-08-02,68,Bengaluru,8,2023,Satisfactory
2023-08-03,64,Bengaluru,8,2023,Satisfactory
2023-08-04,54,Bengaluru,8,2023,Satisfactory
2023-08-05,58,Bengaluru,8,2023,Satisfactory
2023-08-06,42,Bengaluru,8,2023,Good
2023-08-07,50,Bengaluru,8,2023,Good
2023-08-08,64,Bengaluru,8,2023,Satisfactory
2023-08-09,60,Bengaluru,8,2023,Satisfactory
2023-08-10,65,Bengaluru,8,2023,Satisfactory
2023-08-11,64,Bengaluru,8,2023,Satisfactory
2023-08-12,74,Bengaluru,8,2023,Satisfactory
2023-08-13,65,Bengaluru,8,2023,Satisfactory
2023-08-14,50,Bengaluru,8,2023,Good
2023-08-15,61,Bengaluru,8,2023,Satisfactory
2023-08-16,64,Bengaluru,8,2023,Satisfactory
2023-08-17,75,Bengaluru,8,2023,Satisfactory
2023-08-18,68,Bengaluru,8,2023,Satisfactory
2023-08-19,49,Bengaluru,8,2023,Good
2023-08-20,49,Bengaluru,8,2023,Good
2023-08-21,59,Bengaluru,8,2023,Satisfactory
2023-08-22,99,Bengaluru,8,2023,Satisfactory
2023-08-23,78,Bengaluru,8,2023,Satisfactory
2023-08-24,82,Bengaluru,8,2023,Satisfactory
2023-08-25,115,Bengaluru,8,2023,Moderate
2023-08-26,65,Bengaluru,8,2023,Satisfactory
2023-08-27,50,Bengaluru,8,2023,Good
2023-08-28,63,Bengaluru,8,2023,Satisfactory
2023-08-29,69,Bengaluru,8,2023,Satisfactory
2023-08-30,71,Bengaluru,8,2023,Satisfactory
2023-08-31,78,Bengaluru,8,2023,Satisfactory
2023-09-01,57,Bengaluru,9,2023,Satisfactory
2023-09-02,51,Bengaluru,9,2023,Satisfactory
2023-09-03,51,Bengaluru,9,2023,Satisfactory
2023-09-04,68,Bengaluru,9,2023,Satisfactory
2023-09-05,52,Bengaluru,9,2023,Satisfactory
2023-09-06,34,Bengaluru,9,2023,Good
2023-09-07,40,Bengaluru,9,2023,Good
2023-09-08,48,Bengaluru,9,2023,Good
2023-09-09,48,Bengaluru,9,2023,Good
2023-09-10,50,Bengaluru,9,2023,Good
2023-09-11,49,Bengaluru,9,2023,Good
2023-09-12,49,Bengaluru,9,2023,Good
2023-09-13,51,Bengaluru,9,2023,Satisfactory
2023-09-14,47,Bengaluru,9,2023,Good
2023-09-15,44,Bengaluru,9,2023,Good
2023-09-16,40,Bengaluru,9,2023,Good
2023-09-17,39,Bengaluru,9,2023,Good
2023-09-18,36,Bengaluru,9,2023,Good
2023-09-19,37,Bengaluru,9,2023,Good
2023-09-20,56,Bengaluru,9,2023,Satisfactory
2023-09-21,52,Bengaluru,9,2023,Satisfactory
2023-09-22,61,Bengaluru,9,2023,Satisfactory
2023-09-23,72,Bengaluru,9,2023,Satisfactory
2023-09-24,59,Bengaluru,9,2023,Satisfactory
2023-09-25,44,Bengaluru,9,2023,Good
2023-09-26,43,Bengaluru,9,2023,Good
2023-09-27,44,Bengaluru,9,2023,Good
2023-09-28,51,Bengaluru,9,2023,Satisfactory
2023-09-29,41,Bengaluru,9,2023,Good
2023-09-30,40,Bengaluru,9,2023,Good
2023-10-01,39,Bengaluru,10,2023,Good
2023-10-02,52,Bengaluru,10,2023,Satisfactory
2023-10-03,94,Bengaluru,10,2023,Satisfactory
2023-10-04,88,Bengaluru,10,2023,Satisfactory
2023-10-05,85,Bengaluru,10,2023,Satisfactory
2023-10-06,91,Bengaluru,10,2023,Satisfactory
2023-10-07,95,Bengaluru,10,2023,Satisfactory
2023-10-08,88,Bengaluru,10,2023,Satisfactory
2023-10-09,67,Bengaluru,10,2023,Satisfactory
2023-10-10,69,Bengaluru,10,2023,Satisfactory
2023-10-11,77,Bengaluru,10,2023,Satisfactory
2023-10-12,99,Bengaluru,10,2023,Satisfactory
2023-10-13,105,Bengaluru,10,2023,Moderate
2023-10-14,95,Bengaluru,10,2023,Satisfactory
2023-10-15,80,Bengaluru,10,2023,Satisfactory
2023-10-16,78,Bengaluru,10,2023,Satisfactory
2023-10-17,76,Bengaluru,10,2023,Satisfactory
2023-10-18,99,Bengaluru,10,2023,Satisfactory
2023-10-19,104,Bengaluru,10,2023,Moderate
2023-10-20,119,Bengaluru,10,2023,Moderate
2023-10-21,99,Bengaluru,10,2023,Satisfactory
2023-10-22,88,Bengaluru,10,2023,Satisfactory
2023-10-23,93,Bengaluru,10,2023,Satisfactory
2023-10-24,81,Bengaluru,10,2023,Satisfactory
2023-10-25,86,Bengaluru,10,2023,Satisfactory
2023-10-26,97,Bengaluru,10,2023,Satisfactory
2023-10-27,92,Bengaluru,10,2023,Satisfactory
2023-10-28,76,Bengaluru,10,2023,Satisfactory
2023-10-29,56,Bengaluru,10,2023,Satisfactory
2023-10-30,50,Bengaluru,10,2023,Good
2023-10-31,78,Bengaluru,10,2023,Satisfactory
2023-11-01,81,Bengaluru,11,2023,Satisfactory
2023-11-02,67,Bengaluru,11,2023,Satisfactory
2023-11-03,46,Bengaluru,11,2023,Good
2023-11-04,46,Bengaluru,11,2023,Good
2023-11-05,43,Bengaluru,11,2023,Good
2023-11-06,53,Bengaluru,11,2023,Satisfactory
2023-11-07,49,Bengaluru,11,2023,Good
2023-11-08,43,Bengaluru,11,2023,Good
2023-11-09,62,Bengaluru,11,2023,Satisfactory
2023-11-10,79,Bengaluru,11,2023,Satisfactory
2023-11-11,90,Bengaluru,11,2023,Satisfactory
2023-11-12,88,Bengaluru,11,2023,Satisfactory
2023-11-13,148,Bengaluru,11,2023,Moderate
2023-11-14,168,Bengaluru,11,2023,Moderate
2023-11-15,172,Bengaluru,11,2023,Moderate
2023-11-16,125,Bengaluru,11,2023,Moderate
2023-11-17,114,Bengaluru,11,2023,Moderate
2023-11-18,72,Bengaluru,11,2023,Satisfactory
2023-11-19,62,Bengaluru,11,2023,Satisfactory
2023-11-20,59,Bengaluru,11,2023,Satisfactory
2023-11-21,65,Bengaluru,11,2023,Satisfactory
2023-11-22,63,Bengaluru,11,2023,Satisfactory
2023-11-23,47,Bengaluru,11,2023,Good
2023-11-24,61,Bengaluru,11,2023,Satisfactory
2023-11-25,54,Bengaluru,11,2023,Satisfactory
2023-11-26,69,Bengaluru,11,2023,Satisfactory
2023-11-27,57,Bengaluru,11,2023,Satisfactory
2023-11-28,58,Bengaluru,11,2023,Satisfactory
2023-11-29,64,Bengaluru,11,2023,Satisfactory
2023-11-30,45,Bengaluru,11,2023,Good
2023-12-01,51,Bengaluru,12,2023,Satisfactory
2023-12-02,76,Bengaluru,12,2023,Satisfactory
2023-12-03,61,Bengaluru,12,2023,Satisfactory
2023-12-04,74,Bengaluru,12,2023,Satisfactory
2023-12-05,75,Bengaluru,12,2023,Satisfactory
2023-12-06,113,Bengaluru,12,2023,Moderate
2023-12-07,102,Bengaluru,12,2023,Moderate
2023-12-08,97,Bengaluru,12,2023,Satisfactory
2023-12-09,79,Bengaluru,12,2023,Satisfactory
2023-12-10,84,Bengaluru,12,2023,Satisfactory
2023-12-11,79,Bengaluru,12,2023,Satisfactory
2023-12-12,90,Bengaluru,12,2023,Satisfactory
2023-12-13,93,Bengaluru,12,2023,Satisfactory
2023-12-14,91,Bengaluru,12,2023,Satisfactory
2023-12-15,99,Bengaluru,12,2023,Satisfactory
2023-12-16,75,Bengaluru,12,2023,Satisfactory
2023-12-17,68,Bengaluru,12,2023,Satisfactory
2023-12-18,75,Bengaluru,12,2023,Satisfactory
2023-12-19,112,Bengaluru,12,2023,Moderate
2023-12-20,121,Bengaluru,12,2023,Moderate
2023-12-21,100,Bengaluru,12,2023,Satisfactory
2023-12-22,101,Bengaluru,12,2023,Moderate
2023-12-23,133,Bengaluru,12,2023,Moderate
2023-12-24,114,Bengaluru,12,2023,Moderate
2023-12-25,74,Bengaluru,12,2023,Satisfactory
2023-12-26,76,Bengaluru,12,2023,Satisfactory
2023-12-27,78,Bengaluru,12,2023,Satisfactory
2023-12-28,80,Bengaluru,12,2023,Satisfactory
2023-12-29,72,Bengaluru,12,2023,Satisfactory
2023-12-30,67,Bengaluru,12,2023,Satisfactory
2023-12-31,73,Bengaluru,12,2023,Satisfactory
2024-01-01,91,Bengaluru,1,2024,Satisfactory
2024-01-02,93,Bengaluru,1,2024,Satisfactory
2024-01-03,96,Bengaluru,1,2024,Satisfactory
2024-01-04,98,Bengaluru,1,2024,Satisfactory
2024-01-05,93,Bengaluru,1,2024,Satisfactory
2024-01-06,88,Bengaluru,1,2024,Satisfactory
2024-01-07,76,Bengaluru,1,2024,Satisfactory
2024-01-08,65,Bengaluru,1,2024,Satisfactory
2024-01-09,73,Bengaluru,1,2024,Satisfactory
2024-01-10,122,Bengaluru,1,2024,Moderate
2024-01-11,92,Bengaluru,1,2024,Satisfactory
2024-01-12,88,Bengaluru,1,2024,Satisfactory
2024-01-13,107,Bengaluru,1,2024,Moderate
2024-01-14,128,Bengaluru,1,2024,Moderate
2024-01-15,135,Bengaluru,1,2024,Moderate
2024-01-16,148,Bengaluru,1,2024,Moderate
2024-01-17,133,Bengaluru,1,2024,Moderate
2024-01-18,108,Bengaluru,1,2024,Moderate
2024-01-19,107,Bengaluru,1,2024,Moderate
2024-01-20,102,Bengaluru,1,2024,Moderate
2024-01-21,109,Bengaluru,1,2024,Moderate
2024-01-22,98,Bengaluru,1,2024,Satisfactory
2024-01-23,101,Bengaluru,1,2024,Moderate
2024-01-24,94,Bengaluru,1,2024,Satisfactory
2024-01-25,114,Bengaluru,1,2024,Moderate
2024-01-26,85,Bengaluru,1,2024,Satisfactory
2024-01-27,73,Bengaluru,1,2024,Satisfactory
2024-01-28,74,Bengaluru,1,2024,Satisfactory
2024-01-29,85,Bengaluru,1,2024,Satisfactory
2024-01-30,94,Bengaluru,1,2024,Satisfactory
2024-01-31,133,Bengaluru,1,2024,Moderate
2024-02-01,106,Bengaluru,2,2024,Moderate
2024-02-02,108,Bengaluru,2,2024,Moderate
2024-02-03,108,Bengaluru,2,2024,Moderate
2024-02-04,95,Bengaluru,2,2024,Satisfactory
2024-02-05,93,Bengaluru,2,2024,Satisfactory
2024-02-06,97,Bengaluru,2,2024,Satisfactory
2024-02-07,99,Bengaluru,2,2024,Satisfactory
2024-02-08,97,Bengaluru,2,2024,Satisfactory
2024-02-09,95,Bengaluru,2,2024,Satisfactory
2024-02-10,97,Bengaluru,2,2024,Satisfactory
2024-02-11,92,Bengaluru,2,2024,Satisfactory
2024-02-12,98,Bengaluru,2,2024,Satisfactory
2024-02-13,92,Bengaluru,2,2024,Satisfactory
2024-02-14,69,Bengaluru,2,2024,Satisfactory
2024-02-15,75,Bengaluru,2,2024,Satisfactory
2024-02-16,78,Bengaluru,2,2024,Satisfactory
2024-02-17,75,Bengaluru,2,2024,Satisfactory
2024-02-18,89,Bengaluru,2,2024,Satisfactory
2024-02-19,74,Bengaluru,2,2024,Satisfactory
2024-02-20,78,Bengaluru,2,2024,Satisfactory
2024-02-21,99,Bengaluru,2,2024,Satisfactory
2024-02-22,108,Bengaluru,2,2024,Moderate
2024-02-23,105,Bengaluru,2,2024,Moderate
2024-02-24,99,Bengaluru,2,2024,Satisfactory
2024-02-25,93,Bengaluru,2,2024,Satisfactory
2024-02-26,76,Bengaluru,2,2024,Satisfactory
2024-02-27,70,Bengaluru,2,2024,Satisfactory
2024-02-28,74,Bengaluru,2,2024,Satisfactory
2024-02-29,76,Bengaluru,2,2024,Satisfactory
2024-03-01,77,Bengaluru,3,2024,Satisfactory
2024-03-02,83,Bengaluru,3,2024,Satisfactory
2024-03-03,109,Bengaluru,3,2024,Moderate
2024-03-04,97,Bengaluru,3,2024,Satisfactory
2024-03-05,118,Bengaluru,3,2024,Moderate
2024-03-06,101,Bengaluru,3,2024,Moderate
2024-03-07,128,Bengaluru,3,2024,Moderate
2024-03-08,140,Bengaluru,3,2024,Moderate
2024-03-09,121,Bengaluru,3,2024,Moderate
2024-03-10,133,Bengaluru,3,2024,Moderate
2024-03-11,119,Bengaluru,3,2024,Moderate
2024-03-12,121,Bengaluru,3,2024,Moderate
2024-03-13,105,Bengaluru,3,2024,Moderate
2024-03-14,122,Bengaluru,3,2024,Moderate
2024-03-15,125,Bengaluru,3,2024,Moderate
2024-03-16,114,Bengaluru,3,2024,Moderate
2024-03-17,99,Bengaluru,3,2024,Satisfactory
2024-03-18,121,Bengaluru,3,2024,Moderate
2024-03-19,119,Bengaluru,3,2024,Moderate
2024-03-20,124,Bengaluru,3,2024,Moderate
2024-03-21,88,Bengaluru,3,2024,Satisfactory
2024-03-22,75,Bengaluru,3,2024,Satisfactory
2024-03-23,84,Bengaluru,3,2024,Satisfactory
2024-03-24,85,Bengaluru,3,2024,Satisfactory
2024-03-25,89,Bengaluru,3,2024,Satisfactory
2024-03-26,89,Bengaluru,3,2024,Satisfactory
2024-03-27,88,Bengaluru,3,2024,Satisfactory
2024-03-28,89,Bengaluru,3,2024,Satisfactory
2024-03-29,93,Bengaluru,3,2024,Satisfactory
2024-03-30,93,Bengaluru,3,2024,Satisfactory
2024-03-31,88,Bengaluru,3,2024,Satisfactory
2024-04-01,87,Bengaluru,4,2024,Satisfactory
2024-04-02,95,Bengaluru,4,2024,Satisfactory
2024-04-03,81,Bengaluru,4,2024,Satisfactory
2024-04-04,78,Bengaluru,4,2024,Satisfactory
2024-04-05,76,Bengaluru,4,2024,Satisfactory
2024-04-06,90,Bengaluru,4,2024,Satisfactory
2024-04-07,82,Bengaluru,4,2024,Satisfactory
2024-04-08,79,Bengaluru,4,2024,Satisfactory
2024-04-09,79,Bengaluru,4,2024,Satisfactory
2024-04-10,86,Bengaluru,4,2024,Satisfactory
2024-04-11,62,Bengaluru,4,2024,Satisfactory
2024-04-12,62,Bengaluru,4,2024,Satisfactory
2024-04-13,59,Bengaluru,4,2024,Satisfactory
2024-04-14,66,Bengaluru,4,2024,Satisfactory
2024-04-15,63,Bengaluru,4,2024,Satisfactory
2024-04-16,65,Bengaluru,4,2024,Satisfactory
2024-04-17,90,Bengaluru,4,2024,Satisfactory
2024-04-18,99,Bengaluru,4,2024,Satisfactory
2024-04-19,92,Bengaluru,4,2024,Satisfactory
2024-04-20,84,Bengaluru,4,2024,Satisfactory
2024-04-21,91,Bengaluru,4,2024,Satisfactory
2024-04-22,80,Bengaluru,4,2024,Satisfactory
2024-04-23,81,Bengaluru,4,2024,Satisfactory
2024-04-24,84,Bengaluru,4,2024,Satisfactory
2024-04-25,89,Bengaluru,4,2024,Satisfactory
2024-04-26,92,Bengaluru,4,2024,Satisfactory
2024-04-27,95,Bengaluru,4,2024,Satisfactory
2024-04-28,88,Bengaluru,4,2024,Satisfactory
2024-04-29,65,Bengaluru,4,2024,Satisfactory
2024-04-30,74,Bengaluru,4,2024,Satisfactory
2024-05-01,83,Bengaluru,5,2024,Satisfactory
2024-05-02,95,Bengaluru,5,2024,Satisfactory
2024-05-03,94,Bengaluru,5,2024,Satisfactory
2024-05-04,60,Bengaluru,5,2024,Satisfactory
2024-05-05,94,Bengaluru,5,2024,Satisfactory
2024-05-06,84,Bengaluru,5,2024,Satisfactory
2024-05-07,65,Bengaluru,5,2024,Satisfactory
2024-05-08,65,Bengaluru,5,2024,Satisfactory
2024-05-09,79,Bengaluru,5,2024,Satisfactory
2024-05-10,71,Bengaluru,5,2024,Satisfactory
2024-05-11,60,Bengaluru,5,2024,Satisfactory
2024-05-12,68,Bengaluru,5,2024,Satisfactory
2024-05-13,60,Bengaluru,5,2024,Satisfactory
2024-05-14,49,Bengaluru,5,2024,Good
2024-05-15,66,Bengaluru,5,2024,Satisfactory
2024-05-16,68,Bengaluru,5,2024,Satisfactory
2024-05-17,58,Bengaluru,5,2024,Satisfactory
2024-05-18,58,Bengaluru,5,2024,Satisfactory
2024-05-19,51,Bengaluru,5,2024,Satisfactory
2024-05-20,44,Bengaluru,5,2024,Good
2024-05-21,50,Bengaluru,5,2024,Good
2024-05-22,62,Bengaluru,5,2024,Satisfactory
2024-05-23,59,Bengaluru,5,2024,Satisfactory
2024-05-24,65,Bengaluru,5,2024,Satisfactory
2024-05-25,63,Bengaluru,5,2024,Satisfactory
2024-05-26,60,Bengaluru,5,2024,Satisfactory
2024-05-27,65,Bengaluru,5,2024,Satisfactory
2024-05-28,70,Bengaluru,5,2024,Satisfactory
2024-05-29,64,Bengaluru,5,2024,Satisfactory
2024-05-30,74,Bengaluru,5,2024,Satisfactory
2024-05-31,72,Bengaluru,5,2024,Satisfactory
2024-06-01,73,Bengaluru,6,2024,Satisfactory
2024-06-02,46,Bengaluru,6,2024,Good
2024-06-03,49,Bengaluru,6,2024,Good
2024-06-04,54,Bengaluru,6,2024,Satisfactory
2024-06-05,46,Bengaluru,6,2024,Good
2024-06-06,50,Bengaluru,6,2024,Good
2024-06-07,39,Bengaluru,6,2024,Good
2024-06-08,45,Bengaluru,6,2024,Good
2024-06-09,46,Bengaluru,6,2024,Good
2024-06-10,44,Bengaluru,6,2024,Good
2024-06-11,45,Bengaluru,6,2024,Good
2024-06-12,45,Bengaluru,6,2024,Good
2024-06-13,40,Bengaluru,6,2024,Good
2024-06-14,49,Bengaluru,6,2024,Good
2024-06-15,66,Bengaluru,6,2024,Satisfactory
2024-06-16,53,Bengaluru,6,2024,Satisfactory
2024-06-17,46,Bengaluru,6,2024,Good
2024-06-18,44,Bengaluru,6,2024,Good
2024-06-19,47,Bengaluru,6,2024,Good
2024-06-20,53,Bengaluru,6,2024,Satisfactory
2024-06-21,51,Bengaluru,6,2024,Satisfactory
2024-06-22,54,Bengaluru,6,2024,Satisfactory
2024-06-23,51,Bengaluru,6,2024,Satisfactory
2024-06-24,46,Bengaluru,6,2024,Good
2024-06-25,50,Bengaluru,6,2024,Good
2024-06-26,47,Bengaluru,6,2024,Good
2024-06-27,46,Bengaluru,6,2024,Good
2024-06-28,59,Bengaluru,6,2024,Satisfactory
2024-06-29,56,Bengaluru,6,2024,Satisfactory
2024-06-30,51,Bengaluru,6,2024,Satisfactory
2024-07-01,44,Bengaluru,7,2024,Good
2024-07-02,47,Bengaluru,7,2024,Good
2024-07-03,52,Bengaluru,7,2024,Satisfactory
2024-07-04,50,Bengaluru,7,2024,Good
2024-07-05,54,Bengaluru,7,2024,Satisfactory
2024-07-06,52,Bengaluru,7,2024,Satisfactory
2024-07-07,61,Bengaluru,7,2024,Satisfactory
2024-07-08,49,Bengaluru,7,2024,Good
2024-07-09,50,Bengaluru,7,2024,Good
2024-07-10,57,Bengaluru,7,2024,Satisfactory
2024-07-11,56,Bengaluru,7,2024,Satisfactory
2024-07-12,57,Bengaluru,7,2024,Satisfactory
2024-07-13,49,Bengaluru,7,2024,Good
2024-07-14,55,Bengaluru,7,2024,Satisfactory
2024-07-15,42,Bengaluru,7,2024,Good
2024-07-16,43,Bengaluru,7,2024,Good
2024-07-17,51,Bengaluru,7,2024,Satisfactory
2024-07-18,47,Bengaluru,7,2024,Good
2024-07-19,43,Bengaluru,7,2024,Good
2024-07-20,55,Bengaluru,7,2024,Satisfactory
2024-07-21,55,Bengaluru,7,2024,Satisfactory
2024-07-22,47,Bengaluru,7,2024,Good
2024-07-23,51,Bengaluru,7,2024,Satisfactory
2024-07-24,49,Bengaluru,7,2024,Good
2024-07-25,47,Bengaluru,7,2024,Good
2024-07-26,50,Bengaluru,7,2024,Good
2024-07-27,50,Bengaluru,7,2024,Good
2024-07-28,52,Bengaluru,7,2024,Satisfactory
2024-07-29,54,Bengaluru,7,2024,Satisfactory
2024-07-30,52,Bengaluru,7,2024,Satisfactory
2024-07-31,53,Bengaluru,7,2024,Satisfactory
2024-08-01,50,Bengaluru,8,2024,Good
2024-08-02,48,Bengaluru,8,2024,Good
2024-08-03,50,Bengaluru,8,2024,Good
2024-08-04,52,Bengaluru,8,2024,Satisfactory
2024-08-05,55,Bengaluru,8,2024,Satisfactory
2024-08-06,45,Bengaluru,8,2024,Good
2024-08-07,45,Bengaluru,8,2024,Good
2024-08-08,58,Bengaluru,8,2024,Satisfactory
2024-08-09,55,Bengaluru,8,2024,Satisfactory
2024-08-10,60,Bengaluru,8,2024,Satisfactory
2024-08-11,56,Bengaluru,8,2024,Satisfactory
2024-08-12,56,Bengaluru,8,2024,Satisfactory
2024-08-13,78,Bengaluru,8,2024,Satisfactory
2024-08-14,84,Bengaluru,8,2024,Satisfactory
2024-08-15,68,Bengaluru,8,2024,Satisfactory
2024-08-16,68,Bengaluru,8,2024,Satisfactory
2024-08-17,78,Bengaluru,8,2024,Satisfactory
2024-08-18,49,Bengaluru,8,2024,Good
2024-08-19,61,Bengaluru,8,2024,Satisfactory
2024-08-20,55,Bengaluru,8,2024,Satisfactory
2024-08-21,46,Bengaluru,8,2024,Good
2024-08-22,48,Bengaluru,8,2024,Good
2024-08-23,57,Bengaluru,8,2024,Satisfactory
2024-08-24,57,Bengaluru,8,2024,Satisfactory
2024-08-25,55,Bengaluru,8,2024,Satisfactory
2024-08-26,55,Bengaluru,8,2024,Satisfactory
2024-08-27,49,Bengaluru,8,2024,Good
2024-08-28,50,Bengaluru,8,2024,Good
2024-08-29,49,Bengaluru,8,2024,Good
2024-08-30,48,Bengaluru,8,2024,Good
2024-08-31,55,Bengaluru,8,2024,Satisfactory
2024-09-01,52,Bengaluru,9,2024,Satisfactory
2024-09-02,51,Bengaluru,9,2024,Satisfactory
2024-09-03,56,Bengaluru,9,2024,Satisfactory
2024-09-04,64,Bengaluru,9,2024,Satisfactory
2024-09-05,61,Bengaluru,9,2024,Satisfactory
2024-09-06,57,Bengaluru,9,2024,Satisfactory
2024-09-07,60,Bengaluru,9,2024,Satisfactory
2024-09-08,48,Bengaluru,9,2024,Good
2024-09-09,46,Bengaluru,9,2024,Good
2024-09-10,54,Bengaluru,9,2024,Satisfactory
2024-09-11,53,Bengaluru,9,2024,Satisfactory
2024-09-12,60,Bengaluru,9,2024,Satisfactory
2024-09-13,58,Bengaluru,9,2024,Satisfactory
2024-09-14,58,Bengaluru,9,2024,Satisfactory
2024-09-15,61,Bengaluru,9,2024,Satisfactory
2024-09-16,51,Bengaluru,9,2024,Satisfactory
2024-09-17,52,Bengaluru,9,2024,Satisfactory
2024-09-18,58,Bengaluru,9,2024,Satisfactory
2024-09-19,77,Bengaluru,9,2024,Satisfactory
2024-09-20,63,Bengaluru,9,2024,Satisfactory
2024-09-21,65,Bengaluru,9,2024,Satisfactory
2024-09-22,53,Bengaluru,9,2024,Satisfactory
2024-09-23,45,Bengaluru,9,2024,Good
2024-09-24,55,Bengaluru,9,2024,Satisfactory
2024-09-25,52,Bengaluru,9,2024,Satisfactory
2024-09-26,54,Bengaluru,9,2024,Satisfactory
2024-09-27,56,Bengaluru,9,2024,Satisfactory
2024-09-28,62,Bengaluru,9,2024,Satisfactory
2024-09-29,57,Bengaluru,9,2024,Satisfactory
2024-09-30,71,Bengaluru,9,2024,Satisfactory
2024-10-01,70,Bengaluru,10,2024,Satisfactory
2024-10-02,69,Bengaluru,10,2024,Satisfactory
2024-10-03,48,Bengaluru,10,2024,Good
2024-10-04,68,Bengaluru,10,2024,Satisfactory
2024-10-05,54,Bengaluru,10,2024,Satisfactory
2024-10-06,56,Bengaluru,10,2024,Satisfactory
2024-10-07,100,Bengaluru,10,2024,Satisfactory
2024-10-08,69,Bengaluru,10,2024,Satisfactory
2024-10-09,65,Bengaluru,10,2024,Satisfactory
2024-10-10,60,Bengaluru,10,2024,Satisfactory
2024-10-11,55,Bengaluru,10,2024,Satisfactory
2024-10-12,53,Bengaluru,10,2024,Satisfactory
2024-10-13,43,Bengaluru,10,2024,Good
2024-10-14,48,Bengaluru,10,2024,Good
2024-10-15,45,Bengaluru,10,2024,Good
2024-10-16,48,Bengaluru,10,2024,Good
2024-10-17,46,Bengaluru,10,2024,Good
2024-10-18,48,Bengaluru,10,2024,Good
2024-10-19,53,Bengaluru,10,2024,Satisfactory
2024-10-20,47,Bengaluru,10,2024,Good
2024-10-21,50,Bengaluru,10,2024,Good
2024-10-22,50,Bengaluru,10,2024,Good
2024-10-23,59,Bengaluru,10,2024,Satisfactory
2024-10-24,50,Bengaluru,10,2024,Good
2024-10-25,95,Bengaluru,10,2024,Satisfactory
2024-10-26,148,Bengaluru,10,2024,Moderate
2024-10-27,144,Bengaluru,10,2024,Moderate
2024-10-28,127,Bengaluru,10,2024,Moderate
2024-10-29,110,Bengaluru,10,2024,Moderate
2024-10-30,130,Bengaluru,10,2024,Moderate
2024-10-31,109,Bengaluru,10,2024,Moderate
2024-11-01,135,Bengaluru,11,2024,Moderate
2024-11-02,122,Bengaluru,11,2024,Moderate
2024-11-03,75,Bengaluru,11,2024,Satisfactory
2024-11-04,69,Bengaluru,11,2024,Satisfactory
2024-11-05,71,Bengaluru,11,2024,Satisfactory
2024-11-06,110,Bengaluru,11,2024,Moderate
2024-11-07,101,Bengaluru,11,2024,Moderate
2024-11-08,68,Bengaluru,11,2024,Satisfactory
2024-11-09,62,Bengaluru,11,2024,Satisfactory
2024-11-10,72,Bengaluru,11,2024,Satisfactory
2024-11-11,85,Bengaluru,11,2024,Satisfactory
2024-11-12,99,Bengaluru,11,2024,Satisfactory
2024-11-13,60,Bengaluru,11,2024,Satisfactory
2024-11-14,52,Bengaluru,11,2024,Satisfactory
2024-11-15,50,Bengaluru,11,2024,Good
2024-11-16,53,Bengaluru,11,2024,Satisfactory
2024-11-17,65,Bengaluru,11,2024,Satisfactory
2024-11-18,104,Bengaluru,11,2024,Moderate
2024-11-19,96,Bengaluru,11,2024,Satisfactory
2024-11-20,90,Bengaluru,11,2024,Satisfactory
2024-11-21,94,Bengaluru,11,2024,Satisfactory
2024-11-22,94,Bengaluru,11,2024,Satisfactory
2024-11-23,95,Bengaluru,11,2024,Satisfactory
2024-11-24,100,Bengaluru,11,2024,Satisfactory
2024-11-25,85,Bengaluru,11,2024,Satisfactory
2024-11-26,92,Bengaluru,11,2024,Satisfactory
2024-11-27,97,Bengaluru,11,2024,Satisfactory
2024-11-28,98,Bengaluru,11,2024,Satisfactory
2024-11-29,89,Bengaluru,11,2024,Satisfactory
2024-11-30,71,Bengaluru,11,2024,Satisfactory
2024-12-01,59,Bengaluru,12,2024,Satisfactory
2024-12-02,53,Bengaluru,12,2024,Satisfactory
2024-12-03,50,Bengaluru,12,2024,Good
2024-12-04,54,Bengaluru,12,2024,Satisfactory
2024-12-05,60,Bengaluru,12,2024,Satisfactory
2024-12-06,66,Bengaluru,12,2024,Satisfactory
2024-12-07,76,Bengaluru,12,2024,Satisfactory
2024-12-08,58,Bengaluru,12,2024,Satisfactory
2024-12-09,66,Bengaluru,12,2024,Satisfactory
2024-12-10,93,Bengaluru,12,2024,Satisfactory
2024-12-11,90,Bengaluru,12,2024,Satisfactory
2024-12-12,86,Bengaluru,12,2024,Satisfactory
2024-12-13,64,Bengaluru,12,2024,Satisfactory
2024-12-14,99,Bengaluru,12,2024,Satisfactory
2024-12-15,106,Bengaluru,12,2024,Moderate
2024-12-16,113,Bengaluru,12,2024,Moderate
2024-12-17,123,Bengaluru,12,2024,Moderate
2024-12-18,92,Bengaluru,12,2024,Satisfactory
2024-12-19,72,Bengaluru,12,2024,Satisfactory
2024-12-20,68,Bengaluru,12,2024,Satisfactory
2024-12-21,81,Bengaluru,12,2024,Satisfactory
2024-12-22,82,Bengaluru,12,2024,Satisfactory
2024-12-23,76,Bengaluru,12,2024,Satisfactory
2024-12-24,91,Bengaluru,12,2024,Satisfactory
2024-12-25,81,Bengaluru,12,2024,Satisfactory
2024-12-26,57,Bengaluru,12,2024,Satisfactory
2024-12-27,54,Bengaluru,12,2024,Satisfactory
2024-12-28,57,Bengaluru,12,2024,Satisfactory
2024-12-29,70,Bengaluru,12,2024,Satisfactory
2024-12-30,62,Bengaluru,12,2024,Satisfactory
2024-12-31,65,Bengaluru,12,2024,Satisfactory
2025-01-01,81,Bengaluru,1,2025,Satisfactory
2025-01-02,96,Bengaluru,1,2025,Satisfactory
2025-01-03,97,Bengaluru,1,2025,Satisfactory
2025-01-04,98,Bengaluru,1,2025,Satisfactory
2025-01-05,102,Bengaluru,1,2025,Moderate
2025-01-06,102,Bengaluru,1,2025,Moderate
2025-01-07,97,Bengaluru,1,2025,Satisfactory
2025-01-08,100,Bengaluru,1,2025,Satisfactory
2025-01-09,109,Bengaluru,1,2025,Moderate
2025-01-10,111,Bengaluru,1,2025,Moderate
2025-01-11,89,Bengaluru,1,2025,Satisfactory
2025-01-12,89,Bengaluru,1,2025,Satisfactory
2025-01-13,66,Bengaluru,1,2025,Satisfactory
2025-01-14,56,Bengaluru,1,2025,Satisfactory
2025-01-15,63,Bengaluru,1,2025,Satisfactory
2025-01-16,74,Bengaluru,1,2025,Satisfactory
2025-01-17,105,Bengaluru,1,2025,Moderate
2025-01-18,110,Bengaluru,1,2025,Moderate
2025-01-19,95,Bengaluru,1,2025,Satisfactory
2025-01-20,70,Bengaluru,1,2025,Satisfactory
2025-01-21,115,Bengaluru,1,2025,Moderate
2025-01-22,91,Bengaluru,1,2025,Satisfactory
2025-01-23,86,Bengaluru,1,2025,Satisfactory
2025-01-24,82,Bengaluru,1,2025,Satisfactory
2025-01-25,86,Bengaluru,1,2025,Satisfactory
2025-01-26,82,Bengaluru,1,2025,Satisfactory
2025-01-27,80,Bengaluru,1,2025,Satisfactory
2025-01-28,106,Bengaluru,1,2025,Moderate
2025-01-29,101,Bengaluru,1,2025,Moderate
2025-01-30,100,Bengaluru,1,2025,Satisfactory
2025-01-31,73,Bengaluru,1,2025,Satisfactory
2025-02-01,71,Bengaluru,2,2025,Satisfactory
2025-02-02,71,Bengaluru,2,2025,Satisfactory
2025-02-03,73,Bengaluru,2,2025,Satisfactory
2025-02-04,78,Bengaluru,2,2025,Satisfactory
2025-02-05,99,Bengaluru,2,2025,Satisfactory
2025-02-06,86,Bengaluru,2,2025,Satisfactory
2025-02-07,77,Bengaluru,2,2025,Satisfactory
2025-02-08,86,Bengaluru,2,2025,Satisfactory
2025-02-09,106,Bengaluru,2,2025,Moderate
2025-02-10,103,Bengaluru,2,2025,Moderate
2025-02-11,88,Bengaluru,2,2025,Satisfactory
2025-02-12,91,Bengaluru,2,2025,Satisfactory
2025-02-13,91,Bengaluru,2,2025,Satisfactory
2025-02-14,93,Bengaluru,2,2025,Satisfactory
2025-02-15,87,Bengaluru,2,2025,Satisfactory
2025-02-16,88,Bengaluru,2,2025,Satisfactory
2025-02-17,80,Bengaluru,2,2025,Satisfactory
2025-02-18,88,Bengaluru,2,2025,Satisfactory
2025-02-19,93,Bengaluru,2,2025,Satisfactory
2025-02-20,100,Bengaluru,2,2025,Satisfactory
2025-02-21,92,Bengaluru,2,2025,Satisfactory
2025-02-22,85,Bengaluru,2,2025,Satisfactory
2025-02-23,86,Bengaluru,2,2025,Satisfactory
2025-02-24,84,Bengaluru,2,2025,Satisfactory
2025-02-25,83,Bengaluru,2,2025,Satisfactory
2025-02-26,83,Bengaluru,2,2025,Satisfactory
2025-02-27,81,Bengaluru,2,2025,Satisfactory
2025-02-28,76,Bengaluru,2,2025,Satisfactory
2025-03-01,67,Bengaluru,3,2025,Satisfactory
2025-03-02,74,Bengaluru,3,2025,Satisfactory
2025-03-03,74,Bengaluru,3,2025,Satisfactory
2025-03-04,100,Bengaluru,3,2025,Satisfactory
2025-03-05,110,Bengaluru,3,2025,Moderate
2025-03-06,121,Bengaluru,3,2025,Moderate
2025-03-07,130,Bengaluru,3,2025,Moderate
2025-03-08,119,Bengaluru,3,2025,Moderate
2025-03-09,115,Bengaluru,3,2025,Moderate
2025-03-10,84,Bengaluru,3,2025,Satisfactory
2025-03-11,75,Bengaluru,3,2025,Satisfactory
2025-03-12,60,Bengaluru,3,2025,Satisfactory
2025-03-13,67,Bengaluru,3,2025,Satisfactory
2025-03-14,81,Bengaluru,3,2025,Satisfactory
2025-03-15,97,Bengaluru,3,2025,Satisfactory
2025-03-16,91,Bengaluru,3,2025,Satisfactory
2025-03-17,105,Bengaluru,3,2025,Moderate
2025-03-18,90,Bengaluru,3,2025,Satisfactory
2025-03-19,81,Bengaluru,3,2025,Satisfactory
2025-03-20,75,Bengaluru,3,2025,Satisfactory
2025-03-21,97,Bengaluru,3,2025,Satisfactory
2025-03-22,81,Bengaluru,3,2025,Satisfactory
2025-03-23,79,Bengaluru,3,2025,Satisfactory
2025-03-24,84,Bengaluru,3,2025,Satisfactory
2025-03-25,80,Bengaluru,3,2025,Satisfactory
2025-03-26,94,Bengaluru,3,2025,Satisfactory
2025-03-27,91,Bengaluru,3,2025,Satisfactory
2025-03-28,94,Bengaluru,3,2025,Satisfactory
2025-03-29,109,Bengaluru,3,2025,Moderate
2025-03-30,115,Bengaluru,3,2025,Moderate
2025-03-31,113,Bengaluru,3,2025,Moderate
2019-01-01,393,Delhi,1,2019,Very Poor
2019-01-02,430,Delhi,1,2019,Severe
2019-01-03,444,Delhi,1,2019,Severe
2019-01-04,386,Delhi,1,2019,Very Poor
2019-01-05,407,Delhi,1,2019,Severe
2019-01-06,336,Delhi,1,2019,Very Poor
2019-01-07,333,Delhi,1,2019,Very Poor
2019-01-08,320,Delhi,1,2019,Very Poor
2019-01-09,288,Delhi,1,2019,Poor
2019-01-10,292,Delhi,1,2019,Poor
2019-01-11,371,Delhi,1,2019,Very Poor
2019-01-12,423,Delhi,1,2019,Severe
2019-01-13,414,Delhi,1,2019,Severe
2019-01-14,247,Delhi,1,2019,Poor
2019-01-15,237,Delhi,1,2019,Poor
2019-01-16,371,Delhi,1,2019,Very Poor
2019-01-17,440,Delhi,1,2019,Severe
2019-01-18,397,Delhi,1,2019,Very Poor
2019-01-19,378,Delhi,1,2019,Very Poor
2019-01-20,404,Delhi,1,2019,Severe
2019-01-21,346,Delhi,1,2019,Very Poor
2019-01-22,104,Delhi,1,2019,Moderate
2019-01-23,212,Delhi,1,2019,Poor
2019-01-24,311,Delhi,1,2019,Very Poor
2019-01-25,151,Delhi,1,2019,Moderate
2019-01-26,233,Delhi,1,2019,Poor
2019-01-27,262,Delhi,1,2019,Poor
2019-01-28,267,Delhi,1,2019,Poor
2019-01-29,276,Delhi,1,2019,Poor
2019-01-30,327,Delhi,1,2019,Very Poor
2019-01-31,359,Delhi,1,2019,Very Poor
2019-02-01,306,Delhi,2,2019,Very Poor
2019-02-02,332,Delhi,2,2019,Very Poor
2019-02-03,289,Delhi,2,2019,Poor
2019-02-04,288,Delhi,2,2019,Poor
2019-02-05,382,Delhi,2,2019,Very Poor
2019-02-06,352,Delhi,2,2019,Very Poor
2019-02-07,176,Delhi,2,2019,Moderate
2019-02-08,144,Delhi,2,2019,Moderate
2019-02-09,158,Delhi,2,2019,Moderate
2019-02-10,276,Delhi,2,2019,Poor
2019-02-11,309,Delhi,2,2019,Very Poor
2019-02-12,342,Delhi,2,2019,Very Poor
2019-02-13,367,Delhi,2,2019,Very Poor
2019-02-14,340,Delhi,2,2019,Very Poor
2019-02-15,245,Delhi,2,2019,Poor
2019-02-16,276,Delhi,2,2019,Poor
2019-02-17,222,Delhi,2,2019,Poor
2019-02-18,255,Delhi,2,2019,Poor
2019-02-19,221,Delhi,2,2019,Poor
2019-02-20,271,Delhi,2,2019,Poor
2019-02-21,144,Delhi,2,2019,Moderate
2019-02-22,186,Delhi,2,2019,Moderate
2019-02-23,113,Delhi,2,2019,Moderate
2019-02-24,190,Delhi,2,2019,Moderate
2019-02-25,217,Delhi,2,2019,Poor
2019-02-26,116,Delhi,2,2019,Moderate
2019-02-27,100,Delhi,2,2019,Satisfactory
2019-02-28,170,Delhi,2,2019,Moderate
2019-03-01,225,Delhi,3,2019,Poor
2019-03-02,217,Delhi,3,2019,Poor
2019-03-03,117,Delhi,3,2019,Moderate
2019-03-04,234,Delhi,3,2019,Poor
2019-03-05,140,Delhi,3,2019,Moderate
2019-03-06,186,Delhi,3,2019,Moderate
2019-03-07,217,Delhi,3,2019,Poor
2019-03-08,197,Delhi,3,2019,Moderate
2019-03-09,187,Delhi,3,2019,Moderate
2019-03-10,160,Delhi,3,2019,Moderate
2019-03-11,187,Delhi,3,2019,Moderate
2019-03-12,134,Delhi,3,2019,Moderate
2019-03-13,178,Delhi,3,2019,Moderate
2019-03-14,266,Delhi,3,2019,Poor
2019-03-15,154,Delhi,3,2019,Moderate
2019-03-16,139,Delhi,3,2019,Moderate
2019-03-17,192,Delhi,3,2019,Moderate
2019-03-18,196,Delhi,3,2019,Moderate
2019-03-19,216,Delhi,3,2019,Poor
2019-03-20,208,Delhi,3,2019,Poor
2019-03-21,242,Delhi,3,2019,Poor
2019-03-22,114,Delhi,3,2019,Moderate
2019-03-23,132,Delhi,3,2019,Moderate
2019-03-24,121,Delhi,3,2019,Moderate
2019-03-25,139,Delhi,3,2019,Moderate
2019-03-26,159,Delhi,3,2019,Moderate
2019-03-27,171,Delhi,3,2019,Moderate
2019-03-28,234,Delhi,3,2019,Poor
2019-03-29,232,Delhi,3,2019,Poor
2019-03-30,233,Delhi,3,2019,Poor
2019-03-31,182,Delhi,3,2019,Moderate
2019-04-01,151,Delhi,4,2019,Moderate
2019-04-02,198,Delhi,4,2019,Moderate
2019-04-03,187,Delhi,4,2019,Moderate
2019-04-04,254,Delhi,4,2019,Poor
2019-04-05,264,Delhi,4,2019,Poor
2019-04-06,266,Delhi,4,2019,Poor
2019-04-07,302,Delhi,4,2019,Very Poor
2019-04-08,264,Delhi,4,2019,Poor
2019-04-09,204,Delhi,4,2019,Poor
2019-04-10,238,Delhi,4,2019,Poor
2019-04-11,183,Delhi,4,2019,Moderate
2019-04-12,212,Delhi,4,2019,Poor
2019-04-13,170,Delhi,4,2019,Moderate
2019-04-14,137,Delhi,4,2019,Moderate
2019-04-15,168,Delhi,4,2019,Moderate
2019-04-16,180,Delhi,4,2019,Moderate
2019-04-17,84,Delhi,4,2019,Satisfactory
2019-04-18,114,Delhi,4,2019,Moderate
2019-04-19,157,Delhi,4,2019,Moderate
2019-04-20,198,Delhi,4,2019,Moderate
2019-04-21,203,Delhi,4,2019,Poor
2019-04-22,236,Delhi,4,2019,Poor
2019-04-23,247,Delhi,4,2019,Poor
2019-04-24,221,Delhi,4,2019,Poor
2019-04-25,251,Delhi,4,2019,Poor
2019-04-26,215,Delhi,4,2019,Poor
2019-04-27,256,Delhi,4,2019,Poor
2019-04-28,264,Delhi,4,2019,Poor
2019-04-29,248,Delhi,4,2019,Poor
2019-04-30,250,Delhi,4,2019,Poor
2019-05-01,295,Delhi,5,2019,Poor
2019-05-02,257,Delhi,5,2019,Poor
2019-05-03,183,Delhi,5,2019,Moderate
2019-05-04,182,Delhi,5,2019,Moderate
2019-05-05,227,Delhi,5,2019,Poor
2019-05-06,249,Delhi,5,2019,Poor
2019-05-07,294,Delhi,5,2019,Poor
2019-05-08,357,Delhi,5,2019,Very Poor
2019-05-09,347,Delhi,5,2019,Very Poor
2019-05-10,277,Delhi,5,2019,Poor
2019-05-11,251,Delhi,5,2019,Poor
2019-05-12,334,Delhi,5,2019,Very Poor
2019-05-13,322,Delhi,5,2019,Very Poor
2019-05-14,153,Delhi,5,2019,Moderate
2019-05-15,186,Delhi,5,2019,Moderate
2019-05-16,187,Delhi,5,2019,Moderate
2019-05-17,265,Delhi,5,2019,Poor
2019-05-18,105,Delhi,5,2019,Moderate
2019-05-19,185,Delhi,5,2019,Moderate
2019-05-20,206,Delhi,5,2019,Poor
2019-05-21,190,Delhi,5,2019,Moderate
2019-05-22,158,Delhi,5,2019,Moderate
2019-05-23,223,Delhi,5,2019,Poor
2019-05-24,123,Delhi,5,2019,Moderate
2019-05-25,121,Delhi,5,2019,Moderate
2019-05-26,142,Delhi,5,2019,Moderate
2019-05-27,160,Delhi,5,2019,Moderate
2019-05-28,177,Delhi,5,2019,Moderate
2019-05-29,185,Delhi,5,2019,Moderate
2019-05-30,218,Delhi,5,2019,Poor
2019-05-31,280,Delhi,5,2019,Poor
2019-06-01,264,Delhi,6,2019,Poor
2019-06-02,201,Delhi,6,2019,Poor
2019-06-03,261,Delhi,6,2019,Poor
2019-06-04,169,Delhi,6,2019,Moderate
2019-06-05,192,Delhi,6,2019,Moderate
2019-06-06,206,Delhi,6,2019,Poor
2019-06-07,173,Delhi,6,2019,Moderate
2019-06-08,181,Delhi,6,2019,Moderate
2019-06-09,239,Delhi,6,2019,Poor
2019-06-10,207,Delhi,6,2019,Poor
2019-06-11,307,Delhi,6,2019,Very Poor
2019-06-12,233,Delhi,6,2019,Poor
2019-06-13,175,Delhi,6,2019,Moderate
2019-06-14,171,Delhi,6,2019,Moderate
2019-06-15,224,Delhi,6,2019,Poor
2019-06-16,178,Delhi,6,2019,Moderate
2019-06-17,123,Delhi,6,2019,Moderate
2019-06-18,97,Delhi,6,2019,Satisfactory
2019-06-19,199,Delhi,6,2019,Moderate
2019-06-20,141,Delhi,6,2019,Moderate
2019-06-21,177,Delhi,6,2019,Moderate
2019-06-22,189,Delhi,6,2019,Moderate
2019-06-23,148,Delhi,6,2019,Moderate
2019-06-24,109,Delhi,6,2019,Moderate
2019-06-25,133,Delhi,6,2019,Moderate
2019-06-26,162,Delhi,6,2019,Moderate
2019-06-27,184,Delhi,6,2019,Moderate
2019-06-28,191,Delhi,6,2019,Moderate
2019-06-29,231,Delhi,6,2019,Poor
2019-06-30,237,Delhi,6,2019,Poor
2019-07-01,183,Delhi,7,2019,Moderate
2019-07-02,218,Delhi,7,2019,Poor
2019-07-03,136,Delhi,7,2019,Moderate
2019-07-04,103,Delhi,7,2019,Moderate
2019-07-05,106,Delhi,7,2019,Moderate
2019-07-06,88,Delhi,7,2019,Satisfactory
2019-07-07,91,Delhi,7,2019,Satisfactory
2019-07-08,127,Delhi,7,2019,Moderate
2019-07-09,126,Delhi,7,2019,Moderate
2019-07-10,148,Delhi,7,2019,Moderate
2019-07-11,317,Delhi,7,2019,Very Poor
2019-07-12,272,Delhi,7,2019,Poor
2019-07-13,275,Delhi,7,2019,Poor
2019-07-14,235,Delhi,7,2019,Poor
2019-07-15,168,Delhi,7,2019,Moderate
2019-07-16,93,Delhi,7,2019,Satisfactory
2019-07-17,73,Delhi,7,2019,Satisfactory
2019-07-18,85,Delhi,7,2019,Satisfactory
2019-07-19,145,Delhi,7,2019,Moderate
2019-07-20,124,Delhi,7,2019,Moderate
2019-07-21,108,Delhi,7,2019,Moderate
2019-07-22,112,Delhi,7,2019,Moderate
2019-07-23,148,Delhi,7,2019,Moderate
2019-07-24,164,Delhi,7,2019,Moderate
2019-07-25,78,Delhi,7,2019,Satisfactory
2019-07-26,81,Delhi,7,2019,Satisfactory
2019-07-27,61,Delhi,7,2019,Satisfactory
2019-07-28,64,Delhi,7,2019,Satisfactory
2019-07-29,65,Delhi,7,2019,Satisfactory
2019-07-30,80,Delhi,7,2019,Satisfactory
2019-07-31,80,Delhi,7,2019,Satisfactory
2019-08-01,89,Delhi,8,2019,Satisfactory
2019-08-02,84,Delhi,8,2019,Satisfactory
2019-08-03,89,Delhi,8,2019,Satisfactory
2019-08-04,87,Delhi,8,2019,Satisfactory
2019-08-05,105,Delhi,8,2019,Moderate
2019-08-06,76,Delhi,8,2019,Satisfactory
2019-08-07,75,Delhi,8,2019,Satisfactory
2019-08-08,79,Delhi,8,2019,Satisfactory
2019-08-09,75,Delhi,8,2019,Satisfactory
2019-08-10,59,Delhi,8,2019,Satisfactory
2019-08-11,68,Delhi,8,2019,Satisfactory
2019-08-12,57,Delhi,8,2019,Satisfactory
2019-08-13,69,Delhi,8,2019,Satisfactory
2019-08-14,63,Delhi,8,2019,Satisfactory
2019-08-15,75,Delhi,8,2019,Satisfactory
2019-08-16,53,Delhi,8,2019,Satisfactory
2019-08-17,49,Delhi,8,2019,Good
2019-08-18,49,Delhi,8,2019,Good
2019-08-19,81,Delhi,8,2019,Satisfactory
2019-08-20,97,Delhi,8,2019,Satisfactory
2019-08-21,109,Delhi,8,2019,Moderate
2019-08-22,123,Delhi,8,2019,Moderate
2019-08-23,129,Delhi,8,2019,Moderate
2019-08-24,147,Delhi,8,2019,Moderate
2019-08-25,91,Delhi,8,2019,Satisfactory
2019-08-26,66,Delhi,8,2019,Satisfactory
2019-08-27,117,Delhi,8,2019,Moderate
2019-08-28,105,Delhi,8,2019,Moderate
2019-08-29,91,Delhi,8,2019,Satisfactory
2019-08-30,101,Delhi,8,2019,Moderate
2019-08-31,114,Delhi,8,2019,Moderate
2019-09-01,108,Delhi,9,2019,Moderate
2019-09-02,96,Delhi,9,2019,Satisfactory
2019-09-03,141,Delhi,9,2019,Moderate
2019-09-04,173,Delhi,9,2019,Moderate
2019-09-05,95,Delhi,9,2019,Satisfactory
2019-09-06,90,Delhi,9,2019,Satisfactory
2019-09-07,82,Delhi,9,2019,Satisfactory
2019-09-08,77,Delhi,9,2019,Satisfactory
2019-09-09,108,Delhi,9,2019,Moderate
2019-09-10,137,Delhi,9,2019,Moderate
2019-09-11,168,Delhi,9,2019,Moderate
2019-09-12,151,Delhi,9,2019,Moderate
2019-09-13,86,Delhi,9,2019,Satisfactory
2019-09-14,72,Delhi,9,2019,Satisfactory
2019-09-15,72,Delhi,9,2019,Satisfactory
2019-09-16,105,Delhi,9,2019,Moderate
2019-09-17,135,Delhi,9,2019,Moderate
2019-09-18,110,Delhi,9,2019,Moderate
2019-09-19,66,Delhi,9,2019,Satisfactory
2019-09-20,90,Delhi,9,2019,Satisfactory
2019-09-21,114,Delhi,9,2019,Moderate
2019-09-22,67,Delhi,9,2019,Satisfactory
2019-09-23,83,Delhi,9,2019,Satisfactory
2019-09-24,94,Delhi,9,2019,Satisfactory
2019-09-25,90,Delhi,9,2019,Satisfactory
2019-09-26,74,Delhi,9,2019,Satisfactory
2019-09-27,63,Delhi,9,2019,Satisfactory
2019-09-28,67,Delhi,9,2019,Satisfactory
2019-09-29,60,Delhi,9,2019,Satisfactory
2019-09-30,68,Delhi,9,2019,Satisfactory
2019-10-01,93,Delhi,10,2019,Satisfactory
2019-10-02,90,Delhi,10,2019,Satisfactory
2019-10-03,136,Delhi,10,2019,Moderate
2019-10-04,100,Delhi,10,2019,Satisfactory
2019-10-05,98,Delhi,10,2019,Satisfactory
2019-10-06,127,Delhi,10,2019,Moderate
2019-10-07,130,Delhi,10,2019,Moderate
2019-10-08,112,Delhi,10,2019,Moderate
2019-10-09,173,Delhi,10,2019,Moderate
2019-10-10,211,Delhi,10,2019,Poor
2019-10-11,216,Delhi,10,2019,Poor
2019-10-12,222,Delhi,10,2019,Poor
2019-10-13,270,Delhi,10,2019,Poor
2019-10-14,252,Delhi,10,2019,Poor
2019-10-15,270,Delhi,10,2019,Poor
2019-10-16,304,Delhi,10,2019,Very Poor
2019-10-17,284,Delhi,10,2019,Poor
2019-10-18,248,Delhi,10,2019,Poor
2019-10-19,161,Delhi,10,2019,Moderate
2019-10-20,238,Delhi,10,2019,Poor
2019-10-21,249,Delhi,10,2019,Poor
2019-10-22,207,Delhi,10,2019,Poor
2019-10-23,242,Delhi,10,2019,Poor
2019-10-24,311,Delhi,10,2019,Very Poor
2019-10-25,284,Delhi,10,2019,Poor
2019-10-26,287,Delhi,10,2019,Poor
2019-10-27,337,Delhi,10,2019,Very Poor
2019-10-28,368,Delhi,10,2019,Very Poor
2019-10-29,400,Delhi,10,2019,Very Poor
2019-10-30,419,Delhi,10,2019,Severe
2019-10-31,410,Delhi,10,2019,Severe
2019-11-01,484,Delhi,11,2019,Severe
2019-11-02,399,Delhi,11,2019,Very Poor
2019-11-03,494,Delhi,11,2019,Severe
2019-11-04,407,Delhi,11,2019,Severe
2019-11-05,324,Delhi,11,2019,Very Poor
2019-11-06,214,Delhi,11,2019,Poor
2019-11-07,309,Delhi,11,2019,Very Poor
2019-11-08,330,Delhi,11,2019,Very Poor
2019-11-09,283,Delhi,11,2019,Poor
2019-11-10,321,Delhi,11,2019,Very Poor
2019-11-11,360,Delhi,11,2019,Very Poor
2019-11-12,425,Delhi,11,2019,Severe
2019-11-13,456,Delhi,11,2019,Severe
2019-11-14,463,Delhi,11,2019,Severe
2019-11-15,458,Delhi,11,2019,Severe
2019-11-16,357,Delhi,11,2019,Very Poor
2019-11-17,215,Delhi,11,2019,Poor
2019-11-18,214,Delhi,11,2019,Poor
2019-11-19,242,Delhi,11,2019,Poor
2019-11-20,301,Delhi,11,2019,Very Poor
2019-11-21,366,Delhi,11,2019,Very Poor
2019-11-22,360,Delhi,11,2019,Very Poor
2019-11-23,312,Delhi,11,2019,Very Poor
2019-11-24,234,Delhi,11,2019,Poor
2019-11-25,252,Delhi,11,2019,Poor
2019-11-26,270,Delhi,11,2019,Poor
2019-11-27,134,Delhi,11,2019,Moderate
2019-11-28,106,Delhi,11,2019,Moderate
2019-11-29,84,Delhi,11,2019,Satisfactory
2019-11-30,193,Delhi,11,2019,Moderate
2019-12-01,250,Delhi,12,2019,Poor
2019-12-02,279,Delhi,12,2019,Poor
2019-12-03,282,Delhi,12,2019,Poor
2019-12-04,296,Delhi,12,2019,Poor
2019-12-05,382,Delhi,12,2019,Very Poor
2019-12-06,404,Delhi,12,2019,Severe
2019-12-07,371,Delhi,12,2019,Very Poor
2019-12-08,391,Delhi,12,2019,Very Poor
2019-12-09,343,Delhi,12,2019,Very Poor
2019-12-10,369,Delhi,12,2019,Very Poor
2019-12-11,408,Delhi,12,2019,Severe
2019-12-12,430,Delhi,12,2019,Severe
2019-12-13,240,Delhi,12,2019,Poor
2019-12-14,163,Delhi,12,2019,Moderate
2019-12-15,213,Delhi,12,2019,Poor
2019-12-16,186,Delhi,12,2019,Moderate
2019-12-17,168,Delhi,12,2019,Moderate
2019-12-18,292,Delhi,12,2019,Poor
2019-12-19,362,Delhi,12,2019,Very Poor
2019-12-20,432,Delhi,12,2019,Severe
2019-12-21,418,Delhi,12,2019,Severe
2019-12-22,322,Delhi,12,2019,Very Poor
2019-12-23,327,Delhi,12,2019,Very Poor
2019-12-24,383,Delhi,12,2019,Very Poor
2019-12-25,350,Delhi,12,2019,Very Poor
2019-12-26,349,Delhi,12,2019,Very Poor
2019-12-27,373,Delhi,12,2019,Very Poor
2019-12-28,409,Delhi,12,2019,Severe
2019-12-29,431,Delhi,12,2019,Severe
2019-12-30,446,Delhi,12,2019,Severe
2019-12-31,387,Delhi,12,2019,Very Poor
2020-01-01,437,Delhi,1,2020,Severe
2020-01-02,417,Delhi,1,2020,Severe
2020-01-03,352,Delhi,1,2020,Very Poor
2020-01-04,334,Delhi,1,2020,Very Poor
2020-01-05,330,Delhi,1,2020,Very Poor
2020-01-06,325,Delhi,1,2020,Very Poor
2020-01-07,254,Delhi,1,2020,Poor
2020-01-08,266,Delhi,1,2020,Poor
2020-01-09,203,Delhi,1,2020,Poor
2020-01-10,255,Delhi,1,2020,Poor
2020-01-11,288,Delhi,1,2020,Poor
2020-01-12,348,Delhi,1,2020,Very Poor
2020-01-13,366,Delhi,1,2020,Very Poor
2020-01-14,283,Delhi,1,2020,Poor
2020-01-15,218,Delhi,1,2020,Poor
2020-01-16,281,Delhi,1,2020,Poor
2020-01-17,265,Delhi,1,2020,Poor
2020-01-18,243,Delhi,1,2020,Poor
2020-01-19,277,Delhi,1,2020,Poor
2020-01-20,269,Delhi,1,2020,Poor
2020-01-21,364,Delhi,1,2020,Very Poor
2020-01-22,370,Delhi,1,2020,Very Poor
2020-01-23,211,Delhi,1,2020,Poor
2020-01-24,151,Delhi,1,2020,Moderate
2020-01-25,250,Delhi,1,2020,Poor
2020-01-26,325,Delhi,1,2020,Very Poor
2020-01-27,345,Delhi,1,2020,Very Poor
2020-01-28,243,Delhi,1,2020,Poor
2020-01-29,194,Delhi,1,2020,Moderate
2020-01-30,202,Delhi,1,2020,Poor
2020-01-31,190,Delhi,1,2020,Moderate
2020-02-01,232,Delhi,2,2020,Poor
2020-02-02,244,Delhi,2,2020,Poor
2020-02-03,270,Delhi,2,2020,Poor
2020-02-04,310,Delhi,2,2020,Very Poor
2020-02-05,312,Delhi,2,2020,Very Poor
2020-02-06,231,Delhi,2,2020,Poor
2020-02-07,295,Delhi,2,2020,Poor
2020-02-08,289,Delhi,2,2020,Poor
2020-02-09,285,Delhi,2,2020,Poor
2020-02-10,309,Delhi,2,2020,Very Poor
2020-02-11,323,Delhi,2,2020,Very Poor
2020-02-12,320,Delhi,2,2020,Very Poor
2020-02-13,241,Delhi,2,2020,Poor
2020-02-14,173,Delhi,2,2020,Moderate
2020-02-15,167,Delhi,2,2020,Moderate
2020-02-16,247,Delhi,2,2020,Poor
2020-02-17,293,Delhi,2,2020,Poor
2020-02-18,252,Delhi,2,2020,Poor
2020-02-19,272,Delhi,2,2020,Poor
2020-02-20,230,Delhi,2,2020,Poor
2020-02-21,144,Delhi,2,2020,Moderate
2020-02-22,100,Delhi,2,2020,Satisfactory
2020-02-23,225,Delhi,2,2020,Poor
2020-02-24,142,Delhi,2,2020,Moderate
2020-02-25,249,Delhi,2,2020,Poor
2020-02-26,274,Delhi,2,2020,Poor
2020-02-27,233,Delhi,2,2020,Poor
2020-02-28,198,Delhi,2,2020,Moderate
2020-03-01,90,Delhi,3,2020,Satisfactory
2020-03-02,205,Delhi,3,2020,Poor
2020-03-03,205,Delhi,3,2020,Poor
2020-03-04,195,Delhi,3,2020,Moderate
2020-03-05,79,Delhi,3,2020,Satisfactory
2020-03-06,64,Delhi,3,2020,Satisfactory
2020-03-07,67,Delhi,3,2020,Satisfactory
2020-03-08,164,Delhi,3,2020,Moderate
2020-03-09,123,Delhi,3,2020,Moderate
2020-03-10,188,Delhi,3,2020,Moderate
2020-03-11,116,Delhi,3,2020,Moderate
2020-03-12,127,Delhi,3,2020,Moderate
2020-03-13,173,Delhi,3,2020,Moderate
2020-03-14,108,Delhi,3,2020,Moderate
2020-03-15,131,Delhi,3,2020,Moderate
2020-03-16,139,Delhi,3,2020,Moderate
2020-03-17,157,Delhi,3,2020,Moderate
2020-03-18,151,Delhi,3,2020,Moderate
2020-03-19,186,Delhi,3,2020,Moderate
2020-03-20,192,Delhi,3,2020,Moderate
2020-03-21,186,Delhi,3,2020,Moderate
2020-03-22,191,Delhi,3,2020,Moderate
2020-03-23,124,Delhi,3,2020,Moderate
2020-03-24,122,Delhi,3,2020,Moderate
2020-03-25,77,Delhi,3,2020,Satisfactory
2020-03-26,92,Delhi,3,2020,Satisfactory
2020-03-27,69,Delhi,3,2020,Satisfactory
2020-03-28,45,Delhi,3,2020,Good
2020-03-29,62,Delhi,3,2020,Satisfactory
2020-03-30,71,Delhi,3,2020,Satisfactory
2020-03-31,76,Delhi,3,2020,Satisfactory
2020-04-01,73,Delhi,4,2020,Satisfactory
2020-04-02,69,Delhi,4,2020,Satisfactory
2020-04-03,79,Delhi,4,2020,Satisfactory
2020-04-04,87,Delhi,4,2020,Satisfactory
2020-04-05,102,Delhi,4,2020,Moderate
2020-04-06,142,Delhi,4,2020,Moderate
2020-04-07,90,Delhi,4,2020,Satisfactory
2020-04-08,83,Delhi,4,2020,Satisfactory
2020-04-09,86,Delhi,4,2020,Satisfactory
2020-04-10,118,Delhi,4,2020,Moderate
2020-04-11,124,Delhi,4,2020,Moderate
2020-04-12,94,Delhi,4,2020,Satisfactory
2020-04-13,126,Delhi,4,2020,Moderate
2020-04-14,130,Delhi,4,2020,Moderate
2020-04-15,155,Delhi,4,2020,Moderate
2020-04-16,180,Delhi,4,2020,Moderate
2020-04-17,105,Delhi,4,2020,Moderate
2020-04-18,98,Delhi,4,2020,Satisfactory
2020-04-19,85,Delhi,4,2020,Satisfactory
2020-04-20,119,Delhi,4,2020,Moderate
2020-04-21,87,Delhi,4,2020,Satisfactory
2020-04-22,131,Delhi,4,2020,Moderate
2020-04-23,122,Delhi,4,2020,Moderate
2020-04-24,139,Delhi,4,2020,Moderate
2020-04-25,98,Delhi,4,2020,Satisfactory
2020-04-26,117,Delhi,4,2020,Moderate
2020-04-27,89,Delhi,4,2020,Satisfactory
2020-04-28,100,Delhi,4,2020,Satisfactory
2020-04-29,125,Delhi,4,2020,Moderate
2020-04-30,138,Delhi,4,2020,Moderate
2020-05-01,146,Delhi,5,2020,Moderate
2020-05-02,112,Delhi,5,2020,Moderate
2020-05-03,93,Delhi,5,2020,Satisfactory
2020-05-04,94,Delhi,5,2020,Satisfactory
2020-05-05,119,Delhi,5,2020,Moderate
2020-05-06,139,Delhi,5,2020,Moderate
2020-05-07,127,Delhi,5,2020,Moderate
2020-05-08,134,Delhi,5,2020,Moderate
2020-05-09,144,Delhi,5,2020,Moderate
2020-05-10,121,Delhi,5,2020,Moderate
2020-05-11,116,Delhi,5,2020,Moderate
2020-05-12,125,Delhi,5,2020,Moderate
2020-05-13,150,Delhi,5,2020,Moderate
2020-05-14,149,Delhi,5,2020,Moderate
2020-05-15,123,Delhi,5,2020,Moderate
2020-05-16,179,Delhi,5,2020,Moderate
2020-05-17,200,Delhi,5,2020,Moderate
2020-05-18,206,Delhi,5,2020,Poor
2020-05-19,212,Delhi,5,2020,Poor
2020-05-20,166,Delhi,5,2020,Moderate
2020-05-21,147,Delhi,5,2020,Moderate
2020-05-22,199,Delhi,5,2020,Moderate
2020-05-23,181,Delhi,5,2020,Moderate
2020-05-24,172,Delhi,5,2020,Moderate
2020-05-25,153,Delhi,5,2020,Moderate
2020-05-26,154,Delhi,5,2020,Moderate
2020-05-27,156,Delhi,5,2020,Moderate
2020-05-28,188,Delhi,5,2020,Moderate
2020-05-29,101,Delhi,5,2020,Moderate
2020-05-30,78,Delhi,5,2020,Satisfactory
2020-05-31,72,Delhi,5,2020,Satisfactory
2020-06-01,104,Delhi,6,2020,Moderate
2020-06-02,124,Delhi,6,2020,Moderate
2020-06-03,122,Delhi,6,2020,Moderate
2020-06-04,153,Delhi,6,2020,Moderate
2020-06-05,111,Delhi,6,2020,Moderate
2020-06-06,102,Delhi,6,2020,Moderate
2020-06-07,107,Delhi,6,2020,Moderate
2020-06-08,108,Delhi,6,2020,Moderate
2020-06-09,139,Delhi,6,2020,Moderate
2020-06-10,152,Delhi,6,2020,Moderate
2020-06-11,141,Delhi,6,2020,Moderate
2020-06-12,153,Delhi,6,2020,Moderate
2020-06-13,123,Delhi,6,2020,Moderate
2020-06-14,154,Delhi,6,2020,Moderate
2020-06-15,115,Delhi,6,2020,Moderate
2020-06-16,118,Delhi,6,2020,Moderate
2020-06-17,109,Delhi,6,2020,Moderate
2020-06-18,95,Delhi,6,2020,Satisfactory
2020-06-19,148,Delhi,6,2020,Moderate
2020-06-20,149,Delhi,6,2020,Moderate
2020-06-21,98,Delhi,6,2020,Satisfactory
2020-06-22,92,Delhi,6,2020,Satisfactory
2020-06-23,76,Delhi,6,2020,Satisfactory
2020-06-24,66,Delhi,6,2020,Satisfactory
2020-06-25,85,Delhi,6,2020,Satisfactory
2020-06-26,105,Delhi,6,2020,Moderate
2020-06-27,108,Delhi,6,2020,Moderate
2020-06-28,209,Delhi,6,2020,Poor
2020-06-29,230,Delhi,6,2020,Poor
2020-06-30,102,Delhi,6,2020,Moderate
2020-07-01,117,Delhi,7,2020,Moderate
2020-07-02,127,Delhi,7,2020,Moderate
2020-07-03,156,Delhi,7,2020,Moderate
2020-07-04,105,Delhi,7,2020,Moderate
2020-07-05,90,Delhi,7,2020,Satisfactory
2020-07-06,90,Delhi,7,2020,Satisfactory
2020-07-07,65,Delhi,7,2020,Satisfactory
2020-07-08,51,Delhi,7,2020,Satisfactory
2020-07-09,78,Delhi,7,2020,Satisfactory
2020-07-10,67,Delhi,7,2020,Satisfactory
2020-07-11,68,Delhi,7,2020,Satisfactory
2020-07-12,71,Delhi,7,2020,Satisfactory
2020-07-13,72,Delhi,7,2020,Satisfactory
2020-07-14,127,Delhi,7,2020,Moderate
2020-07-15,124,Delhi,7,2020,Moderate
2020-07-16,72,Delhi,7,2020,Satisfactory
2020-07-17,79,Delhi,7,2020,Satisfactory
2020-07-18,92,Delhi,7,2020,Satisfactory
2020-07-19,65,Delhi,7,2020,Satisfactory
2020-07-20,60,Delhi,7,2020,Satisfactory
2020-07-21,61,Delhi,7,2020,Satisfactory
2020-07-22,59,Delhi,7,2020,Satisfactory
2020-07-23,65,Delhi,7,2020,Satisfactory
2020-07-24,100,Delhi,7,2020,Satisfactory
2020-07-25,67,Delhi,7,2020,Satisfactory
2020-07-26,78,Delhi,7,2020,Satisfactory
2020-07-27,100,Delhi,7,2020,Satisfactory
2020-07-28,72,Delhi,7,2020,Satisfactory
2020-07-29,90,Delhi,7,2020,Satisfactory
2020-07-30,55,Delhi,7,2020,Satisfactory
2020-07-31,75,Delhi,7,2020,Satisfactory
2020-08-01,81,Delhi,8,2020,Satisfactory
2020-08-02,61,Delhi,8,2020,Satisfactory
2020-08-03,67,Delhi,8,2020,Satisfactory
2020-08-04,62,Delhi,8,2020,Satisfactory
2020-08-05,86,Delhi,8,2020,Satisfactory
2020-08-06,69,Delhi,8,2020,Satisfactory
2020-08-07,54,Delhi,8,2020,Satisfactory
2020-08-08,87,Delhi,8,2020,Satisfactory
2020-08-09,74,Delhi,8,2020,Satisfactory
2020-08-10,72,Delhi,8,2020,Satisfactory
2020-08-11,75,Delhi,8,2020,Satisfactory
2020-08-12,63,Delhi,8,2020,Satisfactory
2020-08-13,50,Delhi,8,2020,Good
2020-08-14,58,Delhi,8,2020,Satisfactory
2020-08-15,67,Delhi,8,2020,Satisfactory
2020-08-16,52,Delhi,8,2020,Satisfactory
2020-08-17,66,Delhi,8,2020,Satisfactory
2020-08-18,72,Delhi,8,2020,Satisfactory
2020-08-19,57,Delhi,8,2020,Satisfactory
2020-08-20,50,Delhi,8,2020,Good
2020-08-21,57,Delhi,8,2020,Satisfactory
2020-08-22,53,Delhi,8,2020,Satisfactory
2020-08-23,53,Delhi,8,2020,Satisfactory
2020-08-24,45,Delhi,8,2020,Good
2020-08-25,61,Delhi,8,2020,Satisfactory
2020-08-26,57,Delhi,8,2020,Satisfactory
2020-08-27,64,Delhi,8,2020,Satisfactory
2020-08-28,79,Delhi,8,2020,Satisfactory
2020-08-29,77,Delhi,8,2020,Satisfactory
2020-08-30,70,Delhi,8,2020,Satisfactory
2020-08-31,41,Delhi,8,2020,Good
2020-09-01,53,Delhi,9,2020,Satisfactory
2020-09-02,69,Delhi,9,2020,Satisfactory
2020-09-03,84,Delhi,9,2020,Satisfactory
2020-09-04,82,Delhi,9,2020,Satisfactory
2020-09-05,101,Delhi,9,2020,Moderate
2020-09-06,70,Delhi,9,2020,Satisfactory
2020-09-07,93,Delhi,9,2020,Satisfactory
2020-09-08,79,Delhi,9,2020,Satisfactory
2020-09-09,105,Delhi,9,2020,Moderate
2020-09-10,108,Delhi,9,2020,Moderate
2020-09-11,136,Delhi,9,2020,Moderate
2020-09-12,144,Delhi,9,2020,Moderate
2020-09-13,142,Delhi,9,2020,Moderate
2020-09-14,152,Delhi,9,2020,Moderate
2020-09-15,144,Delhi,9,2020,Moderate
2020-09-16,151,Delhi,9,2020,Moderate
2020-09-17,120,Delhi,9,2020,Moderate
2020-09-18,108,Delhi,9,2020,Moderate
2020-09-19,118,Delhi,9,2020,Moderate
2020-09-20,148,Delhi,9,2020,Moderate
2020-09-21,142,Delhi,9,2020,Moderate
2020-09-22,115,Delhi,9,2020,Moderate
2020-09-23,76,Delhi,9,2020,Satisfactory
2020-09-24,104,Delhi,9,2020,Moderate
2020-09-25,143,Delhi,9,2020,Moderate
2020-09-26,165,Delhi,9,2020,Moderate
2020-09-27,117,Delhi,9,2020,Moderate
2020-09-28,159,Delhi,9,2020,Moderate
2020-09-29,177,Delhi,9,2020,Moderate
2020-09-30,156,Delhi,9,2020,Moderate
2020-10-01,152,Delhi,10,2020,Moderate
2020-10-02,180,Delhi,10,2020,Moderate
2020-10-03,189,Delhi,10,2020,Moderate
2020-10-04,184,Delhi,10,2020,Moderate
2020-10-05,179,Delhi,10,2020,Moderate
2020-10-06,178,Delhi,10,2020,Moderate
2020-10-07,215,Delhi,10,2020,Poor
2020-10-08,208,Delhi,10,2020,Poor
2020-10-09,202,Delhi,10,2020,Poor
2020-10-10,221,Delhi,10,2020,Poor
2020-10-11,216,Delhi,10,2020,Poor
2020-10-12,261,Delhi,10,2020,Poor
2020-10-13,300,Delhi,10,2020,Poor
2020-10-14,276,Delhi,10,2020,Poor
2020-10-15,312,Delhi,10,2020,Very Poor
2020-10-16,237,Delhi,10,2020,Poor
2020-10-17,287,Delhi,10,2020,Poor
2020-10-18,254,Delhi,10,2020,Poor
2020-10-19,244,Delhi,10,2020,Poor
2020-10-20,223,Delhi,10,2020,Poor
2020-10-21,256,Delhi,10,2020,Poor
2020-10-22,296,Delhi,10,2020,Poor
2020-10-23,366,Delhi,10,2020,Very Poor
2020-10-24,345,Delhi,10,2020,Very Poor
2020-10-25,349,Delhi,10,2020,Very Poor
2020-10-26,353,Delhi,10,2020,Very Poor
2020-10-27,312,Delhi,10,2020,Very Poor
2020-10-28,297,Delhi,10,2020,Poor
2020-10-29,395,Delhi,10,2020,Very Poor
2020-10-30,374,Delhi,10,2020,Very Poor
2020-10-31,367,Delhi,10,2020,Very Poor
2020-11-01,364,Delhi,11,2020,Very Poor
2020-11-02,293,Delhi,11,2020,Poor
2020-11-03,302,Delhi,11,2020,Very Poor
2020-11-04,343,Delhi,11,2020,Very Poor
2020-11-05,450,Delhi,11,2020,Severe
2020-11-06,406,Delhi,11,2020,Severe
2020-11-07,427,Delhi,11,2020,Severe
2020-11-08,416,Delhi,11,2020,Severe
2020-11-09,477,Delhi,11,2020,Severe
2020-11-10,476,Delhi,11,2020,Severe
2020-11-11,344,Delhi,11,2020,Very Poor
2020-11-12,314,Delhi,11,2020,Very Poor
2020-11-13,339,Delhi,11,2020,Very Poor
2020-11-14,414,Delhi,11,2020,Severe
2020-11-15,435,Delhi,11,2020,Severe
2020-11-16,221,Delhi,11,2020,Poor
2020-11-17,171,Delhi,11,2020,Moderate
2020-11-18,211,Delhi,11,2020,Poor
2020-11-19,283,Delhi,11,2020,Poor
2020-11-20,296,Delhi,11,2020,Poor
2020-11-21,251,Delhi,11,2020,Poor
2020-11-22,274,Delhi,11,2020,Poor
2020-11-23,295,Delhi,11,2020,Poor
2020-11-24,379,Delhi,11,2020,Very Poor
2020-11-25,413,Delhi,11,2020,Severe
2020-11-26,302,Delhi,11,2020,Very Poor
2020-11-27,137,Delhi,11,2020,Moderate
2020-11-28,231,Delhi,11,2020,Poor
2020-11-29,256,Delhi,11,2020,Poor
2020-11-30,318,Delhi,11,2020,Very Poor
2020-12-01,367,Delhi,12,2020,Very Poor
2020-12-02,373,Delhi,12,2020,Very Poor
2020-12-03,341,Delhi,12,2020,Very Poor
2020-12-04,382,Delhi,12,2020,Very Poor
2020-12-05,404,Delhi,12,2020,Severe
2020-12-06,389,Delhi,12,2020,Very Poor
2020-12-07,400,Delhi,12,2020,Very Poor
2020-12-08,383,Delhi,12,2020,Very Poor
2020-12-09,358,Delhi,12,2020,Very Poor
2020-12-10,284,Delhi,12,2020,Poor
2020-12-11,295,Delhi,12,2020,Poor
2020-12-12,356,Delhi,12,2020,Very Poor
2020-12-13,305,Delhi,12,2020,Very Poor
2020-12-14,160,Delhi,12,2020,Moderate
2020-12-15,230,Delhi,12,2020,Poor
2020-12-16,262,Delhi,12,2020,Poor
2020-12-17,256,Delhi,12,2020,Poor
2020-12-18,281,Delhi,12,2020,Poor
2020-12-19,290,Delhi,12,2020,Poor
2020-12-20,321,Delhi,12,2020,Very Poor
2020-12-21,332,Delhi,12,2020,Very Poor
2020-12-22,418,Delhi,12,2020,Severe
2020-12-23,433,Delhi,12,2020,Severe
2020-12-24,423,Delhi,12,2020,Severe
2020-12-25,357,Delhi,12,2020,Very Poor
2020-12-26,337,Delhi,12,2020,Very Poor
2020-12-27,396,Delhi,12,2020,Very Poor
2020-12-28,253,Delhi,12,2020,Poor
2020-12-29,265,Delhi,12,2020,Poor
2020-12-30,290,Delhi,12,2020,Poor
2020-12-31,347,Delhi,12,2020,Very Poor
2021-01-01,441,Delhi,1,2021,Severe
2021-01-02,443,Delhi,1,2021,Severe
2021-01-03,354,Delhi,1,2021,Very Poor
2021-01-04,151,Delhi,1,2021,Moderate
2021-01-05,140,Delhi,1,2021,Moderate
2021-01-06,226,Delhi,1,2021,Poor
2021-01-07,255,Delhi,1,2021,Poor
2021-01-08,234,Delhi,1,2021,Poor
2021-01-09,301,Delhi,1,2021,Very Poor
2021-01-10,245,Delhi,1,2021,Poor
2021-01-11,243,Delhi,1,2021,Poor
2021-01-12,293,Delhi,1,2021,Poor
2021-01-13,354,Delhi,1,2021,Very Poor
2021-01-14,429,Delhi,1,2021,Severe
2021-01-15,460,Delhi,1,2021,Severe
2021-01-16,407,Delhi,1,2021,Severe
2021-01-17,347,Delhi,1,2021,Very Poor
2021-01-18,372,Delhi,1,2021,Very Poor
2021-01-19,404,Delhi,1,2021,Severe
2021-01-20,283,Delhi,1,2021,Poor
2021-01-21,296,Delhi,1,2021,Poor
2021-01-22,364,Delhi,1,2021,Very Poor
2021-01-23,326,Delhi,1,2021,Very Poor
2021-01-24,364,Delhi,1,2021,Very Poor
2021-01-25,323,Delhi,1,2021,Very Poor
2021-01-26,330,Delhi,1,2021,Very Poor
2021-01-27,318,Delhi,1,2021,Very Poor
2021-01-28,357,Delhi,1,2021,Very Poor
2021-01-29,387,Delhi,1,2021,Very Poor
2021-01-30,309,Delhi,1,2021,Very Poor
2021-01-31,289,Delhi,1,2021,Poor
2021-02-01,352,Delhi,2,2021,Very Poor
2021-02-02,364,Delhi,2,2021,Very Poor
2021-02-03,330,Delhi,2,2021,Very Poor
2021-02-04,316,Delhi,2,2021,Very Poor
2021-02-05,133,Delhi,2,2021,Moderate
2021-02-06,199,Delhi,2,2021,Moderate
2021-02-07,232,Delhi,2,2021,Poor
2021-02-08,303,Delhi,2,2021,Very Poor
2021-02-09,305,Delhi,2,2021,Very Poor
2021-02-10,291,Delhi,2,2021,Poor
2021-02-11,330,Delhi,2,2021,Very Poor
2021-02-12,341,Delhi,2,2021,Very Poor
2021-02-13,334,Delhi,2,2021,Very Poor
2021-02-14,351,Delhi,2,2021,Very Poor
2021-02-15,313,Delhi,2,2021,Very Poor
2021-02-16,327,Delhi,2,2021,Very Poor
2021-02-17,324,Delhi,2,2021,Very Poor
2021-02-18,302,Delhi,2,2021,Very Poor
2021-02-19,311,Delhi,2,2021,Very Poor
2021-02-20,250,Delhi,2,2021,Poor
2021-02-21,296,Delhi,2,2021,Poor
2021-02-22,288,Delhi,2,2021,Poor
2021-02-23,250,Delhi,2,2021,Poor
2021-02-24,278,Delhi,2,2021,Poor
2021-02-25,298,Delhi,2,2021,Poor
2021-02-26,229,Delhi,2,2021,Poor
2021-02-27,203,Delhi,2,2021,Poor
2021-02-28,208,Delhi,2,2021,Poor
2021-03-01,177,Delhi,3,2021,Moderate
2021-03-02,175,Delhi,3,2021,Moderate
2021-03-03,188,Delhi,3,2021,Moderate
2021-03-04,278,Delhi,3,2021,Poor
2021-03-05,255,Delhi,3,2021,Poor
2021-03-06,204,Delhi,3,2021,Poor
2021-03-07,256,Delhi,3,2021,Poor
2021-03-08,207,Delhi,3,2021,Poor
2021-03-09,283,Delhi,3,2021,Poor
2021-03-10,175,Delhi,3,2021,Moderate
2021-03-11,242,Delhi,3,2021,Poor
2021-03-12,218,Delhi,3,2021,Poor
2021-03-13,209,Delhi,3,2021,Poor
2021-03-14,209,Delhi,3,2021,Poor
2021-03-15,206,Delhi,3,2021,Poor
2021-03-16,258,Delhi,3,2021,Poor
2021-03-17,311,Delhi,3,2021,Very Poor
2021-03-18,315,Delhi,3,2021,Very Poor
2021-03-19,279,Delhi,3,2021,Poor
2021-03-20,234,Delhi,3,2021,Poor
2021-03-21,244,Delhi,3,2021,Poor
2021-03-22,196,Delhi,3,2021,Moderate
2021-03-23,244,Delhi,3,2021,Poor
2021-03-24,175,Delhi,3,2021,Moderate
2021-03-25,148,Delhi,3,2021,Moderate
2021-03-26,150,Delhi,3,2021,Moderate
2021-03-27,199,Delhi,3,2021,Moderate
2021-03-28,233,Delhi,3,2021,Poor
2021-03-29,225,Delhi,3,2021,Poor
2021-03-30,232,Delhi,3,2021,Poor
2021-03-31,203,Delhi,3,2021,Poor
2021-04-01,182,Delhi,4,2021,Moderate
2021-04-02,176,Delhi,4,2021,Moderate
2021-04-03,159,Delhi,4,2021,Moderate
2021-04-04,171,Delhi,4,2021,Moderate
2021-04-05,205,Delhi,4,2021,Poor
2021-04-06,279,Delhi,4,2021,Poor
2021-04-07,250,Delhi,4,2021,Poor
2021-04-08,153,Delhi,4,2021,Moderate
2021-04-09,170,Delhi,4,2021,Moderate
2021-04-10,181,Delhi,4,2021,Moderate
2021-04-11,186,Delhi,4,2021,Moderate
2021-04-12,241,Delhi,4,2021,Poor
2021-04-13,231,Delhi,4,2021,Poor
2021-04-14,199,Delhi,4,2021,Moderate
2021-04-15,220,Delhi,4,2021,Poor
2021-04-16,238,Delhi,4,2021,Poor
2021-04-17,128,Delhi,4,2021,Moderate
2021-04-18,154,Delhi,4,2021,Moderate
2021-04-19,187,Delhi,4,2021,Moderate
2021-04-20,191,Delhi,4,2021,Moderate
2021-04-21,134,Delhi,4,2021,Moderate
2021-04-22,140,Delhi,4,2021,Moderate
2021-04-23,126,Delhi,4,2021,Moderate
2021-04-24,125,Delhi,4,2021,Moderate
2021-04-25,192,Delhi,4,2021,Moderate
2021-04-26,256,Delhi,4,2021,Poor
2021-04-27,284,Delhi,4,2021,Poor
2021-04-28,312,Delhi,4,2021,Very Poor
2021-04-29,296,Delhi,4,2021,Poor
2021-04-30,287,Delhi,4,2021,Poor
2021-05-01,238,Delhi,5,2021,Poor
2021-05-02,174,Delhi,5,2021,Moderate
2021-05-03,245,Delhi,5,2021,Poor
2021-05-04,173,Delhi,5,2021,Moderate
2021-05-05,175,Delhi,5,2021,Moderate
2021-05-06,156,Delhi,5,2021,Moderate
2021-05-07,142,Delhi,5,2021,Moderate
2021-05-08,173,Delhi,5,2021,Moderate
2021-05-09,166,Delhi,5,2021,Moderate
2021-05-10,136,Delhi,5,2021,Moderate
2021-05-11,151,Delhi,5,2021,Moderate
2021-05-12,115,Delhi,5,2021,Moderate
2021-05-13,121,Delhi,5,2021,Moderate
2021-05-14,132,Delhi,5,2021,Moderate
2021-05-15,140,Delhi,5,2021,Moderate
2021-05-16,166,Delhi,5,2021,Moderate
2021-05-17,191,Delhi,5,2021,Moderate
2021-05-18,93,Delhi,5,2021,Satisfactory
2021-05-19,78,Delhi,5,2021,Satisfactory
2021-05-20,58,Delhi,5,2021,Satisfactory
2021-05-21,85,Delhi,5,2021,Satisfactory
2021-05-22,94,Delhi,5,2021,Satisfactory
2021-05-23,237,Delhi,5,2021,Poor
2021-05-24,169,Delhi,5,2021,Moderate
2021-05-25,140,Delhi,5,2021,Moderate
2021-05-26,149,Delhi,5,2021,Moderate
2021-05-27,150,Delhi,5,2021,Moderate
2021-05-28,106,Delhi,5,2021,Moderate
2021-05-29,87,Delhi,5,2021,Satisfactory
2021-05-30,101,Delhi,5,2021,Moderate
2021-05-31,135,Delhi,5,2021,Moderate
2021-06-01,115,Delhi,6,2021,Moderate
2021-06-02,143,Delhi,6,2021,Moderate
2021-06-03,159,Delhi,6,2021,Moderate
2021-06-04,196,Delhi,6,2021,Moderate
2021-06-05,124,Delhi,6,2021,Moderate
2021-06-06,134,Delhi,6,2021,Moderate
2021-06-07,180,Delhi,6,2021,Moderate
2021-06-08,205,Delhi,6,2021,Poor
2021-06-09,305,Delhi,6,2021,Very Poor
2021-06-10,221,Delhi,6,2021,Poor
2021-06-11,145,Delhi,6,2021,Moderate
2021-06-12,133,Delhi,6,2021,Moderate
2021-06-13,83,Delhi,6,2021,Satisfactory
2021-06-14,124,Delhi,6,2021,Moderate
2021-06-15,113,Delhi,6,2021,Moderate
2021-06-16,115,Delhi,6,2021,Moderate
2021-06-17,108,Delhi,6,2021,Moderate
2021-06-18,81,Delhi,6,2021,Satisfactory
2021-06-19,70,Delhi,6,2021,Satisfactory
2021-06-20,62,Delhi,6,2021,Satisfactory
2021-06-21,84,Delhi,6,2021,Satisfactory
2021-06-22,127,Delhi,6,2021,Moderate
2021-06-23,218,Delhi,6,2021,Poor
2021-06-24,146,Delhi,6,2021,Moderate
2021-06-25,163,Delhi,6,2021,Moderate
2021-06-26,135,Delhi,6,2021,Moderate
2021-06-27,168,Delhi,6,2021,Moderate
2021-06-28,161,Delhi,6,2021,Moderate
2021-06-29,195,Delhi,6,2021,Moderate
2021-06-30,206,Delhi,6,2021,Poor
2021-07-01,266,Delhi,7,2021,Poor
2021-07-02,245,Delhi,7,2021,Poor
2021-07-03,139,Delhi,7,2021,Moderate
2021-07-04,140,Delhi,7,2021,Moderate
2021-07-05,149,Delhi,7,2021,Moderate
2021-07-06,144,Delhi,7,2021,Moderate
2021-07-07,178,Delhi,7,2021,Moderate
2021-07-08,164,Delhi,7,2021,Moderate
2021-07-09,144,Delhi,7,2021,Moderate
2021-07-10,97,Delhi,7,2021,Satisfactory
2021-07-11,94,Delhi,7,2021,Satisfactory
2021-07-12,90,Delhi,7,2021,Satisfactory
2021-07-13,80,Delhi,7,2021,Satisfactory
2021-07-14,83,Delhi,7,2021,Satisfactory
2021-07-15,83,Delhi,7,2021,Satisfactory
2021-07-16,90,Delhi,7,2021,Satisfactory
2021-07-17,117,Delhi,7,2021,Moderate
2021-07-18,94,Delhi,7,2021,Satisfactory
2021-07-19,62,Delhi,7,2021,Satisfactory
2021-07-20,81,Delhi,7,2021,Satisfactory
2021-07-21,74,Delhi,7,2021,Satisfactory
2021-07-22,83,Delhi,7,2021,Satisfactory
2021-07-23,68,Delhi,7,2021,Satisfactory
2021-07-24,99,Delhi,7,2021,Satisfactory
2021-07-25,107,Delhi,7,2021,Moderate
2021-07-26,86,Delhi,7,2021,Satisfactory
2021-07-27,98,Delhi,7,2021,Satisfactory
2021-07-28,61,Delhi,7,2021,Satisfactory
2021-07-29,63,Delhi,7,2021,Satisfactory
2021-07-30,76,Delhi,7,2021,Satisfactory
2021-07-31,57,Delhi,7,2021,Satisfactory
2021-08-01,81,Delhi,8,2021,Satisfactory
2021-08-02,95,Delhi,8,2021,Satisfactory
2021-08-03,71,Delhi,8,2021,Satisfactory
2021-08-04,69,Delhi,8,2021,Satisfactory
2021-08-05,99,Delhi,8,2021,Satisfactory
2021-08-06,104,Delhi,8,2021,Moderate
2021-08-07,101,Delhi,8,2021,Moderate
2021-08-08,109,Delhi,8,2021,Moderate
2021-08-09,101,Delhi,8,2021,Moderate
2021-08-10,101,Delhi,8,2021,Moderate
2021-08-11,122,Delhi,8,2021,Moderate
2021-08-12,114,Delhi,8,2021,Moderate
2021-08-13,118,Delhi,8,2021,Moderate
2021-08-14,116,Delhi,8,2021,Moderate
2021-08-15,114,Delhi,8,2021,Moderate
2021-08-16,121,Delhi,8,2021,Moderate
2021-08-17,150,Delhi,8,2021,Moderate
2021-08-18,152,Delhi,8,2021,Moderate
2021-08-19,167,Delhi,8,2021,Moderate
2021-08-20,111,Delhi,8,2021,Moderate
2021-08-21,69,Delhi,8,2021,Satisfactory
2021-08-22,59,Delhi,8,2021,Satisfactory
2021-08-23,82,Delhi,8,2021,Satisfactory
2021-08-24,100,Delhi,8,2021,Satisfactory
2021-08-25,115,Delhi,8,2021,Moderate
2021-08-26,114,Delhi,8,2021,Moderate
2021-08-27,134,Delhi,8,2021,Moderate
2021-08-28,147,Delhi,8,2021,Moderate
2021-08-29,119,Delhi,8,2021,Moderate
2021-08-30,81,Delhi,8,2021,Satisfactory
2021-08-31,73,Delhi,8,2021,Satisfactory
2021-09-01,64,Delhi,9,2021,Satisfactory
2021-09-02,64,Delhi,9,2021,Satisfactory
2021-09-03,70,Delhi,9,2021,Satisfactory
2021-09-04,68,Delhi,9,2021,Satisfactory
2021-09-05,88,Delhi,9,2021,Satisfactory
2021-09-06,122,Delhi,9,2021,Moderate
2021-09-07,98,Delhi,9,2021,Satisfactory
2021-09-08,70,Delhi,9,2021,Satisfactory
2021-09-09,75,Delhi,9,2021,Satisfactory
2021-09-10,79,Delhi,9,2021,Satisfactory
2021-09-11,61,Delhi,9,2021,Satisfactory
2021-09-12,60,Delhi,9,2021,Satisfactory
2021-09-13,89,Delhi,9,2021,Satisfactory
2021-09-14,69,Delhi,9,2021,Satisfactory
2021-09-15,70,Delhi,9,2021,Satisfactory
2021-09-16,79,Delhi,9,2021,Satisfactory
2021-09-17,62,Delhi,9,2021,Satisfactory
2021-09-18,69,Delhi,9,2021,Satisfactory
2021-09-19,82,Delhi,9,2021,Satisfactory
2021-09-20,82,Delhi,9,2021,Satisfactory
2021-09-21,83,Delhi,9,2021,Satisfactory
2021-09-22,69,Delhi,9,2021,Satisfactory
2021-09-23,68,Delhi,9,2021,Satisfactory
2021-09-24,64,Delhi,9,2021,Satisfactory
2021-09-25,80,Delhi,9,2021,Satisfactory
2021-09-26,75,Delhi,9,2021,Satisfactory
2021-09-27,108,Delhi,9,2021,Moderate
2021-09-28,120,Delhi,9,2021,Moderate
2021-09-29,81,Delhi,9,2021,Satisfactory
2021-09-30,84,Delhi,9,2021,Satisfactory
2021-10-01,108,Delhi,10,2021,Moderate
2021-10-02,125,Delhi,10,2021,Moderate
2021-10-03,105,Delhi,10,2021,Moderate
2021-10-04,91,Delhi,10,2021,Satisfactory
2021-10-05,115,Delhi,10,2021,Moderate
2021-10-06,114,Delhi,10,2021,Moderate
2021-10-07,127,Delhi,10,2021,Moderate
2021-10-08,167,Delhi,10,2021,Moderate
2021-10-09,171,Delhi,10,2021,Moderate
2021-10-10,168,Delhi,10,2021,Moderate
2021-10-11,166,Delhi,10,2021,Moderate
2021-10-12,179,Delhi,10,2021,Moderate
2021-10-13,171,Delhi,10,2021,Moderate
2021-10-14,182,Delhi,10,2021,Moderate
2021-10-15,198,Delhi,10,2021,Moderate
2021-10-16,284,Delhi,10,2021,Poor
2021-10-17,298,Delhi,10,2021,Poor
2021-10-18,46,Delhi,10,2021,Good
2021-10-19,69,Delhi,10,2021,Satisfactory
2021-10-20,221,Delhi,10,2021,Poor
2021-10-21,199,Delhi,10,2021,Moderate
2021-10-22,170,Delhi,10,2021,Moderate
2021-10-23,173,Delhi,10,2021,Moderate
2021-10-24,160,Delhi,10,2021,Moderate
2021-10-25,82,Delhi,10,2021,Satisfactory
2021-10-26,139,Delhi,10,2021,Moderate
2021-10-27,232,Delhi,10,2021,Poor
2021-10-28,268,Delhi,10,2021,Poor
2021-10-29,283,Delhi,10,2021,Poor
2021-10-30,268,Delhi,10,2021,Poor
2021-10-31,289,Delhi,10,2021,Poor
2021-11-01,281,Delhi,11,2021,Poor
2021-11-02,303,Delhi,11,2021,Very Poor
2021-11-03,314,Delhi,11,2021,Very Poor
2021-11-04,382,Delhi,11,2021,Very Poor
2021-11-05,462,Delhi,11,2021,Severe
2021-11-06,437,Delhi,11,2021,Severe
2021-11-07,428,Delhi,11,2021,Severe
2021-11-08,390,Delhi,11,2021,Very Poor
2021-11-09,404,Delhi,11,2021,Severe
2021-11-10,372,Delhi,11,2021,Very Poor
2021-11-11,411,Delhi,11,2021,Severe
2021-11-12,471,Delhi,11,2021,Severe
2021-11-13,437,Delhi,11,2021,Severe
2021-11-14,330,Delhi,11,2021,Very Poor
2021-11-15,353,Delhi,11,2021,Very Poor
2021-11-16,403,Delhi,11,2021,Severe
2021-11-17,375,Delhi,11,2021,Very Poor
2021-11-18,347,Delhi,11,2021,Very Poor
2021-11-19,380,Delhi,11,2021,Very Poor
2021-11-20,374,Delhi,11,2021,Very Poor
2021-11-21,349,Delhi,11,2021,Very Poor
2021-11-22,311,Delhi,11,2021,Very Poor
2021-11-23,290,Delhi,11,2021,Poor
2021-11-24,361,Delhi,11,2021,Very Poor
2021-11-25,400,Delhi,11,2021,Very Poor
2021-11-26,406,Delhi,11,2021,Severe
2021-11-27,402,Delhi,11,2021,Severe
2021-11-28,405,Delhi,11,2021,Severe
2021-11-29,389,Delhi,11,2021,Very Poor
2021-11-30,328,Delhi,11,2021,Very Poor
2021-12-01,370,Delhi,12,2021,Very Poor
2021-12-02,429,Delhi,12,2021,Severe
2021-12-03,346,Delhi,12,2021,Very Poor
2021-12-04,362,Delhi,12,2021,Very Poor
2021-12-05,305,Delhi,12,2021,Very Poor
2021-12-06,322,Delhi,12,2021,Very Poor
2021-12-07,255,Delhi,12,2021,Poor
2021-12-08,237,Delhi,12,2021,Poor
2021-12-09,289,Delhi,12,2021,Poor
2021-12-10,314,Delhi,12,2021,Very Poor
2021-12-11,281,Delhi,12,2021,Poor
2021-12-12,254,Delhi,12,2021,Poor
2021-12-13,331,Delhi,12,2021,Very Poor
2021-12-14,367,Delhi,12,2021,Very Poor
2021-12-15,363,Delhi,12,2021,Very Poor
2021-12-16,368,Delhi,12,2021,Very Poor
2021-12-17,329,Delhi,12,2021,Very Poor
2021-12-18,291,Delhi,12,2021,Poor
2021-12-19,271,Delhi,12,2021,Poor
2021-12-20,332,Delhi,12,2021,Very Poor
2021-12-21,402,Delhi,12,2021,Severe
2021-12-22,407,Delhi,12,2021,Severe
2021-12-23,423,Delhi,12,2021,Severe
2021-12-24,415,Delhi,12,2021,Severe
2021-12-25,431,Delhi,12,2021,Severe
2021-12-26,459,Delhi,12,2021,Severe
2021-12-27,283,Delhi,12,2021,Poor
2021-12-28,305,Delhi,12,2021,Very Poor
2021-12-29,267,Delhi,12,2021,Poor
2021-12-30,286,Delhi,12,2021,Poor
2021-12-31,321,Delhi,12,2021,Very Poor
2022-01-01,362,Delhi,1,2022,Very Poor
2022-01-02,404,Delhi,1,2022,Severe
2022-01-03,387,Delhi,1,2022,Very Poor
2022-01-04,378,Delhi,1,2022,Very Poor
2022-01-05,397,Delhi,1,2022,Very Poor
2022-01-06,258,Delhi,1,2022,Poor
2022-01-07,182,Delhi,1,2022,Moderate
2022-01-08,91,Delhi,1,2022,Satisfactory
2022-01-09,69,Delhi,1,2022,Satisfactory
2022-01-10,151,Delhi,1,2022,Moderate
2022-01-11,224,Delhi,1,2022,Poor
2022-01-12,191,Delhi,1,2022,Moderate
2022-01-13,321,Delhi,1,2022,Very Poor
2022-01-14,348,Delhi,1,2022,Very Poor
2022-01-15,258,Delhi,1,2022,Poor
2022-01-16,264,Delhi,1,2022,Poor
2022-01-17,327,Delhi,1,2022,Very Poor
2022-01-18,352,Delhi,1,2022,Very Poor
2022-01-19,322,Delhi,1,2022,Very Poor
2022-01-20,387,Delhi,1,2022,Very Poor
2022-01-21,365,Delhi,1,2022,Very Poor
2022-01-22,316,Delhi,1,2022,Very Poor
2022-01-23,202,Delhi,1,2022,Poor
2022-01-24,241,Delhi,1,2022,Poor
2022-01-25,234,Delhi,1,2022,Poor
2022-01-26,260,Delhi,1,2022,Poor
2022-01-27,262,Delhi,1,2022,Poor
2022-01-28,215,Delhi,1,2022,Poor
2022-01-29,251,Delhi,1,2022,Poor
2022-01-30,278,Delhi,1,2022,Poor
2022-01-31,338,Delhi,1,2022,Very Poor
2022-02-01,347,Delhi,2,2022,Very Poor
2022-02-02,319,Delhi,2,2022,Very Poor
2022-02-03,321,Delhi,2,2022,Very Poor
2022-02-04,152,Delhi,2,2022,Moderate
2022-02-05,224,Delhi,2,2022,Poor
2022-02-06,285,Delhi,2,2022,Poor
2022-02-07,250,Delhi,2,2022,Poor
2022-02-08,270,Delhi,2,2022,Poor
2022-02-09,227,Delhi,2,2022,Poor
2022-02-10,172,Delhi,2,2022,Moderate
2022-02-11,184,Delhi,2,2022,Moderate
2022-02-12,191,Delhi,2,2022,Moderate
2022-02-13,253,Delhi,2,2022,Poor
2022-02-14,239,Delhi,2,2022,Poor
2022-02-15,221,Delhi,2,2022,Poor
2022-02-16,272,Delhi,2,2022,Poor
2022-02-17,241,Delhi,2,2022,Poor
2022-02-18,252,Delhi,2,2022,Poor
2022-02-19,180,Delhi,2,2022,Moderate
2022-02-20,173,Delhi,2,2022,Moderate
2022-02-21,165,Delhi,2,2022,Moderate
2022-02-22,252,Delhi,2,2022,Poor
2022-02-23,211,Delhi,2,2022,Poor
2022-02-24,307,Delhi,2,2022,Very Poor
2022-02-25,286,Delhi,2,2022,Poor
2022-02-26,102,Delhi,2,2022,Moderate
2022-02-27,92,Delhi,2,2022,Satisfactory
2022-02-28,107,Delhi,2,2022,Moderate
2022-03-01,170,Delhi,3,2022,Moderate
2022-03-02,225,Delhi,3,2022,Poor
2022-03-03,178,Delhi,3,2022,Moderate
2022-03-04,199,Delhi,3,2022,Moderate
2022-03-05,115,Delhi,3,2022,Moderate
2022-03-06,162,Delhi,3,2022,Moderate
2022-03-07,237,Delhi,3,2022,Poor
2022-03-08,283,Delhi,3,2022,Poor
2022-03-09,162,Delhi,3,2022,Moderate
2022-03-10,150,Delhi,3,2022,Moderate
2022-03-11,164,Delhi,3,2022,Moderate
2022-03-12,160,Delhi,3,2022,Moderate
2022-03-13,193,Delhi,3,2022,Moderate
2022-03-14,231,Delhi,3,2022,Poor
2022-03-15,253,Delhi,3,2022,Poor
2022-03-16,218,Delhi,3,2022,Poor
2022-03-17,218,Delhi,3,2022,Poor
2022-03-18,293,Delhi,3,2022,Poor
2022-03-19,231,Delhi,3,2022,Poor
2022-03-20,242,Delhi,3,2022,Poor
2022-03-21,271,Delhi,3,2022,Poor
2022-03-22,180,Delhi,3,2022,Moderate
2022-03-23,206,Delhi,3,2022,Poor
2022-03-24,280,Delhi,3,2022,Poor
2022-03-25,211,Delhi,3,2022,Poor
2022-03-26,207,Delhi,3,2022,Poor
2022-03-27,195,Delhi,3,2022,Moderate
2022-03-28,251,Delhi,3,2022,Poor
2022-03-29,274,Delhi,3,2022,Poor
2022-03-30,276,Delhi,3,2022,Poor
2022-03-31,298,Delhi,3,2022,Poor
2022-04-01,218,Delhi,4,2022,Poor
2022-04-02,226,Delhi,4,2022,Poor
2022-04-03,245,Delhi,4,2022,Poor
2022-04-04,262,Delhi,4,2022,Poor
2022-04-05,233,Delhi,4,2022,Poor
2022-04-06,248,Delhi,4,2022,Poor
2022-04-07,264,Delhi,4,2022,Poor
2022-04-08,242,Delhi,4,2022,Poor
2022-04-09,261,Delhi,4,2022,Poor
2022-04-10,244,Delhi,4,2022,Poor
2022-04-11,258,Delhi,4,2022,Poor
2022-04-12,229,Delhi,4,2022,Poor
2022-04-13,286,Delhi,4,2022,Poor
2022-04-14,280,Delhi,4,2022,Poor
2022-04-15,201,Delhi,4,2022,Poor
2022-04-16,253,Delhi,4,2022,Poor
2022-04-17,251,Delhi,4,2022,Poor
2022-04-18,257,Delhi,4,2022,Poor
2022-04-19,317,Delhi,4,2022,Very Poor
2022-04-20,277,Delhi,4,2022,Poor
2022-04-21,296,Delhi,4,2022,Poor
2022-04-22,204,Delhi,4,2022,Poor
2022-04-23,245,Delhi,4,2022,Poor
2022-04-24,261,Delhi,4,2022,Poor
2022-04-25,244,Delhi,4,2022,Poor
2022-04-26,209,Delhi,4,2022,Poor
2022-04-27,287,Delhi,4,2022,Poor
2022-04-28,295,Delhi,4,2022,Poor
2022-04-29,299,Delhi,4,2022,Poor
2022-04-30,270,Delhi,4,2022,Poor
2022-05-01,256,Delhi,5,2022,Poor
2022-05-02,218,Delhi,5,2022,Poor
2022-05-03,227,Delhi,5,2022,Poor
2022-05-04,269,Delhi,5,2022,Poor
2022-05-05,146,Delhi,5,2022,Moderate
2022-05-06,273,Delhi,5,2022,Poor
2022-05-07,206,Delhi,5,2022,Poor
2022-05-08,205,Delhi,5,2022,Poor
2022-05-09,171,Delhi,5,2022,Moderate
2022-05-10,160,Delhi,5,2022,Moderate
2022-05-11,156,Delhi,5,2022,Moderate
2022-05-12,164,Delhi,5,2022,Moderate
2022-05-13,176,Delhi,5,2022,Moderate
2022-05-14,270,Delhi,5,2022,Poor
2022-05-15,242,Delhi,5,2022,Poor
2022-05-16,297,Delhi,5,2022,Poor
2022-05-17,239,Delhi,5,2022,Poor
2022-05-18,251,Delhi,5,2022,Poor
2022-05-19,202,Delhi,5,2022,Poor
2022-05-20,266,Delhi,5,2022,Poor
2022-05-21,285,Delhi,5,2022,Poor
2022-05-22,203,Delhi,5,2022,Poor
2022-05-23,136,Delhi,5,2022,Moderate
2022-05-24,89,Delhi,5,2022,Satisfactory
2022-05-25,166,Delhi,5,2022,Moderate
2022-05-26,199,Delhi,5,2022,Moderate
2022-05-27,206,Delhi,5,2022,Poor
2022-05-28,210,Delhi,5,2022,Poor
2022-05-29,273,Delhi,5,2022,Poor
2022-05-30,201,Delhi,5,2022,Poor
2022-05-31,215,Delhi,5,2022,Poor
2022-06-01,322,Delhi,6,2022,Very Poor
2022-06-02,202,Delhi,6,2022,Poor
2022-06-03,240,Delhi,6,2022,Poor
2022-06-04,227,Delhi,6,2022,Poor
2022-06-05,215,Delhi,6,2022,Poor
2022-06-06,195,Delhi,6,2022,Moderate
2022-06-07,280,Delhi,6,2022,Poor
2022-06-08,346,Delhi,6,2022,Very Poor
2022-06-09,223,Delhi,6,2022,Poor
2022-06-10,303,Delhi,6,2022,Very Poor
2022-06-11,256,Delhi,6,2022,Poor
2022-06-12,249,Delhi,6,2022,Poor
2022-06-13,200,Delhi,6,2022,Moderate
2022-06-14,222,Delhi,6,2022,Poor
2022-06-15,153,Delhi,6,2022,Moderate
2022-06-16,132,Delhi,6,2022,Moderate
2022-06-17,88,Delhi,6,2022,Satisfactory
2022-06-18,79,Delhi,6,2022,Satisfactory
2022-06-19,99,Delhi,6,2022,Satisfactory
2022-06-20,124,Delhi,6,2022,Moderate
2022-06-21,128,Delhi,6,2022,Moderate
2022-06-22,139,Delhi,6,2022,Moderate
2022-06-23,140,Delhi,6,2022,Moderate
2022-06-24,197,Delhi,6,2022,Moderate
2022-06-25,230,Delhi,6,2022,Poor
2022-06-26,169,Delhi,6,2022,Moderate
2022-06-27,127,Delhi,6,2022,Moderate
2022-06-28,137,Delhi,6,2022,Moderate
2022-06-29,163,Delhi,6,2022,Moderate
2022-06-30,116,Delhi,6,2022,Moderate
2022-07-01,76,Delhi,7,2022,Satisfactory
2022-07-02,95,Delhi,7,2022,Satisfactory
2022-07-03,76,Delhi,7,2022,Satisfactory
2022-07-04,113,Delhi,7,2022,Moderate
2022-07-05,161,Delhi,7,2022,Moderate
2022-07-06,104,Delhi,7,2022,Moderate
2022-07-07,100,Delhi,7,2022,Satisfactory
2022-07-08,94,Delhi,7,2022,Satisfactory
2022-07-09,110,Delhi,7,2022,Moderate
2022-07-10,71,Delhi,7,2022,Satisfactory
2022-07-11,95,Delhi,7,2022,Satisfactory
2022-07-12,100,Delhi,7,2022,Satisfactory
2022-07-13,79,Delhi,7,2022,Satisfactory
2022-07-14,87,Delhi,7,2022,Satisfactory
2022-07-15,79,Delhi,7,2022,Satisfactory
2022-07-16,81,Delhi,7,2022,Satisfactory
2022-07-17,61,Delhi,7,2022,Satisfactory
2022-07-18,92,Delhi,7,2022,Satisfactory
2022-07-19,105,Delhi,7,2022,Moderate
2022-07-20,98,Delhi,7,2022,Satisfactory
2022-07-21,70,Delhi,7,2022,Satisfactory
2022-07-22,140,Delhi,7,2022,Moderate
2022-07-23,72,Delhi,7,2022,Satisfactory
2022-07-24,72,Delhi,7,2022,Satisfactory
2022-07-25,67,Delhi,7,2022,Satisfactory
2022-07-26,69,Delhi,7,2022,Satisfactory
2022-07-27,74,Delhi,7,2022,Satisfactory
2022-07-28,68,Delhi,7,2022,Satisfactory
2022-07-29,71,Delhi,7,2022,Satisfactory
2022-07-30,58,Delhi,7,2022,Satisfactory
2022-07-31,71,Delhi,7,2022,Satisfactory
2022-08-01,71,Delhi,8,2022,Satisfactory
2022-08-02,84,Delhi,8,2022,Satisfactory
2022-08-03,122,Delhi,8,2022,Moderate
2022-08-04,112,Delhi,8,2022,Moderate
2022-08-05,72,Delhi,8,2022,Satisfactory
2022-08-06,98,Delhi,8,2022,Satisfactory
2022-08-07,118,Delhi,8,2022,Moderate
2022-08-08,84,Delhi,8,2022,Satisfactory
2022-08-09,112,Delhi,8,2022,Moderate
2022-08-10,102,Delhi,8,2022,Moderate
2022-08-11,75,Delhi,8,2022,Satisfactory
2022-08-12,88,Delhi,8,2022,Satisfactory
2022-08-13,80,Delhi,8,2022,Satisfactory
2022-08-14,84,Delhi,8,2022,Satisfactory
2022-08-15,62,Delhi,8,2022,Satisfactory
2022-08-16,63,Delhi,8,2022,Satisfactory
2022-08-17,60,Delhi,8,2022,Satisfactory
2022-08-18,72,Delhi,8,2022,Satisfactory
2022-08-19,71,Delhi,8,2022,Satisfactory
2022-08-20,80,Delhi,8,2022,Satisfactory
2022-08-21,117,Delhi,8,2022,Moderate
2022-08-22,104,Delhi,8,2022,Moderate
2022-08-23,83,Delhi,8,2022,Satisfactory
2022-08-24,63,Delhi,8,2022,Satisfactory
2022-08-25,96,Delhi,8,2022,Satisfactory
2022-08-26,113,Delhi,8,2022,Moderate
2022-08-27,105,Delhi,8,2022,Moderate
2022-08-28,119,Delhi,8,2022,Moderate
2022-08-29,144,Delhi,8,2022,Moderate
2022-08-30,116,Delhi,8,2022,Moderate
2022-08-31,124,Delhi,8,2022,Moderate
2022-09-01,121,Delhi,9,2022,Moderate
2022-09-02,110,Delhi,9,2022,Moderate
2022-09-03,119,Delhi,9,2022,Moderate
2022-09-04,115,Delhi,9,2022,Moderate
2022-09-05,102,Delhi,9,2022,Moderate
2022-09-06,119,Delhi,9,2022,Moderate
2022-09-07,133,Delhi,9,2022,Moderate
2022-09-08,136,Delhi,9,2022,Moderate
2022-09-09,141,Delhi,9,2022,Moderate
2022-09-10,110,Delhi,9,2022,Moderate
2022-09-11,85,Delhi,9,2022,Satisfactory
2022-09-12,84,Delhi,9,2022,Satisfactory
2022-09-13,72,Delhi,9,2022,Satisfactory
2022-09-14,71,Delhi,9,2022,Satisfactory
2022-09-15,57,Delhi,9,2022,Satisfactory
2022-09-16,47,Delhi,9,2022,Good
2022-09-17,70,Delhi,9,2022,Satisfactory
2022-09-18,119,Delhi,9,2022,Moderate
2022-09-19,182,Delhi,9,2022,Moderate
2022-09-20,130,Delhi,9,2022,Moderate
2022-09-21,109,Delhi,9,2022,Moderate
2022-09-22,66,Delhi,9,2022,Satisfactory
2022-09-23,57,Delhi,9,2022,Satisfactory
2022-09-24,54,Delhi,9,2022,Satisfactory
2022-09-25,52,Delhi,9,2022,Satisfactory
2022-09-26,100,Delhi,9,2022,Satisfactory
2022-09-27,108,Delhi,9,2022,Moderate
2022-09-28,140,Delhi,9,2022,Moderate
2022-09-29,151,Delhi,9,2022,Moderate
2022-09-30,173,Delhi,9,2022,Moderate
2022-10-01,186,Delhi,10,2022,Moderate
2022-10-02,181,Delhi,10,2022,Moderate
2022-10-03,128,Delhi,10,2022,Moderate
2022-10-04,150,Delhi,10,2022,Moderate
2022-10-05,211,Delhi,10,2022,Poor
2022-10-06,79,Delhi,10,2022,Satisfactory
2022-10-07,55,Delhi,10,2022,Satisfactory
2022-10-08,56,Delhi,10,2022,Satisfactory
2022-10-09,48,Delhi,10,2022,Good
2022-10-10,44,Delhi,10,2022,Good
2022-10-11,66,Delhi,10,2022,Satisfactory
2022-10-12,143,Delhi,10,2022,Moderate
2022-10-13,130,Delhi,10,2022,Moderate
2022-10-14,154,Delhi,10,2022,Moderate
2022-10-15,186,Delhi,10,2022,Moderate
2022-10-16,232,Delhi,10,2022,Poor
2022-10-17,237,Delhi,10,2022,Poor
2022-10-18,241,Delhi,10,2022,Poor
2022-10-19,234,Delhi,10,2022,Poor
2022-10-20,232,Delhi,10,2022,Poor
2022-10-21,262,Delhi,10,2022,Poor
2022-10-22,265,Delhi,10,2022,Poor
2022-10-23,259,Delhi,10,2022,Poor
2022-10-24,312,Delhi,10,2022,Very Poor
2022-10-25,302,Delhi,10,2022,Very Poor
2022-10-26,271,Delhi,10,2022,Poor
2022-10-27,354,Delhi,10,2022,Very Poor
2022-10-28,357,Delhi,10,2022,Very Poor
2022-10-29,397,Delhi,10,2022,Very Poor
2022-10-30,352,Delhi,10,2022,Very Poor
2022-10-31,392,Delhi,10,2022,Very Poor
2022-11-01,424,Delhi,11,2022,Severe
2022-11-02,376,Delhi,11,2022,Very Poor
2022-11-03,450,Delhi,11,2022,Severe
2022-11-04,447,Delhi,11,2022,Severe
2022-11-05,381,Delhi,11,2022,Very Poor
2022-11-06,339,Delhi,11,2022,Very Poor
2022-11-07,354,Delhi,11,2022,Very Poor
2022-11-08,372,Delhi,11,2022,Very Poor
2022-11-09,260,Delhi,11,2022,Poor
2022-11-10,295,Delhi,11,2022,Poor
2022-11-11,346,Delhi,11,2022,Very Poor
2022-11-12,303,Delhi,11,2022,Very Poor
2022-11-13,303,Delhi,11,2022,Very Poor
2022-11-14,294,Delhi,11,2022,Poor
2022-11-15,227,Delhi,11,2022,Poor
2022-11-16,264,Delhi,11,2022,Poor
2022-11-17,260,Delhi,11,2022,Poor
2022-11-18,289,Delhi,11,2022,Poor
2022-11-19,280,Delhi,11,2022,Poor
2022-11-20,314,Delhi,11,2022,Very Poor
2022-11-21,310,Delhi,11,2022,Very Poor
2022-11-22,255,Delhi,11,2022,Poor
2022-11-23,237,Delhi,11,2022,Poor
2022-11-24,213,Delhi,11,2022,Poor
2022-11-25,294,Delhi,11,2022,Poor
2022-11-26,336,Delhi,11,2022,Very Poor
2022-11-27,328,Delhi,11,2022,Very Poor
2022-11-28,333,Delhi,11,2022,Very Poor
2022-11-29,369,Delhi,11,2022,Very Poor
2022-11-30,365,Delhi,11,2022,Very Poor
2022-12-01,368,Delhi,12,2022,Very Poor
2022-12-02,352,Delhi,12,2022,Very Poor
2022-12-03,370,Delhi,12,2022,Very Poor
2022-12-04,407,Delhi,12,2022,Severe
2022-12-05,347,Delhi,12,2022,Very Poor
2022-12-06,353,Delhi,12,2022,Very Poor
2022-12-07,304,Delhi,12,2022,Very Poor
2022-12-08,281,Delhi,12,2022,Poor
2022-12-09,314,Delhi,12,2022,Very Poor
2022-12-10,360,Delhi,12,2022,Very Poor
2022-12-11,306,Delhi,12,2022,Very Poor
2022-12-12,218,Delhi,12,2022,Poor
2022-12-13,177,Delhi,12,2022,Moderate
2022-12-14,163,Delhi,12,2022,Moderate
2022-12-15,189,Delhi,12,2022,Moderate
2022-12-16,223,Delhi,12,2022,Poor
2022-12-17,304,Delhi,12,2022,Very Poor
2022-12-18,353,Delhi,12,2022,Very Poor
2022-12-19,410,Delhi,12,2022,Severe
2022-12-20,366,Delhi,12,2022,Very Poor
2022-12-21,328,Delhi,12,2022,Very Poor
2022-12-22,342,Delhi,12,2022,Very Poor
2022-12-23,359,Delhi,12,2022,Very Poor
2022-12-24,349,Delhi,12,2022,Very Poor
2022-12-25,308,Delhi,12,2022,Very Poor
2022-12-26,331,Delhi,12,2022,Very Poor
2022-12-27,339,Delhi,12,2022,Very Poor
2022-12-28,321,Delhi,12,2022,Very Poor
2022-12-29,306,Delhi,12,2022,Very Poor
2022-12-30,399,Delhi,12,2022,Very Poor
2022-12-31,349,Delhi,12,2022,Very Poor
2023-01-01,259,Delhi,1,2023,Poor
2023-01-02,357,Delhi,1,2023,Very Poor
2023-01-03,385,Delhi,1,2023,Very Poor
2023-01-04,343,Delhi,1,2023,Very Poor
2023-01-05,340,Delhi,1,2023,Very Poor
2023-01-06,400,Delhi,1,2023,Very Poor
2023-01-07,377,Delhi,1,2023,Very Poor
2023-01-08,375,Delhi,1,2023,Very Poor
2023-01-09,434,Delhi,1,2023,Severe
2023-01-10,407,Delhi,1,2023,Severe
2023-01-11,308,Delhi,1,2023,Very Poor
2023-01-12,371,Delhi,1,2023,Very Poor
2023-01-13,378,Delhi,1,2023,Very Poor
2023-01-14,353,Delhi,1,2023,Very Poor
2023-01-15,213,Delhi,1,2023,Poor
2023-01-16,270,Delhi,1,2023,Poor
2023-01-17,288,Delhi,1,2023,Poor
2023-01-18,306,Delhi,1,2023,Very Poor
2023-01-19,338,Delhi,1,2023,Very Poor
2023-01-20,226,Delhi,1,2023,Poor
2023-01-21,294,Delhi,1,2023,Poor
2023-01-22,407,Delhi,1,2023,Severe
2023-01-23,335,Delhi,1,2023,Very Poor
2023-01-24,237,Delhi,1,2023,Poor
2023-01-25,160,Delhi,1,2023,Moderate
2023-01-26,298,Delhi,1,2023,Poor
2023-01-27,229,Delhi,1,2023,Poor
2023-01-28,236,Delhi,1,2023,Poor
2023-01-29,331,Delhi,1,2023,Very Poor
2023-01-30,207,Delhi,1,2023,Poor
2023-01-31,192,Delhi,1,2023,Moderate
2023-02-01,164,Delhi,2,2023,Moderate
2023-02-02,194,Delhi,2,2023,Moderate
2023-02-03,199,Delhi,2,2023,Moderate
2023-02-04,242,Delhi,2,2023,Poor
2023-02-05,244,Delhi,2,2023,Poor
2023-02-06,265,Delhi,2,2023,Poor
2023-02-07,285,Delhi,2,2023,Poor
2023-02-08,144,Delhi,2,2023,Moderate
2023-02-09,212,Delhi,2,2023,Poor
2023-02-10,187,Delhi,2,2023,Moderate
2023-02-11,275,Delhi,2,2023,Poor
2023-02-12,175,Delhi,2,2023,Moderate
2023-02-13,135,Delhi,2,2023,Moderate
2023-02-14,132,Delhi,2,2023,Moderate
2023-02-15,190,Delhi,2,2023,Moderate
2023-02-16,270,Delhi,2,2023,Poor
2023-02-17,367,Delhi,2,2023,Very Poor
2023-02-18,371,Delhi,2,2023,Very Poor
2023-02-19,331,Delhi,2,2023,Very Poor
2023-02-20,324,Delhi,2,2023,Very Poor
2023-02-21,245,Delhi,2,2023,Poor
2023-02-22,302,Delhi,2,2023,Very Poor
2023-02-23,227,Delhi,2,2023,Poor
2023-02-24,171,Delhi,2,2023,Moderate
2023-02-25,225,Delhi,2,2023,Poor
2023-02-26,291,Delhi,2,2023,Poor
2023-02-27,260,Delhi,2,2023,Poor
2023-02-28,219,Delhi,2,2023,Poor
2023-03-01,181,Delhi,3,2023,Moderate
2023-03-02,226,Delhi,3,2023,Poor
2023-03-03,152,Delhi,3,2023,Moderate
2023-03-04,129,Delhi,3,2023,Moderate
2023-03-05,142,Delhi,3,2023,Moderate
2023-03-06,142,Delhi,3,2023,Moderate
2023-03-07,173,Delhi,3,2023,Moderate
2023-03-08,215,Delhi,3,2023,Poor
2023-03-09,119,Delhi,3,2023,Moderate
2023-03-10,187,Delhi,3,2023,Moderate
2023-03-11,200,Delhi,3,2023,Moderate
2023-03-12,216,Delhi,3,2023,Poor
2023-03-13,231,Delhi,3,2023,Poor
2023-03-14,219,Delhi,3,2023,Poor
2023-03-15,213,Delhi,3,2023,Poor
2023-03-16,259,Delhi,3,2023,Poor
2023-03-17,188,Delhi,3,2023,Moderate
2023-03-18,184,Delhi,3,2023,Moderate
2023-03-19,162,Delhi,3,2023,Moderate
2023-03-20,154,Delhi,3,2023,Moderate
2023-03-21,75,Delhi,3,2023,Satisfactory
2023-03-22,164,Delhi,3,2023,Moderate
2023-03-23,151,Delhi,3,2023,Moderate
2023-03-24,205,Delhi,3,2023,Poor
2023-03-25,78,Delhi,3,2023,Satisfactory
2023-03-26,164,Delhi,3,2023,Moderate
2023-03-27,146,Delhi,3,2023,Moderate
2023-03-28,147,Delhi,3,2023,Moderate
2023-03-29,198,Delhi,3,2023,Moderate
2023-03-30,170,Delhi,3,2023,Moderate
2023-03-31,73,Delhi,3,2023,Satisfactory
2023-04-01,106,Delhi,4,2023,Moderate
2023-04-02,128,Delhi,4,2023,Moderate
2023-04-03,179,Delhi,4,2023,Moderate
2023-04-04,109,Delhi,4,2023,Moderate
2023-04-05,135,Delhi,4,2023,Moderate
2023-04-06,142,Delhi,4,2023,Moderate
2023-04-07,142,Delhi,4,2023,Moderate
2023-04-08,172,Delhi,4,2023,Moderate
2023-04-09,217,Delhi,4,2023,Poor
2023-04-10,195,Delhi,4,2023,Moderate
2023-04-11,260,Delhi,4,2023,Poor
2023-04-12,213,Delhi,4,2023,Poor
2023-04-13,211,Delhi,4,2023,Poor
2023-04-14,249,Delhi,4,2023,Poor
2023-04-15,235,Delhi,4,2023,Poor
2023-04-16,229,Delhi,4,2023,Poor
2023-04-17,206,Delhi,4,2023,Poor
2023-04-18,235,Delhi,4,2023,Poor
2023-04-19,236,Delhi,4,2023,Poor
2023-04-20,159,Delhi,4,2023,Moderate
2023-04-21,129,Delhi,4,2023,Moderate
2023-04-22,141,Delhi,4,2023,Moderate
2023-04-23,118,Delhi,4,2023,Moderate
2023-04-24,160,Delhi,4,2023,Moderate
2023-04-25,156,Delhi,4,2023,Moderate
2023-04-26,210,Delhi,4,2023,Poor
2023-04-27,219,Delhi,4,2023,Poor
2023-04-28,150,Delhi,4,2023,Moderate
2023-04-29,216,Delhi,4,2023,Poor
2023-04-30,132,Delhi,4,2023,Moderate
2023-05-01,91,Delhi,5,2023,Satisfactory
2023-05-02,76,Delhi,5,2023,Satisfactory
2023-05-03,107,Delhi,5,2023,Moderate
2023-05-04,113,Delhi,5,2023,Moderate
2023-05-05,183,Delhi,5,2023,Moderate
2023-05-06,234,Delhi,5,2023,Poor
2023-05-07,173,Delhi,5,2023,Moderate
2023-05-08,131,Delhi,5,2023,Moderate
2023-05-09,197,Delhi,5,2023,Moderate
2023-05-10,203,Delhi,5,2023,Poor
2023-05-11,274,Delhi,5,2023,Poor
2023-05-12,227,Delhi,5,2023,Poor
2023-05-13,235,Delhi,5,2023,Poor
2023-05-14,259,Delhi,5,2023,Poor
2023-05-15,162,Delhi,5,2023,Moderate
2023-05-16,259,Delhi,5,2023,Poor
2023-05-17,336,Delhi,5,2023,Very Poor
2023-05-18,149,Delhi,5,2023,Moderate
2023-05-19,152,Delhi,5,2023,Moderate
2023-05-20,186,Delhi,5,2023,Moderate
2023-05-21,215,Delhi,5,2023,Poor
2023-05-22,199,Delhi,5,2023,Moderate
2023-05-23,198,Delhi,5,2023,Moderate
2023-05-24,158,Delhi,5,2023,Moderate
2023-05-25,106,Delhi,5,2023,Moderate
2023-05-26,98,Delhi,5,2023,Satisfactory
2023-05-27,110,Delhi,5,2023,Moderate
2023-05-28,134,Delhi,5,2023,Moderate
2023-05-29,136,Delhi,5,2023,Moderate
2023-05-30,115,Delhi,5,2023,Moderate
2023-05-31,85,Delhi,5,2023,Satisfactory
2023-06-01,96,Delhi,6,2023,Satisfactory
2023-06-02,120,Delhi,6,2023,Moderate
2023-06-03,121,Delhi,6,2023,Moderate
2023-06-04,171,Delhi,6,2023,Moderate
2023-06-05,166,Delhi,6,2023,Moderate
2023-06-06,139,Delhi,6,2023,Moderate
2023-06-07,239,Delhi,6,2023,Poor
2023-06-08,161,Delhi,6,2023,Moderate
2023-06-09,152,Delhi,6,2023,Moderate
2023-06-10,134,Delhi,6,2023,Moderate
2023-06-11,130,Delhi,6,2023,Moderate
2023-06-12,169,Delhi,6,2023,Moderate
2023-06-13,205,Delhi,6,2023,Poor
2023-06-14,213,Delhi,6,2023,Poor
2023-06-15,154,Delhi,6,2023,Moderate
2023-06-16,119,Delhi,6,2023,Moderate
2023-06-17,119,Delhi,6,2023,Moderate
2023-06-18,90,Delhi,6,2023,Satisfactory
2023-06-19,75,Delhi,6,2023,Satisfactory
2023-06-20,104,Delhi,6,2023,Moderate
2023-06-21,91,Delhi,6,2023,Satisfactory
2023-06-22,110,Delhi,6,2023,Moderate
2023-06-23,132,Delhi,6,2023,Moderate
2023-06-24,169,Delhi,6,2023,Moderate
2023-06-25,71,Delhi,6,2023,Satisfactory
2023-06-26,93,Delhi,6,2023,Satisfactory
2023-06-27,86,Delhi,6,2023,Satisfactory
2023-06-28,93,Delhi,6,2023,Satisfactory
2023-06-29,101,Delhi,6,2023,Moderate
2023-06-30,70,Delhi,6,2023,Satisfactory
2023-07-01,69,Delhi,7,2023,Satisfactory
2023-07-02,71,Delhi,7,2023,Satisfactory
2023-07-03,118,Delhi,7,2023,Moderate
2023-07-04,144,Delhi,7,2023,Moderate
2023-07-05,96,Delhi,7,2023,Satisfactory
2023-07-06,72,Delhi,7,2023,Satisfactory
2023-07-07,77,Delhi,7,2023,Satisfactory
2023-07-08,71,Delhi,7,2023,Satisfactory
2023-07-09,64,Delhi,7,2023,Satisfactory
2023-07-10,65,Delhi,7,2023,Satisfactory
2023-07-11,69,Delhi,7,2023,Satisfactory
2023-07-12,77,Delhi,7,2023,Satisfactory
2023-07-13,77,Delhi,7,2023,Satisfactory
2023-07-14,73,Delhi,7,2023,Satisfactory
2023-07-15,100,Delhi,7,2023,Satisfactory
2023-07-16,69,Delhi,7,2023,Satisfactory
2023-07-17,85,Delhi,7,2023,Satisfactory
2023-07-18,113,Delhi,7,2023,Moderate
2023-07-19,77,Delhi,7,2023,Satisfactory
2023-07-20,93,Delhi,7,2023,Satisfactory
2023-07-21,109,Delhi,7,2023,Moderate
2023-07-22,96,Delhi,7,2023,Satisfactory
2023-07-23,73,Delhi,7,2023,Satisfactory
2023-07-24,77,Delhi,7,2023,Satisfactory
2023-07-25,102,Delhi,7,2023,Moderate
2023-07-26,73,Delhi,7,2023,Satisfactory
2023-07-27,92,Delhi,7,2023,Satisfactory
2023-07-28,81,Delhi,7,2023,Satisfactory
2023-07-29,59,Delhi,7,2023,Satisfactory
2023-07-30,65,Delhi,7,2023,Satisfactory
2023-07-31,89,Delhi,7,2023,Satisfactory
2023-08-01,92,Delhi,8,2023,Satisfactory
2023-08-02,91,Delhi,8,2023,Satisfactory
2023-08-03,75,Delhi,8,2023,Satisfactory
2023-08-04,105,Delhi,8,2023,Moderate
2023-08-05,85,Delhi,8,2023,Satisfactory
2023-08-06,101,Delhi,8,2023,Moderate
2023-08-07,102,Delhi,8,2023,Moderate
2023-08-08,110,Delhi,8,2023,Moderate
2023-08-09,118,Delhi,8,2023,Moderate
2023-08-10,133,Delhi,8,2023,Moderate
2023-08-11,123,Delhi,8,2023,Moderate
2023-08-12,126,Delhi,8,2023,Moderate
2023-08-13,105,Delhi,8,2023,Moderate
2023-08-14,114,Delhi,8,2023,Moderate
2023-08-15,108,Delhi,8,2023,Moderate
2023-08-16,109,Delhi,8,2023,Moderate
2023-08-17,131,Delhi,8,2023,Moderate
2023-08-18,153,Delhi,8,2023,Moderate
2023-08-19,125,Delhi,8,2023,Moderate
2023-08-20,91,Delhi,8,2023,Satisfactory
2023-08-21,91,Delhi,8,2023,Satisfactory
2023-08-22,106,Delhi,8,2023,Moderate
2023-08-23,71,Delhi,8,2023,Satisfactory
2023-08-24,85,Delhi,8,2023,Satisfactory
2023-08-25,117,Delhi,8,2023,Moderate
2023-08-26,152,Delhi,8,2023,Moderate
2023-08-27,186,Delhi,8,2023,Moderate
2023-08-28,144,Delhi,8,2023,Moderate
2023-08-29,162,Delhi,8,2023,Moderate
2023-08-30,154,Delhi,8,2023,Moderate
2023-08-31,146,Delhi,8,2023,Moderate
2023-09-01,140,Delhi,9,2023,Moderate
2023-09-02,136,Delhi,9,2023,Moderate
2023-09-03,136,Delhi,9,2023,Moderate
2023-09-04,136,Delhi,9,2023,Moderate
2023-09-05,121,Delhi,9,2023,Moderate
2023-09-06,106,Delhi,9,2023,Moderate
2023-09-07,105,Delhi,9,2023,Moderate
2023-09-08,84,Delhi,9,2023,Satisfactory
2023-09-09,55,Delhi,9,2023,Satisfactory
2023-09-10,46,Delhi,9,2023,Good
2023-09-11,54,Delhi,9,2023,Satisfactory
2023-09-12,90,Delhi,9,2023,Satisfactory
2023-09-13,106,Delhi,9,2023,Moderate
2023-09-14,121,Delhi,9,2023,Moderate
2023-09-15,100,Delhi,9,2023,Satisfactory
2023-09-16,85,Delhi,9,2023,Satisfactory
2023-09-17,63,Delhi,9,2023,Satisfactory
2023-09-18,63,Delhi,9,2023,Satisfactory
2023-09-19,73,Delhi,9,2023,Satisfactory
2023-09-20,97,Delhi,9,2023,Satisfactory
2023-09-21,113,Delhi,9,2023,Moderate
2023-09-22,102,Delhi,9,2023,Moderate
2023-09-23,108,Delhi,9,2023,Moderate
2023-09-24,131,Delhi,9,2023,Moderate
2023-09-25,118,Delhi,9,2023,Moderate
2023-09-26,152,Delhi,9,2023,Moderate
2023-09-27,129,Delhi,9,2023,Moderate
2023-09-28,139,Delhi,9,2023,Moderate
2023-09-29,157,Delhi,9,2023,Moderate
2023-09-30,166,Delhi,9,2023,Moderate
2023-10-01,146,Delhi,10,2023,Moderate
2023-10-02,144,Delhi,10,2023,Moderate
2023-10-03,154,Delhi,10,2023,Moderate
2023-10-04,176,Delhi,10,2023,Moderate
2023-10-05,177,Delhi,10,2023,Moderate
2023-10-06,211,Delhi,10,2023,Poor
2023-10-07,215,Delhi,10,2023,Poor
2023-10-08,164,Delhi,10,2023,Moderate
2023-10-09,174,Delhi,10,2023,Moderate
2023-10-10,179,Delhi,10,2023,Moderate
2023-10-11,191,Delhi,10,2023,Moderate
2023-10-12,218,Delhi,10,2023,Poor
2023-10-13,255,Delhi,10,2023,Poor
2023-10-14,256,Delhi,10,2023,Poor
2023-10-15,232,Delhi,10,2023,Poor
2023-10-16,206,Delhi,10,2023,Poor
2023-10-17,87,Delhi,10,2023,Satisfactory
2023-10-18,125,Delhi,10,2023,Moderate
2023-10-19,118,Delhi,10,2023,Moderate
2023-10-20,195,Delhi,10,2023,Moderate
2023-10-21,246,Delhi,10,2023,Poor
2023-10-22,311,Delhi,10,2023,Very Poor
2023-10-23,263,Delhi,10,2023,Poor
2023-10-24,220,Delhi,10,2023,Poor
2023-10-25,243,Delhi,10,2023,Poor
2023-10-26,256,Delhi,10,2023,Poor
2023-10-27,259,Delhi,10,2023,Poor
2023-10-28,303,Delhi,10,2023,Very Poor
2023-10-29,324,Delhi,10,2023,Very Poor
2023-10-30,346,Delhi,10,2023,Very Poor
2023-10-31,357,Delhi,10,2023,Very Poor
2023-11-01,364,Delhi,11,2023,Very Poor
2023-11-02,392,Delhi,11,2023,Very Poor
2023-11-03,468,Delhi,11,2023,Severe
2023-11-04,415,Delhi,11,2023,Severe
2023-11-05,453,Delhi,11,2023,Severe
2023-11-06,421,Delhi,11,2023,Severe
2023-11-07,395,Delhi,11,2023,Very Poor
2023-11-08,426,Delhi,11,2023,Severe
2023-11-09,437,Delhi,11,2023,Severe
2023-11-10,278,Delhi,11,2023,Poor
2023-11-11,220,Delhi,11,2023,Poor
2023-11-12,218,Delhi,11,2023,Poor
2023-11-13,358,Delhi,11,2023,Very Poor
2023-11-14,396,Delhi,11,2023,Very Poor
2023-11-15,398,Delhi,11,2023,Very Poor
2023-11-16,418,Delhi,11,2023,Severe
2023-11-17,404,Delhi,11,2023,Severe
2023-11-18,318,Delhi,11,2023,Very Poor
2023-11-19,301,Delhi,11,2023,Very Poor
2023-11-20,348,Delhi,11,2023,Very Poor
2023-11-21,372,Delhi,11,2023,Very Poor
2023-11-22,395,Delhi,11,2023,Very Poor
2023-11-23,390,Delhi,11,2023,Very Poor
2023-11-24,415,Delhi,11,2023,Severe
2023-11-25,388,Delhi,11,2023,Very Poor
2023-11-26,397,Delhi,11,2023,Very Poor
2023-11-27,395,Delhi,11,2023,Very Poor
2023-11-28,311,Delhi,11,2023,Very Poor
2023-11-29,289,Delhi,11,2023,Poor
2023-11-30,398,Delhi,11,2023,Very Poor
2023-12-01,372,Delhi,12,2023,Very Poor
2023-12-02,352,Delhi,12,2023,Very Poor
2023-12-03,313,Delhi,12,2023,Very Poor
2023-12-04,310,Delhi,12,2023,Very Poor
2023-12-05,297,Delhi,12,2023,Poor
2023-12-06,285,Delhi,12,2023,Poor
2023-12-07,320,Delhi,12,2023,Very Poor
2023-12-08,325,Delhi,12,2023,Very Poor
2023-12-09,322,Delhi,12,2023,Very Poor
2023-12-10,314,Delhi,12,2023,Very Poor
2023-12-11,317,Delhi,12,2023,Very Poor
2023-12-12,355,Delhi,12,2023,Very Poor
2023-12-13,378,Delhi,12,2023,Very Poor
2023-12-14,326,Delhi,12,2023,Very Poor
2023-12-15,323,Delhi,12,2023,Very Poor
2023-12-16,355,Delhi,12,2023,Very Poor
2023-12-17,331,Delhi,12,2023,Very Poor
2023-12-18,330,Delhi,12,2023,Very Poor
2023-12-19,286,Delhi,12,2023,Poor
2023-12-20,285,Delhi,12,2023,Poor
2023-12-21,361,Delhi,12,2023,Very Poor
2023-12-22,409,Delhi,12,2023,Severe
2023-12-23,449,Delhi,12,2023,Severe
2023-12-24,411,Delhi,12,2023,Severe
2023-12-25,383,Delhi,12,2023,Very Poor
2023-12-26,377,Delhi,12,2023,Very Poor
2023-12-27,380,Delhi,12,2023,Very Poor
2023-12-28,358,Delhi,12,2023,Very Poor
2023-12-29,381,Delhi,12,2023,Very Poor
2023-12-30,400,Delhi,12,2023,Very Poor
2023-12-31,382,Delhi,12,2023,Very Poor
2024-01-01,346,Delhi,1,2024,Very Poor
2024-01-02,340,Delhi,1,2024,Very Poor
2024-01-03,341,Delhi,1,2024,Very Poor
2024-01-04,377,Delhi,1,2024,Very Poor
2024-01-05,333,Delhi,1,2024,Very Poor
2024-01-06,319,Delhi,1,2024,Very Poor
2024-01-07,333,Delhi,1,2024,Very Poor
2024-01-08,345,Delhi,1,2024,Very Poor
2024-01-09,343,Delhi,1,2024,Very Poor
2024-01-10,273,Delhi,1,2024,Poor
2024-01-11,348,Delhi,1,2024,Very Poor
2024-01-12,340,Delhi,1,2024,Very Poor
2024-01-13,398,Delhi,1,2024,Very Poor
2024-01-14,447,Delhi,1,2024,Severe
2024-01-15,359,Delhi,1,2024,Very Poor
2024-01-16,371,Delhi,1,2024,Very Poor
2024-01-17,368,Delhi,1,2024,Very Poor
2024-01-18,318,Delhi,1,2024,Very Poor
2024-01-19,348,Delhi,1,2024,Very Poor
2024-01-20,329,Delhi,1,2024,Very Poor
2024-01-21,349,Delhi,1,2024,Very Poor
2024-01-22,333,Delhi,1,2024,Very Poor
2024-01-23,368,Delhi,1,2024,Very Poor
2024-01-24,409,Delhi,1,2024,Severe
2024-01-25,332,Delhi,1,2024,Very Poor
2024-01-26,408,Delhi,1,2024,Severe
2024-01-27,356,Delhi,1,2024,Very Poor
2024-01-28,365,Delhi,1,2024,Very Poor
2024-01-29,356,Delhi,1,2024,Very Poor
2024-01-30,357,Delhi,1,2024,Very Poor
2024-01-31,391,Delhi,1,2024,Very Poor
2024-02-01,176,Delhi,2,2024,Moderate
2024-02-02,215,Delhi,2,2024,Poor
2024-02-03,199,Delhi,2,2024,Moderate
2024-02-04,274,Delhi,2,2024,Poor
2024-02-05,177,Delhi,2,2024,Moderate
2024-02-06,140,Delhi,2,2024,Moderate
2024-02-07,174,Delhi,2,2024,Moderate
2024-02-08,161,Delhi,2,2024,Moderate
2024-02-09,146,Delhi,2,2024,Moderate
2024-02-10,295,Delhi,2,2024,Poor
2024-02-11,313,Delhi,2,2024,Very Poor
2024-02-12,300,Delhi,2,2024,Poor
2024-02-13,341,Delhi,2,2024,Very Poor
2024-02-14,340,Delhi,2,2024,Very Poor
2024-02-15,278,Delhi,2,2024,Poor
2024-02-16,268,Delhi,2,2024,Poor
2024-02-17,245,Delhi,2,2024,Poor
2024-02-18,270,Delhi,2,2024,Poor
2024-02-19,231,Delhi,2,2024,Poor
2024-02-20,226,Delhi,2,2024,Poor
2024-02-21,243,Delhi,2,2024,Poor
2024-02-22,150,Delhi,2,2024,Moderate
2024-02-23,143,Delhi,2,2024,Moderate
2024-02-24,193,Delhi,2,2024,Moderate
2024-02-25,193,Delhi,2,2024,Moderate
2024-02-26,172,Delhi,2,2024,Moderate
2024-02-27,159,Delhi,2,2024,Moderate
2024-02-28,141,Delhi,2,2024,Moderate
2024-02-29,147,Delhi,2,2024,Moderate
2024-03-01,208,Delhi,3,2024,Poor
2024-03-02,117,Delhi,3,2024,Moderate
2024-03-03,126,Delhi,3,2024,Moderate
2024-03-04,141,Delhi,3,2024,Moderate
2024-03-05,125,Delhi,3,2024,Moderate
2024-03-06,138,Delhi,3,2024,Moderate
2024-03-07,181,Delhi,3,2024,Moderate
2024-03-08,157,Delhi,3,2024,Moderate
2024-03-09,145,Delhi,3,2024,Moderate
2024-03-10,182,Delhi,3,2024,Moderate
2024-03-11,201,Delhi,3,2024,Poor
2024-03-12,190,Delhi,3,2024,Moderate
2024-03-13,165,Delhi,3,2024,Moderate
2024-03-14,195,Delhi,3,2024,Moderate
2024-03-15,128,Delhi,3,2024,Moderate
2024-03-16,168,Delhi,3,2024,Moderate
2024-03-17,193,Delhi,3,2024,Moderate
2024-03-18,199,Delhi,3,2024,Moderate
2024-03-19,222,Delhi,3,2024,Poor
2024-03-20,230,Delhi,3,2024,Poor
2024-03-21,171,Delhi,3,2024,Moderate
2024-03-22,166,Delhi,3,2024,Moderate
2024-03-23,232,Delhi,3,2024,Poor
2024-03-24,195,Delhi,3,2024,Moderate
2024-03-25,197,Delhi,3,2024,Moderate
2024-03-26,134,Delhi,3,2024,Moderate
2024-03-27,178,Delhi,3,2024,Moderate
2024-03-28,160,Delhi,3,2024,Moderate
2024-03-29,176,Delhi,3,2024,Moderate
2024-03-30,190,Delhi,3,2024,Moderate
2024-03-31,243,Delhi,3,2024,Poor
2024-04-01,133,Delhi,4,2024,Moderate
2024-04-02,144,Delhi,4,2024,Moderate
2024-04-03,167,Delhi,4,2024,Moderate
2024-04-04,173,Delhi,4,2024,Moderate
2024-04-05,174,Delhi,4,2024,Moderate
2024-04-06,168,Delhi,4,2024,Moderate
2024-04-07,179,Delhi,4,2024,Moderate
2024-04-08,191,Delhi,4,2024,Moderate
2024-04-09,203,Delhi,4,2024,Poor
2024-04-10,222,Delhi,4,2024,Poor
2024-04-11,240,Delhi,4,2024,Poor
2024-04-12,232,Delhi,4,2024,Poor
2024-04-13,198,Delhi,4,2024,Moderate
2024-04-14,141,Delhi,4,2024,Moderate
2024-04-15,205,Delhi,4,2024,Poor
2024-04-16,228,Delhi,4,2024,Poor
2024-04-17,147,Delhi,4,2024,Moderate
2024-04-18,164,Delhi,4,2024,Moderate
2024-04-19,186,Delhi,4,2024,Moderate
2024-04-20,219,Delhi,4,2024,Poor
2024-04-21,139,Delhi,4,2024,Moderate
2024-04-22,129,Delhi,4,2024,Moderate
2024-04-23,190,Delhi,4,2024,Moderate
2024-04-24,178,Delhi,4,2024,Moderate
2024-04-25,200,Delhi,4,2024,Moderate
2024-04-26,197,Delhi,4,2024,Moderate
2024-04-27,165,Delhi,4,2024,Moderate
2024-04-28,176,Delhi,4,2024,Moderate
2024-04-29,225,Delhi,4,2024,Poor
2024-04-30,189,Delhi,4,2024,Moderate
2024-05-01,200,Delhi,5,2024,Moderate
2024-05-02,197,Delhi,5,2024,Moderate
2024-05-03,264,Delhi,5,2024,Poor
2024-05-04,282,Delhi,5,2024,Poor
2024-05-05,292,Delhi,5,2024,Poor
2024-05-06,248,Delhi,5,2024,Poor
2024-05-07,303,Delhi,5,2024,Very Poor
2024-05-08,225,Delhi,5,2024,Poor
2024-05-09,179,Delhi,5,2024,Moderate
2024-05-10,180,Delhi,5,2024,Moderate
2024-05-11,242,Delhi,5,2024,Poor
2024-05-12,184,Delhi,5,2024,Moderate
2024-05-13,228,Delhi,5,2024,Poor
2024-05-14,235,Delhi,5,2024,Poor
2024-05-15,244,Delhi,5,2024,Poor
2024-05-16,236,Delhi,5,2024,Poor
2024-05-17,233,Delhi,5,2024,Poor
2024-05-18,262,Delhi,5,2024,Poor
2024-05-19,245,Delhi,5,2024,Poor
2024-05-20,228,Delhi,5,2024,Poor
2024-05-21,240,Delhi,5,2024,Poor
2024-05-22,193,Delhi,5,2024,Moderate
2024-05-23,156,Delhi,5,2024,Moderate
2024-05-24,157,Delhi,5,2024,Moderate
2024-05-25,168,Delhi,5,2024,Moderate
2024-05-26,191,Delhi,5,2024,Moderate
2024-05-27,225,Delhi,5,2024,Poor
2024-05-28,246,Delhi,5,2024,Poor
2024-05-29,240,Delhi,5,2024,Poor
2024-05-30,230,Delhi,5,2024,Poor
2024-05-31,192,Delhi,5,2024,Moderate
2024-06-01,245,Delhi,6,2024,Poor
2024-06-02,173,Delhi,6,2024,Moderate
2024-06-03,155,Delhi,6,2024,Moderate
2024-06-04,211,Delhi,6,2024,Poor
2024-06-05,251,Delhi,6,2024,Poor
2024-06-06,183,Delhi,6,2024,Moderate
2024-06-07,231,Delhi,6,2024,Poor
2024-06-08,237,Delhi,6,2024,Poor
2024-06-09,182,Delhi,6,2024,Moderate
2024-06-10,172,Delhi,6,2024,Moderate
2024-06-11,223,Delhi,6,2024,Poor
2024-06-12,213,Delhi,6,2024,Poor
2024-06-13,195,Delhi,6,2024,Moderate
2024-06-14,189,Delhi,6,2024,Moderate
2024-06-15,186,Delhi,6,2024,Moderate
2024-06-16,197,Delhi,6,2024,Moderate
2024-06-17,169,Delhi,6,2024,Moderate
2024-06-18,196,Delhi,6,2024,Moderate
2024-06-19,306,Delhi,6,2024,Very Poor
2024-06-20,179,Delhi,6,2024,Moderate
2024-06-21,175,Delhi,6,2024,Moderate
2024-06-22,186,Delhi,6,2024,Moderate
2024-06-23,145,Delhi,6,2024,Moderate
2024-06-24,138,Delhi,6,2024,Moderate
2024-06-25,134,Delhi,6,2024,Moderate
2024-06-26,132,Delhi,6,2024,Moderate
2024-06-27,74,Delhi,6,2024,Satisfactory
2024-06-28,64,Delhi,6,2024,Satisfactory
2024-06-29,118,Delhi,6,2024,Moderate
2024-06-30,115,Delhi,6,2024,Moderate
2024-07-01,105,Delhi,7,2024,Moderate
2024-07-02,118,Delhi,7,2024,Moderate
2024-07-03,108,Delhi,7,2024,Moderate
2024-07-04,61,Delhi,7,2024,Satisfactory
2024-07-05,77,Delhi,7,2024,Satisfactory
2024-07-06,65,Delhi,7,2024,Satisfactory
2024-07-07,56,Delhi,7,2024,Satisfactory
2024-07-08,56,Delhi,7,2024,Satisfactory
2024-07-09,84,Delhi,7,2024,Satisfactory
2024-07-10,138,Delhi,7,2024,Moderate
2024-07-11,113,Delhi,7,2024,Moderate
2024-07-12,107,Delhi,7,2024,Moderate
2024-07-13,102,Delhi,7,2024,Moderate
2024-07-14,107,Delhi,7,2024,Moderate
2024-07-15,109,Delhi,7,2024,Moderate
2024-07-16,100,Delhi,7,2024,Satisfactory
2024-07-17,90,Delhi,7,2024,Satisfactory
2024-07-18,95,Delhi,7,2024,Satisfactory
2024-07-19,124,Delhi,7,2024,Moderate
2024-07-20,109,Delhi,7,2024,Moderate
2024-07-21,103,Delhi,7,2024,Moderate
2024-07-22,85,Delhi,7,2024,Satisfactory
2024-07-23,93,Delhi,7,2024,Satisfactory
2024-07-24,97,Delhi,7,2024,Satisfactory
2024-07-25,109,Delhi,7,2024,Moderate
2024-07-26,84,Delhi,7,2024,Satisfactory
2024-07-27,131,Delhi,7,2024,Moderate
2024-07-28,83,Delhi,7,2024,Satisfactory
2024-07-29,76,Delhi,7,2024,Satisfactory
2024-07-30,97,Delhi,7,2024,Satisfactory
2024-07-31,96,Delhi,7,2024,Satisfactory
2024-08-01,64,Delhi,8,2024,Satisfactory
2024-08-02,76,Delhi,8,2024,Satisfactory
2024-08-03,68,Delhi,8,2024,Satisfactory
2024-08-04,64,Delhi,8,2024,Satisfactory
2024-08-05,59,Delhi,8,2024,Satisfactory
2024-08-06,61,Delhi,8,2024,Satisfactory
2024-08-07,61,Delhi,8,2024,Satisfactory
2024-08-08,54,Delhi,8,2024,Satisfactory
2024-08-09,61,Delhi,8,2024,Satisfactory
2024-08-10,71,Delhi,8,2024,Satisfactory
2024-08-11,69,Delhi,8,2024,Satisfactory
2024-08-12,56,Delhi,8,2024,Satisfactory
2024-08-13,63,Delhi,8,2024,Satisfactory
2024-08-14,79,Delhi,8,2024,Satisfactory
2024-08-15,72,Delhi,8,2024,Satisfactory
2024-08-16,63,Delhi,8,2024,Satisfactory
2024-08-17,74,Delhi,8,2024,Satisfactory
2024-08-18,83,Delhi,8,2024,Satisfactory
2024-08-19,84,Delhi,8,2024,Satisfactory
2024-08-20,66,Delhi,8,2024,Satisfactory
2024-08-21,87,Delhi,8,2024,Satisfactory
2024-08-22,85,Delhi,8,2024,Satisfactory
2024-08-23,77,Delhi,8,2024,Satisfactory
2024-08-24,105,Delhi,8,2024,Moderate
2024-08-25,77,Delhi,8,2024,Satisfactory
2024-08-26,72,Delhi,8,2024,Satisfactory
2024-08-27,64,Delhi,8,2024,Satisfactory
2024-08-28,70,Delhi,8,2024,Satisfactory
2024-08-29,58,Delhi,8,2024,Satisfactory
2024-08-30,102,Delhi,8,2024,Moderate
2024-08-31,92,Delhi,8,2024,Satisfactory
2024-09-01,101,Delhi,9,2024,Moderate
2024-09-02,87,Delhi,9,2024,Satisfactory
2024-09-03,89,Delhi,9,2024,Satisfactory
2024-09-04,69,Delhi,9,2024,Satisfactory
2024-09-05,83,Delhi,9,2024,Satisfactory
2024-09-06,95,Delhi,9,2024,Satisfactory
2024-09-07,71,Delhi,9,2024,Satisfactory
2024-09-08,91,Delhi,9,2024,Satisfactory
2024-09-09,114,Delhi,9,2024,Moderate
2024-09-10,106,Delhi,9,2024,Moderate
2024-09-11,71,Delhi,9,2024,Satisfactory
2024-09-12,64,Delhi,9,2024,Satisfactory
2024-09-13,52,Delhi,9,2024,Satisfactory
2024-09-14,62,Delhi,9,2024,Satisfactory
2024-09-15,107,Delhi,9,2024,Moderate
2024-09-16,139,Delhi,9,2024,Moderate
2024-09-17,172,Delhi,9,2024,Moderate
2024-09-18,115,Delhi,9,2024,Moderate
2024-09-19,56,Delhi,9,2024,Satisfactory
2024-09-20,98,Delhi,9,2024,Satisfactory
2024-09-21,116,Delhi,9,2024,Moderate
2024-09-22,162,Delhi,9,2024,Moderate
2024-09-23,165,Delhi,9,2024,Moderate
2024-09-24,195,Delhi,9,2024,Moderate
2024-09-25,233,Delhi,9,2024,Poor
2024-09-26,94,Delhi,9,2024,Satisfactory
2024-09-27,80,Delhi,9,2024,Satisfactory
2024-09-28,66,Delhi,9,2024,Satisfactory
2024-09-29,74,Delhi,9,2024,Satisfactory
2024-09-30,126,Delhi,9,2024,Moderate
2024-10-01,149,Delhi,10,2024,Moderate
2024-10-02,173,Delhi,10,2024,Moderate
2024-10-03,162,Delhi,10,2024,Moderate
2024-10-04,184,Delhi,10,2024,Moderate
2024-10-05,145,Delhi,10,2024,Moderate
2024-10-06,143,Delhi,10,2024,Moderate
2024-10-07,126,Delhi,10,2024,Moderate
2024-10-08,167,Delhi,10,2024,Moderate
2024-10-09,164,Delhi,10,2024,Moderate
2024-10-10,132,Delhi,10,2024,Moderate
2024-10-11,141,Delhi,10,2024,Moderate
2024-10-12,155,Delhi,10,2024,Moderate
2024-10-13,224,Delhi,10,2024,Poor
2024-10-14,234,Delhi,10,2024,Poor
2024-10-15,198,Delhi,10,2024,Moderate
2024-10-16,230,Delhi,10,2024,Poor
2024-10-17,285,Delhi,10,2024,Poor
2024-10-18,292,Delhi,10,2024,Poor
2024-10-19,278,Delhi,10,2024,Poor
2024-10-20,277,Delhi,10,2024,Poor
2024-10-21,310,Delhi,10,2024,Very Poor
2024-10-22,327,Delhi,10,2024,Very Poor
2024-10-23,364,Delhi,10,2024,Very Poor
2024-10-24,306,Delhi,10,2024,Very Poor
2024-10-25,270,Delhi,10,2024,Poor
2024-10-26,255,Delhi,10,2024,Poor
2024-10-27,356,Delhi,10,2024,Very Poor
2024-10-28,304,Delhi,10,2024,Very Poor
2024-10-29,268,Delhi,10,2024,Poor
2024-10-30,307,Delhi,10,2024,Very Poor
2024-10-31,328,Delhi,10,2024,Very Poor
2024-11-01,339,Delhi,11,2024,Very Poor
2024-11-02,318,Delhi,11,2024,Very Poor
2024-11-03,381,Delhi,11,2024,Very Poor
2024-11-04,380,Delhi,11,2024,Very Poor
2024-11-05,372,Delhi,11,2024,Very Poor
2024-11-06,351,Delhi,11,2024,Very Poor
2024-11-07,377,Delhi,11,2024,Very Poor
2024-11-08,379,Delhi,11,2024,Very Poor
2024-11-09,350,Delhi,11,2024,Very Poor
2024-11-10,334,Delhi,11,2024,Very Poor
2024-11-11,352,Delhi,11,2024,Very Poor
2024-11-12,334,Delhi,11,2024,Very Poor
2024-11-13,418,Delhi,11,2024,Severe
2024-11-14,424,Delhi,11,2024,Severe
2024-11-15,396,Delhi,11,2024,Very Poor
2024-11-16,417,Delhi,11,2024,Severe
2024-11-17,441,Delhi,11,2024,Severe
2024-11-18,494,Delhi,11,2024,Severe
2024-11-19,460,Delhi,11,2024,Severe
2024-11-20,419,Delhi,11,2024,Severe
2024-11-21,371,Delhi,11,2024,Very Poor
2024-11-22,393,Delhi,11,2024,Very Poor
2024-11-23,412,Delhi,11,2024,Severe
2024-11-24,318,Delhi,11,2024,Very Poor
2024-11-25,349,Delhi,11,2024,Very Poor
2024-11-26,343,Delhi,11,2024,Very Poor
2024-11-27,303,Delhi,11,2024,Very Poor
2024-11-28,325,Delhi,11,2024,Very Poor
2024-11-29,331,Delhi,11,2024,Very Poor
2024-11-30,346,Delhi,11,2024,Very Poor
2024-12-01,285,Delhi,12,2024,Poor
2024-12-02,280,Delhi,12,2024,Poor
2024-12-03,268,Delhi,12,2024,Poor
2024-12-04,178,Delhi,12,2024,Moderate
2024-12-05,165,Delhi,12,2024,Moderate
2024-12-06,197,Delhi,12,2024,Moderate
2024-12-07,233,Delhi,12,2024,Poor
2024-12-08,302,Delhi,12,2024,Very Poor
2024-12-09,186,Delhi,12,2024,Moderate
2024-12-10,234,Delhi,12,2024,Poor
2024-12-11,199,Delhi,12,2024,Moderate
2024-12-12,288,Delhi,12,2024,Poor
2024-12-13,262,Delhi,12,2024,Poor
2024-12-14,193,Delhi,12,2024,Moderate
2024-12-15,294,Delhi,12,2024,Poor
2024-12-16,379,Delhi,12,2024,Very Poor
2024-12-17,433,Delhi,12,2024,Severe
2024-12-18,445,Delhi,12,2024,Severe
2024-12-19,451,Delhi,12,2024,Severe
2024-12-20,429,Delhi,12,2024,Severe
2024-12-21,370,Delhi,12,2024,Very Poor
2024-12-22,409,Delhi,12,2024,Severe
2024-12-23,406,Delhi,12,2024,Severe
2024-12-24,369,Delhi,12,2024,Very Poor
2024-12-25,336,Delhi,12,2024,Very Poor
2024-12-26,345,Delhi,12,2024,Very Poor
2024-12-27,353,Delhi,12,2024,Very Poor
2024-12-28,139,Delhi,12,2024,Moderate
2024-12-29,225,Delhi,12,2024,Poor
2024-12-30,173,Delhi,12,2024,Moderate
2024-12-31,283,Delhi,12,2024,Poor
2025-01-01,328,Delhi,1,2025,Very Poor
2025-01-02,318,Delhi,1,2025,Very Poor
2025-01-03,371,Delhi,1,2025,Very Poor
2025-01-04,378,Delhi,1,2025,Very Poor
2025-01-05,339,Delhi,1,2025,Very Poor
2025-01-06,335,Delhi,1,2025,Very Poor
2025-01-07,296,Delhi,1,2025,Poor
2025-01-08,297,Delhi,1,2025,Poor
2025-01-09,357,Delhi,1,2025,Very Poor
2025-01-10,397,Delhi,1,2025,Very Poor
2025-01-11,327,Delhi,1,2025,Very Poor
2025-01-12,278,Delhi,1,2025,Poor
2025-01-13,248,Delhi,1,2025,Poor
2025-01-14,275,Delhi,1,2025,Poor
2025-01-15,386,Delhi,1,2025,Very Poor
2025-01-16,302,Delhi,1,2025,Very Poor
2025-01-17,289,Delhi,1,2025,Poor
2025-01-18,255,Delhi,1,2025,Poor
2025-01-19,368,Delhi,1,2025,Very Poor
2025-01-20,314,Delhi,1,2025,Very Poor
2025-01-21,289,Delhi,1,2025,Poor
2025-01-22,260,Delhi,1,2025,Poor
2025-01-23,257,Delhi,1,2025,Poor
2025-01-24,199,Delhi,1,2025,Moderate
2025-01-25,174,Delhi,1,2025,Moderate
2025-01-26,216,Delhi,1,2025,Poor
2025-01-27,268,Delhi,1,2025,Poor
2025-01-28,276,Delhi,1,2025,Poor
2025-01-29,365,Delhi,1,2025,Very Poor
2025-01-30,363,Delhi,1,2025,Very Poor
2025-01-31,351,Delhi,1,2025,Very Poor
2025-02-01,355,Delhi,2,2025,Very Poor
2025-02-02,326,Delhi,2,2025,Very Poor
2025-02-03,286,Delhi,2,2025,Poor
2025-02-04,264,Delhi,2,2025,Poor
2025-02-05,284,Delhi,2,2025,Poor
2025-02-06,210,Delhi,2,2025,Poor
2025-02-07,156,Delhi,2,2025,Moderate
2025-02-08,152,Delhi,2,2025,Moderate
2025-02-09,227,Delhi,2,2025,Poor
2025-02-10,271,Delhi,2,2025,Poor
2025-02-11,293,Delhi,2,2025,Poor
2025-02-12,212,Delhi,2,2025,Poor
2025-02-13,134,Delhi,2,2025,Moderate
2025-02-14,131,Delhi,2,2025,Moderate
2025-02-15,191,Delhi,2,2025,Moderate
2025-02-16,294,Delhi,2,2025,Poor
2025-02-17,231,Delhi,2,2025,Poor
2025-02-18,209,Delhi,2,2025,Poor
2025-02-19,180,Delhi,2,2025,Moderate
2025-02-20,160,Delhi,2,2025,Moderate
2025-02-21,158,Delhi,2,2025,Moderate
2025-02-22,155,Delhi,2,2025,Moderate
2025-02-23,144,Delhi,2,2025,Moderate
2025-02-24,186,Delhi,2,2025,Moderate
2025-02-25,208,Delhi,2,2025,Poor
2025-02-26,247,Delhi,2,2025,Poor
2025-02-27,215,Delhi,2,2025,Poor
2025-02-28,121,Delhi,2,2025,Moderate
2025-03-01,126,Delhi,3,2025,Moderate
2025-03-02,125,Delhi,3,2025,Moderate
2025-03-03,156,Delhi,3,2025,Moderate
2025-03-04,148,Delhi,3,2025,Moderate
2025-03-05,119,Delhi,3,2025,Moderate
2025-03-06,124,Delhi,3,2025,Moderate
2025-03-07,202,Delhi,3,2025,Poor
2025-03-08,158,Delhi,3,2025,Moderate
2025-03-09,209,Delhi,3,2025,Poor
2025-03-10,197,Delhi,3,2025,Moderate
2025-03-11,262,Delhi,3,2025,Poor
2025-03-12,228,Delhi,3,2025,Poor
2025-03-13,179,Delhi,3,2025,Moderate
2025-03-14,198,Delhi,3,2025,Moderate
2025-03-15,85,Delhi,3,2025,Satisfactory
2025-03-16,99,Delhi,3,2025,Satisfactory
2025-03-17,108,Delhi,3,2025,Moderate
2025-03-18,145,Delhi,3,2025,Moderate
2025-03-19,160,Delhi,3,2025,Moderate
2025-03-20,156,Delhi,3,2025,Moderate
2025-03-21,144,Delhi,3,2025,Moderate
2025-03-22,161,Delhi,3,2025,Moderate
2025-03-23,194,Delhi,3,2025,Moderate
2025-03-24,206,Delhi,3,2025,Poor
2025-03-25,234,Delhi,3,2025,Poor
2025-03-26,231,Delhi,3,2025,Poor
2025-03-27,259,Delhi,3,2025,Poor
2025-03-28,205,Delhi,3,2025,Poor
2025-03-29,153,Delhi,3,2025,Moderate
2025-03-30,138,Delhi,3,2025,Moderate
2025-03-31,160,Delhi,3,2025,Moderate
2019-01-01,368,Kolkata,1,2019,Very Poor
2019-01-02,338,Kolkata,1,2019,Very Poor
2019-01-03,364,Kolkata,1,2019,Very Poor
2019-01-04,408,Kolkata,1,2019,Severe
2019-01-05,382,Kolkata,1,2019,Very Poor
2019-01-06,308,Kolkata,1,2019,Very Poor
2019-01-07,288,Kolkata,1,2019,Poor
2019-01-08,310,Kolkata,1,2019,Very Poor
2019-01-09,335,Kolkata,1,2019,Very Poor
2019-01-10,364,Kolkata,1,2019,Very Poor
2019-01-11,363,Kolkata,1,2019,Very Poor
2019-01-12,402,Kolkata,1,2019,Severe
2019-01-13,374,Kolkata,1,2019,Very Poor
2019-01-14,402,Kolkata,1,2019,Severe
2019-01-15,386,Kolkata,1,2019,Very Poor
2019-01-16,314,Kolkata,1,2019,Very Poor
2019-01-17,340,Kolkata,1,2019,Very Poor
2019-01-18,364,Kolkata,1,2019,Very Poor
2019-01-19,399,Kolkata,1,2019,Very Poor
2019-01-20,396,Kolkata,1,2019,Very Poor
2019-01-21,397,Kolkata,1,2019,Very Poor
2019-01-22,410,Kolkata,1,2019,Severe
2019-01-23,419,Kolkata,1,2019,Severe
2019-01-24,373,Kolkata,1,2019,Very Poor
2019-01-25,323,Kolkata,1,2019,Very Poor
2019-01-26,284,Kolkata,1,2019,Poor
2019-01-27,248,Kolkata,1,2019,Poor
2019-01-28,245,Kolkata,1,2019,Poor
2019-01-29,214,Kolkata,1,2019,Poor
2019-01-30,237,Kolkata,1,2019,Poor
2019-01-31,275,Kolkata,1,2019,Poor
2019-02-01,328,Kolkata,2,2019,Very Poor
2019-02-02,338,Kolkata,2,2019,Very Poor
2019-02-03,338,Kolkata,2,2019,Very Poor
2019-02-04,306,Kolkata,2,2019,Very Poor
2019-02-05,322,Kolkata,2,2019,Very Poor
2019-02-06,340,Kolkata,2,2019,Very Poor
2019-02-07,332,Kolkata,2,2019,Very Poor
2019-02-08,306,Kolkata,2,2019,Very Poor
2019-02-09,262,Kolkata,2,2019,Poor
2019-02-10,151,Kolkata,2,2019,Moderate
2019-02-11,178,Kolkata,2,2019,Moderate
2019-02-12,248,Kolkata,2,2019,Poor
2019-02-13,264,Kolkata,2,2019,Poor
2019-02-14,331,Kolkata,2,2019,Very Poor
2019-02-15,344,Kolkata,2,2019,Very Poor
2019-02-16,254,Kolkata,2,2019,Poor
2019-02-17,212,Kolkata,2,2019,Poor
2019-02-18,228,Kolkata,2,2019,Poor
2019-02-19,298,Kolkata,2,2019,Poor
2019-02-20,208,Kolkata,2,2019,Poor
2019-02-21,298,Kolkata,2,2019,Poor
2019-02-22,212,Kolkata,2,2019,Poor
2019-02-23,226,Kolkata,2,2019,Poor
2019-02-24,254,Kolkata,2,2019,Poor
2019-02-25,186,Kolkata,2,2019,Moderate
2019-02-26,123,Kolkata,2,2019,Moderate
2019-02-27,64,Kolkata,2,2019,Satisfactory
2019-02-28,68,Kolkata,2,2019,Satisfactory
2019-03-01,167,Kolkata,3,2019,Moderate
2019-03-02,174,Kolkata,3,2019,Moderate
2019-03-03,224,Kolkata,3,2019,Poor
2019-03-04,230,Kolkata,3,2019,Poor
2019-03-05,90,Kolkata,3,2019,Satisfactory
2019-03-06,150,Kolkata,3,2019,Moderate
2019-03-07,212,Kolkata,3,2019,Poor
2019-03-08,168,Kolkata,3,2019,Moderate
2019-03-09,237,Kolkata,3,2019,Poor
2019-03-10,218,Kolkata,3,2019,Poor
2019-03-11,110,Kolkata,3,2019,Moderate
2019-03-12,269,Kolkata,3,2019,Poor
2019-03-13,144,Kolkata,3,2019,Moderate
2019-03-14,205,Kolkata,3,2019,Poor
2019-03-15,222,Kolkata,3,2019,Poor
2019-03-16,100,Kolkata,3,2019,Satisfactory
2019-03-17,144,Kolkata,3,2019,Moderate
2019-03-18,98,Kolkata,3,2019,Satisfactory
2019-03-19,124,Kolkata,3,2019,Moderate
2019-03-20,122,Kolkata,3,2019,Moderate
2019-03-21,130,Kolkata,3,2019,Moderate
2019-03-22,91,Kolkata,3,2019,Satisfactory
2019-03-23,117,Kolkata,3,2019,Moderate
2019-03-24,228,Kolkata,3,2019,Poor
2019-03-25,202,Kolkata,3,2019,Poor
2019-03-26,204,Kolkata,3,2019,Poor
2019-03-27,130,Kolkata,3,2019,Moderate
2019-03-28,127,Kolkata,3,2019,Moderate
2019-03-29,168,Kolkata,3,2019,Moderate
2019-03-30,94,Kolkata,3,2019,Satisfactory
2019-03-31,106,Kolkata,3,2019,Moderate
2019-04-01,66,Kolkata,4,2019,Satisfactory
2019-04-02,75,Kolkata,4,2019,Satisfactory
2019-04-03,64,Kolkata,4,2019,Satisfactory
2019-04-04,82,Kolkata,4,2019,Satisfactory
2019-04-05,78,Kolkata,4,2019,Satisfactory
2019-04-06,88,Kolkata,4,2019,Satisfactory
2019-04-07,66,Kolkata,4,2019,Satisfactory
2019-04-08,68,Kolkata,4,2019,Satisfactory
2019-04-09,67,Kolkata,4,2019,Satisfactory
2019-04-10,60,Kolkata,4,2019,Satisfactory
2019-04-11,58,Kolkata,4,2019,Satisfactory
2019-04-12,62,Kolkata,4,2019,Satisfactory
2019-04-13,74,Kolkata,4,2019,Satisfactory
2019-04-14,64,Kolkata,4,2019,Satisfactory
2019-04-15,68,Kolkata,4,2019,Satisfactory
2019-04-16,84,Kolkata,4,2019,Satisfactory
2019-04-17,116,Kolkata,4,2019,Moderate
2019-04-18,178,Kolkata,4,2019,Moderate
2019-04-19,170,Kolkata,4,2019,Moderate
2019-04-20,116,Kolkata,4,2019,Moderate
2019-04-21,82,Kolkata,4,2019,Satisfactory
2019-04-22,86,Kolkata,4,2019,Satisfactory
2019-04-23,64,Kolkata,4,2019,Satisfactory
2019-04-24,73,Kolkata,4,2019,Satisfactory
2019-04-25,59,Kolkata,4,2019,Satisfactory
2019-04-26,68,Kolkata,4,2019,Satisfactory
2019-04-27,87,Kolkata,4,2019,Satisfactory
2019-04-28,80,Kolkata,4,2019,Satisfactory
2019-04-29,74,Kolkata,4,2019,Satisfactory
2019-04-30,45,Kolkata,4,2019,Good
2019-05-01,32,Kolkata,5,2019,Good
2019-05-02,27,Kolkata,5,2019,Good
2019-05-03,33,Kolkata,5,2019,Good
2019-05-04,38,Kolkata,5,2019,Good
2019-05-05,79,Kolkata,5,2019,Satisfactory
2019-05-06,87,Kolkata,5,2019,Satisfactory
2019-05-07,90,Kolkata,5,2019,Satisfactory
2019-05-08,102,Kolkata,5,2019,Moderate
2019-05-09,101,Kolkata,5,2019,Moderate
2019-05-10,104,Kolkata,5,2019,Moderate
2019-05-11,86,Kolkata,5,2019,Satisfactory
2019-05-12,80,Kolkata,5,2019,Satisfactory
2019-05-15,86,Kolkata,5,2019,Satisfactory
2019-05-16,84,Kolkata,5,2019,Satisfactory
2019-05-17,96,Kolkata,5,2019,Satisfactory
2019-05-18,96,Kolkata,5,2019,Satisfactory
2019-05-19,97,Kolkata,5,2019,Satisfactory
2019-05-20,113,Kolkata,5,2019,Moderate
2019-05-21,88,Kolkata,5,2019,Satisfactory
2019-05-22,88,Kolkata,5,2019,Satisfactory
2019-05-23,78,Kolkata,5,2019,Satisfactory
2019-05-24,76,Kolkata,5,2019,Satisfactory
2019-05-25,72,Kolkata,5,2019,Satisfactory
2019-05-26,87,Kolkata,5,2019,Satisfactory
2019-05-27,112,Kolkata,5,2019,Moderate
2019-05-28,111,Kolkata,5,2019,Moderate
2019-05-29,109,Kolkata,5,2019,Moderate
2019-05-30,102,Kolkata,5,2019,Moderate
2019-05-31,91,Kolkata,5,2019,Satisfactory
2019-06-01,78,Kolkata,6,2019,Satisfactory
2019-06-02,78,Kolkata,6,2019,Satisfactory
2019-06-03,65,Kolkata,6,2019,Satisfactory
2019-06-04,76,Kolkata,6,2019,Satisfactory
2019-06-05,56,Kolkata,6,2019,Satisfactory
2019-06-06,45,Kolkata,6,2019,Good
2019-06-07,48,Kolkata,6,2019,Good
2019-06-08,44,Kolkata,6,2019,Good
2019-06-09,61,Kolkata,6,2019,Satisfactory
2019-06-10,69,Kolkata,6,2019,Satisfactory
2019-06-11,66,Kolkata,6,2019,Satisfactory
2019-06-12,69,Kolkata,6,2019,Satisfactory
2019-06-13,80,Kolkata,6,2019,Satisfactory
2019-06-14,94,Kolkata,6,2019,Satisfactory
2019-06-15,87,Kolkata,6,2019,Satisfactory
2019-06-16,58,Kolkata,6,2019,Satisfactory
2019-06-17,72,Kolkata,6,2019,Satisfactory
2019-06-18,111,Kolkata,6,2019,Moderate
2019-06-19,91,Kolkata,6,2019,Satisfactory
2019-06-20,91,Kolkata,6,2019,Satisfactory
2019-06-21,44,Kolkata,6,2019,Good
2019-06-22,44,Kolkata,6,2019,Good
2019-06-23,39,Kolkata,6,2019,Good
2019-06-24,50,Kolkata,6,2019,Good
2019-06-25,60,Kolkata,6,2019,Satisfactory
2019-06-26,50,Kolkata,6,2019,Good
2019-06-27,45,Kolkata,6,2019,Good
2019-06-28,58,Kolkata,6,2019,Satisfactory
2019-06-29,76,Kolkata,6,2019,Satisfactory
2019-06-30,101,Kolkata,6,2019,Moderate
2019-07-01,51,Kolkata,7,2019,Satisfactory
2019-07-02,41,Kolkata,7,2019,Good
2019-07-03,48,Kolkata,7,2019,Good
2019-07-04,65,Kolkata,7,2019,Satisfactory
2019-07-05,66,Kolkata,7,2019,Satisfactory
2019-07-06,52,Kolkata,7,2019,Satisfactory
2019-07-07,44,Kolkata,7,2019,Good
2019-07-08,58,Kolkata,7,2019,Satisfactory
2019-07-09,61,Kolkata,7,2019,Satisfactory
2019-07-10,57,Kolkata,7,2019,Satisfactory
2019-07-11,58,Kolkata,7,2019,Satisfactory
2019-07-12,59,Kolkata,7,2019,Satisfactory
2019-07-13,69,Kolkata,7,2019,Satisfactory
2019-07-14,82,Kolkata,7,2019,Satisfactory
2019-07-15,86,Kolkata,7,2019,Satisfactory
2019-07-16,89,Kolkata,7,2019,Satisfactory
2019-07-17,101,Kolkata,7,2019,Moderate
2019-07-18,90,Kolkata,7,2019,Satisfactory
2019-07-19,40,Kolkata,7,2019,Good
2019-07-20,43,Kolkata,7,2019,Good
2019-07-21,52,Kolkata,7,2019,Satisfactory
2019-07-22,48,Kolkata,7,2019,Good
2019-07-23,42,Kolkata,7,2019,Good
2019-07-24,38,Kolkata,7,2019,Good
2019-07-25,63,Kolkata,7,2019,Satisfactory
2019-07-26,63,Kolkata,7,2019,Satisfactory
2019-07-27,52,Kolkata,7,2019,Satisfactory
2019-07-28,33,Kolkata,7,2019,Good
2019-07-29,29,Kolkata,7,2019,Good
2019-07-30,41,Kolkata,7,2019,Good
2019-07-31,51,Kolkata,7,2019,Satisfactory
2019-08-01,51,Kolkata,8,2019,Satisfactory
2019-08-02,37,Kolkata,8,2019,Good
2019-08-03,46,Kolkata,8,2019,Good
2019-08-04,64,Kolkata,8,2019,Satisfactory
2019-08-05,72,Kolkata,8,2019,Satisfactory
2019-08-06,56,Kolkata,8,2019,Satisfactory
2019-08-07,35,Kolkata,8,2019,Good
2019-08-08,30,Kolkata,8,2019,Good
2019-08-09,40,Kolkata,8,2019,Good
2019-08-10,60,Kolkata,8,2019,Satisfactory
2019-08-11,93,Kolkata,8,2019,Satisfactory
2019-08-12,61,Kolkata,8,2019,Satisfactory
2019-08-13,23,Kolkata,8,2019,Good
2019-08-14,47,Kolkata,8,2019,Good
2019-08-15,50,Kolkata,8,2019,Good
2019-08-16,53,Kolkata,8,2019,Satisfactory
2019-08-17,31,Kolkata,8,2019,Good
2019-08-18,41,Kolkata,8,2019,Good
2019-08-19,31,Kolkata,8,2019,Good
2019-08-20,41,Kolkata,8,2019,Good
2019-08-21,58,Kolkata,8,2019,Satisfactory
2019-08-22,64,Kolkata,8,2019,Satisfactory
2019-08-23,43,Kolkata,8,2019,Good
2019-08-24,38,Kolkata,8,2019,Good
2019-08-25,38,Kolkata,8,2019,Good
2019-08-26,37,Kolkata,8,2019,Good
2019-08-27,37,Kolkata,8,2019,Good
2019-08-28,45,Kolkata,8,2019,Good
2019-08-29,34,Kolkata,8,2019,Good
2019-08-30,37,Kolkata,8,2019,Good
2019-08-31,36,Kolkata,8,2019,Good
2019-09-01,43,Kolkata,9,2019,Good
2019-09-02,41,Kolkata,9,2019,Good
2019-09-03,25,Kolkata,9,2019,Good
2019-09-04,27,Kolkata,9,2019,Good
2019-09-05,26,Kolkata,9,2019,Good
2019-09-06,28,Kolkata,9,2019,Good
2019-09-07,26,Kolkata,9,2019,Good
2019-09-08,27,Kolkata,9,2019,Good
2019-09-09,38,Kolkata,9,2019,Good
2019-09-10,48,Kolkata,9,2019,Good
2019-09-11,38,Kolkata,9,2019,Good
2019-09-12,37,Kolkata,9,2019,Good
2019-09-13,43,Kolkata,9,2019,Good
2019-09-14,58,Kolkata,9,2019,Satisfactory
2019-09-15,70,Kolkata,9,2019,Satisfactory
2019-09-16,49,Kolkata,9,2019,Good
2019-09-17,40,Kolkata,9,2019,Good
2019-09-18,31,Kolkata,9,2019,Good
2019-09-19,24,Kolkata,9,2019,Good
2019-09-20,42,Kolkata,9,2019,Good
2019-09-21,59,Kolkata,9,2019,Satisfactory
2019-09-22,51,Kolkata,9,2019,Satisfactory
2019-09-23,40,Kolkata,9,2019,Good
2019-09-24,22,Kolkata,9,2019,Good
2019-09-25,31,Kolkata,9,2019,Good
2019-09-26,41,Kolkata,9,2019,Good
2019-09-27,34,Kolkata,9,2019,Good
2019-09-28,37,Kolkata,9,2019,Good
2019-09-29,32,Kolkata,9,2019,Good
2019-09-30,31,Kolkata,9,2019,Good
2019-10-01,50,Kolkata,10,2019,Good
2019-10-02,104,Kolkata,10,2019,Moderate
2019-10-03,73,Kolkata,10,2019,Satisfactory
2019-10-04,65,Kolkata,10,2019,Satisfactory
2019-10-05,66,Kolkata,10,2019,Satisfactory
2019-10-06,86,Kolkata,10,2019,Satisfactory
2019-10-07,73,Kolkata,10,2019,Satisfactory
2019-10-08,70,Kolkata,10,2019,Satisfactory
2019-10-09,45,Kolkata,10,2019,Good
2019-10-10,58,Kolkata,10,2019,Satisfactory
2019-10-11,70,Kolkata,10,2019,Satisfactory
2019-10-12,95,Kolkata,10,2019,Satisfactory
2019-10-13,114,Kolkata,10,2019,Moderate
2019-10-14,150,Kolkata,10,2019,Moderate
2019-10-15,134,Kolkata,10,2019,Moderate
2019-10-16,136,Kolkata,10,2019,Moderate
2019-10-17,76,Kolkata,10,2019,Satisfactory
2019-10-18,157,Kolkata,10,2019,Moderate
2019-10-19,140,Kolkata,10,2019,Moderate
2019-10-20,122,Kolkata,10,2019,Moderate
2019-10-21,196,Kolkata,10,2019,Moderate
2019-10-22,167,Kolkata,10,2019,Moderate
2019-10-23,178,Kolkata,10,2019,Moderate
2019-10-24,94,Kolkata,10,2019,Satisfactory
2019-10-25,47,Kolkata,10,2019,Good
2019-10-26,52,Kolkata,10,2019,Satisfactory
2019-10-27,125,Kolkata,10,2019,Moderate
2019-10-28,160,Kolkata,10,2019,Moderate
2019-10-29,219,Kolkata,10,2019,Poor
2019-10-30,205,Kolkata,10,2019,Poor
2019-10-31,244,Kolkata,10,2019,Poor
2019-11-01,231,Kolkata,11,2019,Poor
2019-11-02,180,Kolkata,11,2019,Moderate
2019-11-03,141,Kolkata,11,2019,Moderate
2019-11-04,135,Kolkata,11,2019,Moderate
2019-11-05,208,Kolkata,11,2019,Poor
2019-11-06,331,Kolkata,11,2019,Very Poor
2019-11-07,215,Kolkata,11,2019,Poor
2019-11-08,154,Kolkata,11,2019,Moderate
2019-11-09,51,Kolkata,11,2019,Satisfactory
2019-11-10,41,Kolkata,11,2019,Good
2019-11-11,65,Kolkata,11,2019,Satisfactory
2019-11-12,170,Kolkata,11,2019,Moderate
2019-11-13,231,Kolkata,11,2019,Poor
2019-11-14,187,Kolkata,11,2019,Moderate
2019-11-15,184,Kolkata,11,2019,Moderate
2019-11-16,178,Kolkata,11,2019,Moderate
2019-11-17,204,Kolkata,11,2019,Poor
2019-11-18,219,Kolkata,11,2019,Poor
2019-11-19,229,Kolkata,11,2019,Poor
2019-11-20,205,Kolkata,11,2019,Poor
2019-11-21,202,Kolkata,11,2019,Poor
2019-11-22,195,Kolkata,11,2019,Moderate
2019-11-23,241,Kolkata,11,2019,Poor
2019-11-24,290,Kolkata,11,2019,Poor
2019-11-25,259,Kolkata,11,2019,Poor
2019-11-26,267,Kolkata,11,2019,Poor
2019-11-27,253,Kolkata,11,2019,Poor
2019-11-28,181,Kolkata,11,2019,Moderate
2019-11-29,193,Kolkata,11,2019,Moderate
2019-11-30,227,Kolkata,11,2019,Poor
2019-12-01,204,Kolkata,12,2019,Poor
2019-12-02,180,Kolkata,12,2019,Moderate
2019-12-03,207,Kolkata,12,2019,Poor
2019-12-04,234,Kolkata,12,2019,Poor
2019-12-05,194,Kolkata,12,2019,Moderate
2019-12-06,177,Kolkata,12,2019,Moderate
2019-12-07,137,Kolkata,12,2019,Moderate
2019-12-08,182,Kolkata,12,2019,Moderate
2019-12-09,114,Kolkata,12,2019,Moderate
2019-12-10,135,Kolkata,12,2019,Moderate
2019-12-11,156,Kolkata,12,2019,Moderate
2019-12-12,135,Kolkata,12,2019,Moderate
2019-12-13,214,Kolkata,12,2019,Poor
2019-12-14,262,Kolkata,12,2019,Poor
2019-12-15,239,Kolkata,12,2019,Poor
2019-12-16,152,Kolkata,12,2019,Moderate
2019-12-17,128,Kolkata,12,2019,Moderate
2019-12-18,145,Kolkata,12,2019,Moderate
2019-12-19,149,Kolkata,12,2019,Moderate
2019-12-20,172,Kolkata,12,2019,Moderate
2019-12-21,258,Kolkata,12,2019,Poor
2019-12-22,234,Kolkata,12,2019,Poor
2019-12-23,268,Kolkata,12,2019,Poor
2019-12-24,300,Kolkata,12,2019,Poor
2019-12-25,240,Kolkata,12,2019,Poor
2019-12-26,256,Kolkata,12,2019,Poor
2019-12-27,150,Kolkata,12,2019,Moderate
2019-12-28,274,Kolkata,12,2019,Poor
2019-12-29,222,Kolkata,12,2019,Poor
2019-12-30,243,Kolkata,12,2019,Poor
2019-12-31,262,Kolkata,12,2019,Poor
2020-01-01,260,Kolkata,1,2020,Poor
2020-01-02,249,Kolkata,1,2020,Poor
2020-01-03,166,Kolkata,1,2020,Moderate
2020-01-04,78,Kolkata,1,2020,Satisfactory
2020-01-05,178,Kolkata,1,2020,Moderate
2020-01-06,209,Kolkata,1,2020,Poor
2020-01-07,206,Kolkata,1,2020,Poor
2020-01-08,255,Kolkata,1,2020,Poor
2020-01-09,177,Kolkata,1,2020,Moderate
2020-01-10,172,Kolkata,1,2020,Moderate
2020-01-11,152,Kolkata,1,2020,Moderate
2020-01-12,188,Kolkata,1,2020,Moderate
2020-01-13,178,Kolkata,1,2020,Moderate
2020-01-14,270,Kolkata,1,2020,Poor
2020-01-15,326,Kolkata,1,2020,Very Poor
2020-01-16,321,Kolkata,1,2020,Very Poor
2020-01-17,252,Kolkata,1,2020,Poor
2020-01-18,191,Kolkata,1,2020,Moderate
2020-01-19,181,Kolkata,1,2020,Moderate
2020-01-20,132,Kolkata,1,2020,Moderate
2020-01-21,177,Kolkata,1,2020,Moderate
2020-01-22,232,Kolkata,1,2020,Poor
2020-01-23,252,Kolkata,1,2020,Poor
2020-01-24,226,Kolkata,1,2020,Poor
2020-01-25,148,Kolkata,1,2020,Moderate
2020-01-26,222,Kolkata,1,2020,Poor
2020-01-27,214,Kolkata,1,2020,Poor
2020-01-28,275,Kolkata,1,2020,Poor
2020-01-29,145,Kolkata,1,2020,Moderate
2020-01-30,106,Kolkata,1,2020,Moderate
2020-01-31,173,Kolkata,1,2020,Moderate
2020-02-01,148,Kolkata,2,2020,Moderate
2020-02-02,168,Kolkata,2,2020,Moderate
2020-02-03,156,Kolkata,2,2020,Moderate
2020-02-04,176,Kolkata,2,2020,Moderate
2020-02-05,242,Kolkata,2,2020,Poor
2020-02-06,150,Kolkata,2,2020,Moderate
2020-02-07,182,Kolkata,2,2020,Moderate
2020-02-08,180,Kolkata,2,2020,Moderate
2020-02-09,239,Kolkata,2,2020,Poor
2020-02-10,182,Kolkata,2,2020,Moderate
2020-02-11,227,Kolkata,2,2020,Poor
2020-02-12,228,Kolkata,2,2020,Poor
2020-02-13,233,Kolkata,2,2020,Poor
2020-02-14,243,Kolkata,2,2020,Poor
2020-02-15,168,Kolkata,2,2020,Moderate
2020-02-16,220,Kolkata,2,2020,Poor
2020-02-17,220,Kolkata,2,2020,Poor
2020-02-18,194,Kolkata,2,2020,Moderate
2020-02-19,187,Kolkata,2,2020,Moderate
2020-02-20,150,Kolkata,2,2020,Moderate
2020-02-21,184,Kolkata,2,2020,Moderate
2020-02-22,240,Kolkata,2,2020,Poor
2020-02-23,221,Kolkata,2,2020,Poor
2020-02-24,206,Kolkata,2,2020,Poor
2020-02-25,213,Kolkata,2,2020,Poor
2020-02-26,91,Kolkata,2,2020,Satisfactory
2020-02-27,71,Kolkata,2,2020,Satisfactory
2020-02-28,158,Kolkata,2,2020,Moderate
2020-03-01,202,Kolkata,3,2020,Poor
2020-03-02,217,Kolkata,3,2020,Poor
2020-03-03,190,Kolkata,3,2020,Moderate
2020-03-04,102,Kolkata,3,2020,Moderate
2020-03-05,74,Kolkata,3,2020,Satisfactory
2020-03-06,80,Kolkata,3,2020,Satisfactory
2020-03-07,59,Kolkata,3,2020,Satisfactory
2020-03-08,78,Kolkata,3,2020,Satisfactory
2020-03-09,138,Kolkata,3,2020,Moderate
2020-03-10,167,Kolkata,3,2020,Moderate
2020-03-11,124,Kolkata,3,2020,Moderate
2020-03-12,118,Kolkata,3,2020,Moderate
2020-03-13,108,Kolkata,3,2020,Moderate
2020-03-14,141,Kolkata,3,2020,Moderate
2020-03-15,85,Kolkata,3,2020,Satisfactory
2020-03-16,108,Kolkata,3,2020,Moderate
2020-03-17,147,Kolkata,3,2020,Moderate
2020-03-18,173,Kolkata,3,2020,Moderate
2020-03-19,216,Kolkata,3,2020,Poor
2020-03-20,123,Kolkata,3,2020,Moderate
2020-03-21,128,Kolkata,3,2020,Moderate
2020-03-22,76,Kolkata,3,2020,Satisfactory
2020-03-23,108,Kolkata,3,2020,Moderate
2020-03-24,81,Kolkata,3,2020,Satisfactory
2020-03-25,97,Kolkata,3,2020,Satisfactory
2020-03-26,86,Kolkata,3,2020,Satisfactory
2020-03-27,116,Kolkata,3,2020,Moderate
2020-03-28,102,Kolkata,3,2020,Moderate
2020-03-29,102,Kolkata,3,2020,Moderate
2020-03-30,112,Kolkata,3,2020,Moderate
2020-03-31,112,Kolkata,3,2020,Moderate
2020-04-01,137,Kolkata,4,2020,Moderate
2020-04-02,101,Kolkata,4,2020,Moderate
2020-04-03,109,Kolkata,4,2020,Moderate
2020-04-04,146,Kolkata,4,2020,Moderate
2020-04-05,95,Kolkata,4,2020,Satisfactory
2020-04-06,82,Kolkata,4,2020,Satisfactory
2020-04-07,91,Kolkata,4,2020,Satisfactory
2020-04-08,75,Kolkata,4,2020,Satisfactory
2020-04-09,91,Kolkata,4,2020,Satisfactory
2020-04-10,68,Kolkata,4,2020,Satisfactory
2020-04-11,61,Kolkata,4,2020,Satisfactory
2020-04-12,57,Kolkata,4,2020,Satisfactory
2020-04-13,56,Kolkata,4,2020,Satisfactory
2020-04-14,53,Kolkata,4,2020,Satisfactory
2020-04-15,53,Kolkata,4,2020,Satisfactory
2020-04-16,67,Kolkata,4,2020,Satisfactory
2020-04-17,53,Kolkata,4,2020,Satisfactory
2020-04-18,40,Kolkata,4,2020,Good
2020-04-19,62,Kolkata,4,2020,Satisfactory
2020-04-20,40,Kolkata,4,2020,Good
2020-04-21,49,Kolkata,4,2020,Good
2020-04-22,50,Kolkata,4,2020,Good
2020-04-23,32,Kolkata,4,2020,Good
2020-04-24,34,Kolkata,4,2020,Good
2020-04-25,51,Kolkata,4,2020,Satisfactory
2020-04-26,56,Kolkata,4,2020,Satisfactory
2020-04-27,36,Kolkata,4,2020,Good
2020-04-28,39,Kolkata,4,2020,Good
2020-04-29,49,Kolkata,4,2020,Good
2020-04-30,48,Kolkata,4,2020,Good
2020-05-01,49,Kolkata,5,2020,Good
2020-05-02,44,Kolkata,5,2020,Good
2020-05-03,56,Kolkata,5,2020,Satisfactory
2020-05-04,48,Kolkata,5,2020,Good
2020-05-05,47,Kolkata,5,2020,Good
2020-05-06,52,Kolkata,5,2020,Satisfactory
2020-05-07,51,Kolkata,5,2020,Satisfactory
2020-05-08,53,Kolkata,5,2020,Satisfactory
2020-05-09,65,Kolkata,5,2020,Satisfactory
2020-05-10,56,Kolkata,5,2020,Satisfactory
2020-05-11,68,Kolkata,5,2020,Satisfactory
2020-05-12,100,Kolkata,5,2020,Satisfactory
2020-05-13,57,Kolkata,5,2020,Satisfactory
2020-05-14,47,Kolkata,5,2020,Good
2020-05-15,37,Kolkata,5,2020,Good
2020-05-16,42,Kolkata,5,2020,Good
2020-05-17,44,Kolkata,5,2020,Good
2020-05-18,36,Kolkata,5,2020,Good
2020-05-19,27,Kolkata,5,2020,Good
2020-05-20,29,Kolkata,5,2020,Good
2020-05-21,33,Kolkata,5,2020,Good
2020-05-22,44,Kolkata,5,2020,Good
2020-05-23,58,Kolkata,5,2020,Satisfactory
2020-05-24,50,Kolkata,5,2020,Good
2020-05-25,47,Kolkata,5,2020,Good
2020-05-26,46,Kolkata,5,2020,Good
2020-05-27,40,Kolkata,5,2020,Good
2020-05-28,42,Kolkata,5,2020,Good
2020-05-29,51,Kolkata,5,2020,Satisfactory
2020-05-30,47,Kolkata,5,2020,Good
2020-05-31,50,Kolkata,5,2020,Good
2020-06-01,38,Kolkata,6,2020,Good
2020-06-02,43,Kolkata,6,2020,Good
2020-06-03,49,Kolkata,6,2020,Good
2020-06-04,42,Kolkata,6,2020,Good
2020-06-05,33,Kolkata,6,2020,Good
2020-06-06,49,Kolkata,6,2020,Good
2020-06-07,57,Kolkata,6,2020,Satisfactory
2020-06-08,47,Kolkata,6,2020,Good
2020-06-09,46,Kolkata,6,2020,Good
2020-06-10,37,Kolkata,6,2020,Good
2020-06-11,26,Kolkata,6,2020,Good
2020-06-12,31,Kolkata,6,2020,Good
2020-06-13,33,Kolkata,6,2020,Good
2020-06-14,30,Kolkata,6,2020,Good
2020-06-15,31,Kolkata,6,2020,Good
2020-06-16,37,Kolkata,6,2020,Good
2020-06-17,39,Kolkata,6,2020,Good
2020-06-18,40,Kolkata,6,2020,Good
2020-06-19,44,Kolkata,6,2020,Good
2020-06-20,42,Kolkata,6,2020,Good
2020-06-21,34,Kolkata,6,2020,Good
2020-06-22,39,Kolkata,6,2020,Good
2020-06-23,43,Kolkata,6,2020,Good
2020-06-24,51,Kolkata,6,2020,Satisfactory
2020-06-25,45,Kolkata,6,2020,Good
2020-06-26,36,Kolkata,6,2020,Good
2020-06-27,30,Kolkata,6,2020,Good
2020-06-28,30,Kolkata,6,2020,Good
2020-06-29,37,Kolkata,6,2020,Good
2020-06-30,41,Kolkata,6,2020,Good
2020-07-01,44,Kolkata,7,2020,Good
2020-07-02,41,Kolkata,7,2020,Good
2020-07-03,40,Kolkata,7,2020,Good
2020-07-04,27,Kolkata,7,2020,Good
2020-07-05,30,Kolkata,7,2020,Good
2020-07-06,34,Kolkata,7,2020,Good
2020-07-07,36,Kolkata,7,2020,Good
2020-07-08,54,Kolkata,7,2020,Satisfactory
2020-07-09,51,Kolkata,7,2020,Satisfactory
2020-07-10,40,Kolkata,7,2020,Good
2020-07-11,41,Kolkata,7,2020,Good
2020-07-12,49,Kolkata,7,2020,Good
2020-07-13,40,Kolkata,7,2020,Good
2020-07-14,50,Kolkata,7,2020,Good
2020-07-15,28,Kolkata,7,2020,Good
2020-07-16,29,Kolkata,7,2020,Good
2020-07-17,27,Kolkata,7,2020,Good
2020-07-18,40,Kolkata,7,2020,Good
2020-07-19,36,Kolkata,7,2020,Good
2020-07-20,34,Kolkata,7,2020,Good
2020-07-21,44,Kolkata,7,2020,Good
2020-07-22,40,Kolkata,7,2020,Good
2020-07-23,44,Kolkata,7,2020,Good
2020-07-24,39,Kolkata,7,2020,Good
2020-07-25,47,Kolkata,7,2020,Good
2020-07-26,51,Kolkata,7,2020,Satisfactory
2020-07-27,56,Kolkata,7,2020,Satisfactory
2020-07-28,68,Kolkata,7,2020,Satisfactory
2020-07-29,45,Kolkata,7,2020,Good
2020-07-30,35,Kolkata,7,2020,Good
2020-07-31,33,Kolkata,7,2020,Good
2020-08-01,33,Kolkata,8,2020,Good
2020-08-02,43,Kolkata,8,2020,Good
2020-08-03,79,Kolkata,8,2020,Satisfactory
2020-08-04,66,Kolkata,8,2020,Satisfactory
2020-08-05,39,Kolkata,8,2020,Good
2020-08-06,36,Kolkata,8,2020,Good
2020-08-07,51,Kolkata,8,2020,Satisfactory
2020-08-08,54,Kolkata,8,2020,Satisfactory
2020-08-09,42,Kolkata,8,2020,Good
2020-08-10,33,Kolkata,8,2020,Good
2020-08-11,48,Kolkata,8,2020,Good
2020-08-12,49,Kolkata,8,2020,Good
2020-08-13,33,Kolkata,8,2020,Good
2020-08-14,32,Kolkata,8,2020,Good
2020-08-15,42,Kolkata,8,2020,Good
2020-08-16,46,Kolkata,8,2020,Good
2020-08-17,35,Kolkata,8,2020,Good
2020-08-18,46,Kolkata,8,2020,Good
2020-08-19,33,Kolkata,8,2020,Good
2020-08-20,34,Kolkata,8,2020,Good
2020-08-21,34,Kolkata,8,2020,Good
2020-08-22,49,Kolkata,8,2020,Good
2020-08-23,50,Kolkata,8,2020,Good
2020-08-24,52,Kolkata,8,2020,Satisfactory
2020-08-25,60,Kolkata,8,2020,Satisfactory
2020-08-26,38,Kolkata,8,2020,Good
2020-08-27,31,Kolkata,8,2020,Good
2020-08-28,42,Kolkata,8,2020,Good
2020-08-29,56,Kolkata,8,2020,Satisfactory
2020-08-30,54,Kolkata,8,2020,Satisfactory
2020-08-31,60,Kolkata,8,2020,Satisfactory
2020-09-01,56,Kolkata,9,2020,Satisfactory
2020-09-02,45,Kolkata,9,2020,Good
2020-09-03,37,Kolkata,9,2020,Good
2020-09-04,45,Kolkata,9,2020,Good
2020-09-05,47,Kolkata,9,2020,Good
2020-09-06,44,Kolkata,9,2020,Good
2020-09-07,39,Kolkata,9,2020,Good
2020-09-08,34,Kolkata,9,2020,Good
2020-09-09,57,Kolkata,9,2020,Satisfactory
2020-09-10,47,Kolkata,9,2020,Good
2020-09-11,36,Kolkata,9,2020,Good
2020-09-12,26,Kolkata,9,2020,Good
2020-09-13,36,Kolkata,9,2020,Good
2020-09-14,31,Kolkata,9,2020,Good
2020-09-15,35,Kolkata,9,2020,Good
2020-09-16,39,Kolkata,9,2020,Good
2020-09-17,48,Kolkata,9,2020,Good
2020-09-18,43,Kolkata,9,2020,Good
2020-09-19,53,Kolkata,9,2020,Satisfactory
2020-09-20,56,Kolkata,9,2020,Satisfactory
2020-09-21,33,Kolkata,9,2020,Good
2020-09-22,39,Kolkata,9,2020,Good
2020-09-23,34,Kolkata,9,2020,Good
2020-09-24,41,Kolkata,9,2020,Good
2020-09-25,48,Kolkata,9,2020,Good
2020-09-26,49,Kolkata,9,2020,Good
2020-09-27,72,Kolkata,9,2020,Satisfactory
2020-09-28,92,Kolkata,9,2020,Satisfactory
2020-09-29,69,Kolkata,9,2020,Satisfactory
2020-09-30,47,Kolkata,9,2020,Good
2020-10-01,43,Kolkata,10,2020,Good
2020-10-02,41,Kolkata,10,2020,Good
2020-10-03,38,Kolkata,10,2020,Good
2020-10-04,46,Kolkata,10,2020,Good
2020-10-05,42,Kolkata,10,2020,Good
2020-10-06,40,Kolkata,10,2020,Good
2020-10-07,40,Kolkata,10,2020,Good
2020-10-08,48,Kolkata,10,2020,Good
2020-10-09,72,Kolkata,10,2020,Satisfactory
2020-10-10,100,Kolkata,10,2020,Satisfactory
2020-10-11,73,Kolkata,10,2020,Satisfactory
2020-10-12,74,Kolkata,10,2020,Satisfactory
2020-10-13,84,Kolkata,10,2020,Satisfactory
2020-10-14,43,Kolkata,10,2020,Good
2020-10-15,38,Kolkata,10,2020,Good
2020-10-16,62,Kolkata,10,2020,Satisfactory
2020-10-17,112,Kolkata,10,2020,Moderate
2020-10-18,120,Kolkata,10,2020,Moderate
2020-10-19,61,Kolkata,10,2020,Satisfactory
2020-10-20,125,Kolkata,10,2020,Moderate
2020-10-21,48,Kolkata,10,2020,Good
2020-10-22,31,Kolkata,10,2020,Good
2020-10-23,32,Kolkata,10,2020,Good
2020-10-24,42,Kolkata,10,2020,Good
2020-10-25,66,Kolkata,10,2020,Satisfactory
2020-10-26,152,Kolkata,10,2020,Moderate
2020-10-27,144,Kolkata,10,2020,Moderate
2020-10-28,178,Kolkata,10,2020,Moderate
2020-10-29,145,Kolkata,10,2020,Moderate
2020-10-30,102,Kolkata,10,2020,Moderate
2020-10-31,114,Kolkata,10,2020,Moderate
2020-11-01,53,Kolkata,11,2020,Satisfactory
2020-11-02,40,Kolkata,11,2020,Good
2020-11-03,134,Kolkata,11,2020,Moderate
2020-11-04,248,Kolkata,11,2020,Poor
2020-11-05,243,Kolkata,11,2020,Poor
2020-11-06,238,Kolkata,11,2020,Poor
2020-11-07,221,Kolkata,11,2020,Poor
2020-11-08,248,Kolkata,11,2020,Poor
2020-11-09,158,Kolkata,11,2020,Moderate
2020-11-10,120,Kolkata,11,2020,Moderate
2020-11-11,100,Kolkata,11,2020,Satisfactory
2020-11-12,104,Kolkata,11,2020,Moderate
2020-11-13,115,Kolkata,11,2020,Moderate
2020-11-14,148,Kolkata,11,2020,Moderate
2020-11-15,187,Kolkata,11,2020,Moderate
2020-11-16,181,Kolkata,11,2020,Moderate
2020-11-17,222,Kolkata,11,2020,Poor
2020-11-18,266,Kolkata,11,2020,Poor
2020-11-19,149,Kolkata,11,2020,Moderate
2020-11-20,130,Kolkata,11,2020,Moderate
2020-11-21,190,Kolkata,11,2020,Moderate
2020-11-22,233,Kolkata,11,2020,Poor
2020-11-23,173,Kolkata,11,2020,Moderate
2020-11-24,219,Kolkata,11,2020,Poor
2020-11-25,205,Kolkata,11,2020,Poor
2020-11-26,214,Kolkata,11,2020,Poor
2020-11-27,186,Kolkata,11,2020,Moderate
2020-11-28,129,Kolkata,11,2020,Moderate
2020-11-29,228,Kolkata,11,2020,Poor
2020-11-30,210,Kolkata,11,2020,Poor
2020-12-01,265,Kolkata,12,2020,Poor
2020-12-02,289,Kolkata,12,2020,Poor
2020-12-03,304,Kolkata,12,2020,Very Poor
2020-12-04,322,Kolkata,12,2020,Very Poor
2020-12-05,280,Kolkata,12,2020,Poor
2020-12-06,260,Kolkata,12,2020,Poor
2020-12-07,203,Kolkata,12,2020,Poor
2020-12-08,292,Kolkata,12,2020,Poor
2020-12-09,326,Kolkata,12,2020,Very Poor
2020-12-10,310,Kolkata,12,2020,Very Poor
2020-12-11,251,Kolkata,12,2020,Poor
2020-12-12,310,Kolkata,12,2020,Very Poor
2020-12-13,282,Kolkata,12,2020,Poor
2020-12-14,306,Kolkata,12,2020,Very Poor
2020-12-15,244,Kolkata,12,2020,Poor
2020-12-16,229,Kolkata,12,2020,Poor
2020-12-17,258,Kolkata,12,2020,Poor
2020-12-18,222,Kolkata,12,2020,Poor
2020-12-19,203,Kolkata,12,2020,Poor
2020-12-20,282,Kolkata,12,2020,Poor
2020-12-21,321,Kolkata,12,2020,Very Poor
2020-12-22,355,Kolkata,12,2020,Very Poor
2020-12-23,336,Kolkata,12,2020,Very Poor
2020-12-24,271,Kolkata,12,2020,Poor
2020-12-25,275,Kolkata,12,2020,Poor
2020-12-26,285,Kolkata,12,2020,Poor
2020-12-27,285,Kolkata,12,2020,Poor
2020-12-28,301,Kolkata,12,2020,Very Poor
2020-12-29,347,Kolkata,12,2020,Very Poor
2020-12-30,321,Kolkata,12,2020,Very Poor
2020-12-31,274,Kolkata,12,2020,Poor
2021-01-01,267,Kolkata,1,2021,Poor
2021-01-02,297,Kolkata,1,2021,Poor
2021-01-03,332,Kolkata,1,2021,Very Poor
2021-01-04,302,Kolkata,1,2021,Very Poor
2021-01-05,241,Kolkata,1,2021,Poor
2021-01-06,284,Kolkata,1,2021,Poor
2021-01-07,304,Kolkata,1,2021,Very Poor
2021-01-08,261,Kolkata,1,2021,Poor
2021-01-09,173,Kolkata,1,2021,Moderate
2021-01-10,212,Kolkata,1,2021,Poor
2021-01-11,207,Kolkata,1,2021,Poor
2021-01-12,174,Kolkata,1,2021,Moderate
2021-01-13,215,Kolkata,1,2021,Poor
2021-01-14,246,Kolkata,1,2021,Poor
2021-01-15,263,Kolkata,1,2021,Poor
2021-01-16,300,Kolkata,1,2021,Poor
2021-01-17,327,Kolkata,1,2021,Very Poor
2021-01-18,298,Kolkata,1,2021,Poor
2021-01-19,341,Kolkata,1,2021,Very Poor
2021-01-20,211,Kolkata,1,2021,Poor
2021-01-21,295,Kolkata,1,2021,Poor
2021-01-22,249,Kolkata,1,2021,Poor
2021-01-23,274,Kolkata,1,2021,Poor
2021-01-24,268,Kolkata,1,2021,Poor
2021-01-25,290,Kolkata,1,2021,Poor
2021-01-26,286,Kolkata,1,2021,Poor
2021-01-27,284,Kolkata,1,2021,Poor
2021-01-28,242,Kolkata,1,2021,Poor
2021-01-29,268,Kolkata,1,2021,Poor
2021-01-30,285,Kolkata,1,2021,Poor
2021-01-31,302,Kolkata,1,2021,Very Poor
2021-02-01,281,Kolkata,2,2021,Poor
2021-02-02,285,Kolkata,2,2021,Poor
2021-02-03,286,Kolkata,2,2021,Poor
2021-02-04,301,Kolkata,2,2021,Very Poor
2021-02-05,271,Kolkata,2,2021,Poor
2021-02-06,277,Kolkata,2,2021,Poor
2021-02-07,125,Kolkata,2,2021,Moderate
2021-02-08,170,Kolkata,2,2021,Moderate
2021-02-09,228,Kolkata,2,2021,Poor
2021-02-10,258,Kolkata,2,2021,Poor
2021-02-11,239,Kolkata,2,2021,Poor
2021-02-12,203,Kolkata,2,2021,Poor
2021-02-13,220,Kolkata,2,2021,Poor
2021-02-14,203,Kolkata,2,2021,Poor
2021-02-15,138,Kolkata,2,2021,Moderate
2021-02-16,209,Kolkata,2,2021,Poor
2021-02-17,230,Kolkata,2,2021,Poor
2021-02-18,256,Kolkata,2,2021,Poor
2021-02-19,241,Kolkata,2,2021,Poor
2021-02-20,247,Kolkata,2,2021,Poor
2021-02-21,259,Kolkata,2,2021,Poor
2021-02-22,261,Kolkata,2,2021,Poor
2021-02-23,252,Kolkata,2,2021,Poor
2021-02-24,194,Kolkata,2,2021,Moderate
2021-02-25,251,Kolkata,2,2021,Poor
2021-02-26,174,Kolkata,2,2021,Moderate
2021-02-27,160,Kolkata,2,2021,Moderate
2021-02-28,134,Kolkata,2,2021,Moderate
2021-03-01,120,Kolkata,3,2021,Moderate
2021-03-02,148,Kolkata,3,2021,Moderate
2021-03-03,157,Kolkata,3,2021,Moderate
2021-03-04,231,Kolkata,3,2021,Poor
2021-03-05,148,Kolkata,3,2021,Moderate
2021-03-06,150,Kolkata,3,2021,Moderate
2021-03-07,188,Kolkata,3,2021,Moderate
2021-03-08,133,Kolkata,3,2021,Moderate
2021-03-09,84,Kolkata,3,2021,Satisfactory
2021-03-10,65,Kolkata,3,2021,Satisfactory
2021-03-11,68,Kolkata,3,2021,Satisfactory
2021-03-12,79,Kolkata,3,2021,Satisfactory
2021-03-13,149,Kolkata,3,2021,Moderate
2021-03-14,142,Kolkata,3,2021,Moderate
2021-03-15,158,Kolkata,3,2021,Moderate
2021-03-16,126,Kolkata,3,2021,Moderate
2021-03-17,194,Kolkata,3,2021,Moderate
2021-03-18,151,Kolkata,3,2021,Moderate
2021-03-19,223,Kolkata,3,2021,Poor
2021-03-20,244,Kolkata,3,2021,Poor
2021-03-21,201,Kolkata,3,2021,Poor
2021-03-22,227,Kolkata,3,2021,Poor
2021-03-23,222,Kolkata,3,2021,Poor
2021-03-24,181,Kolkata,3,2021,Moderate
2021-03-25,212,Kolkata,3,2021,Poor
2021-03-26,197,Kolkata,3,2021,Moderate
2021-03-27,166,Kolkata,3,2021,Moderate
2021-03-28,175,Kolkata,3,2021,Moderate
2021-03-29,105,Kolkata,3,2021,Moderate
2021-03-30,106,Kolkata,3,2021,Moderate
2021-03-31,196,Kolkata,3,2021,Moderate
2021-04-01,171,Kolkata,4,2021,Moderate
2021-04-02,133,Kolkata,4,2021,Moderate
2021-04-03,113,Kolkata,4,2021,Moderate
2021-04-04,114,Kolkata,4,2021,Moderate
2021-04-05,115,Kolkata,4,2021,Moderate
2021-04-06,104,Kolkata,4,2021,Moderate
2021-04-07,90,Kolkata,4,2021,Satisfactory
2021-04-08,90,Kolkata,4,2021,Satisfactory
2021-04-09,84,Kolkata,4,2021,Satisfactory
2021-04-10,99,Kolkata,4,2021,Satisfactory
2021-04-11,86,Kolkata,4,2021,Satisfactory
2021-04-12,101,Kolkata,4,2021,Moderate
2021-04-13,78,Kolkata,4,2021,Satisfactory
2021-04-14,76,Kolkata,4,2021,Satisfactory
2021-04-15,74,Kolkata,4,2021,Satisfactory
2021-04-16,96,Kolkata,4,2021,Satisfactory
2021-04-17,72,Kolkata,4,2021,Satisfactory
2021-04-18,64,Kolkata,4,2021,Satisfactory
2021-04-19,109,Kolkata,4,2021,Moderate
2021-04-20,73,Kolkata,4,2021,Satisfactory
2021-04-21,70,Kolkata,4,2021,Satisfactory
2021-04-22,76,Kolkata,4,2021,Satisfactory
2021-04-23,136,Kolkata,4,2021,Moderate
2021-04-24,150,Kolkata,4,2021,Moderate
2021-04-25,115,Kolkata,4,2021,Moderate
2021-04-26,102,Kolkata,4,2021,Moderate
2021-04-27,123,Kolkata,4,2021,Moderate
2021-04-28,86,Kolkata,4,2021,Satisfactory
2021-04-29,76,Kolkata,4,2021,Satisfactory
2021-04-30,94,Kolkata,4,2021,Satisfactory
2021-05-01,101,Kolkata,5,2021,Moderate
2021-05-02,77,Kolkata,5,2021,Satisfactory
2021-05-03,110,Kolkata,5,2021,Moderate
2021-05-04,65,Kolkata,5,2021,Satisfactory
2021-05-05,71,Kolkata,5,2021,Satisfactory
2021-05-06,66,Kolkata,5,2021,Satisfactory
2021-05-07,60,Kolkata,5,2021,Satisfactory
2021-05-08,70,Kolkata,5,2021,Satisfactory
2021-05-09,49,Kolkata,5,2021,Good
2021-05-10,53,Kolkata,5,2021,Satisfactory
2021-05-11,42,Kolkata,5,2021,Good
2021-05-12,48,Kolkata,5,2021,Good
2021-05-13,58,Kolkata,5,2021,Satisfactory
2021-05-14,80,Kolkata,5,2021,Satisfactory
2021-05-15,56,Kolkata,5,2021,Satisfactory
2021-05-16,39,Kolkata,5,2021,Good
2021-05-17,37,Kolkata,5,2021,Good
2021-05-18,43,Kolkata,5,2021,Good
2021-05-19,40,Kolkata,5,2021,Good
2021-05-20,38,Kolkata,5,2021,Good
2021-05-21,41,Kolkata,5,2021,Good
2021-05-22,47,Kolkata,5,2021,Good
2021-05-23,57,Kolkata,5,2021,Satisfactory
2021-05-24,69,Kolkata,5,2021,Satisfactory
2021-05-25,41,Kolkata,5,2021,Good
2021-05-26,45,Kolkata,5,2021,Good
2021-05-27,49,Kolkata,5,2021,Good
2021-05-28,48,Kolkata,5,2021,Good
2021-05-29,66,Kolkata,5,2021,Satisfactory
2021-05-30,64,Kolkata,5,2021,Satisfactory
2021-05-31,101,Kolkata,5,2021,Moderate
2021-06-01,52,Kolkata,6,2021,Satisfactory
2021-06-02,50,Kolkata,6,2021,Good
2021-06-03,49,Kolkata,6,2021,Good
2021-06-04,51,Kolkata,6,2021,Satisfactory
2021-06-05,68,Kolkata,6,2021,Satisfactory
2021-06-06,64,Kolkata,6,2021,Satisfactory
2021-06-07,50,Kolkata,6,2021,Good
2021-06-08,45,Kolkata,6,2021,Good
2021-06-09,54,Kolkata,6,2021,Satisfactory
2021-06-10,61,Kolkata,6,2021,Satisfactory
2021-06-11,46,Kolkata,6,2021,Good
2021-06-12,46,Kolkata,6,2021,Good
2021-06-13,36,Kolkata,6,2021,Good
2021-06-14,39,Kolkata,6,2021,Good
2021-06-15,36,Kolkata,6,2021,Good
2021-06-16,45,Kolkata,6,2021,Good
2021-06-17,56,Kolkata,6,2021,Satisfactory
2021-06-18,39,Kolkata,6,2021,Good
2021-06-19,43,Kolkata,6,2021,Good
2021-06-20,57,Kolkata,6,2021,Satisfactory
2021-06-21,51,Kolkata,6,2021,Satisfactory
2021-06-22,60,Kolkata,6,2021,Satisfactory
2021-06-23,51,Kolkata,6,2021,Satisfactory
2021-06-24,53,Kolkata,6,2021,Satisfactory
2021-06-25,65,Kolkata,6,2021,Satisfactory
2021-06-26,55,Kolkata,6,2021,Satisfactory
2021-06-27,51,Kolkata,6,2021,Satisfactory
2021-06-28,48,Kolkata,6,2021,Good
2021-06-29,45,Kolkata,6,2021,Good
2021-06-30,60,Kolkata,6,2021,Satisfactory
2021-07-01,54,Kolkata,7,2021,Satisfactory
2021-07-02,49,Kolkata,7,2021,Good
2021-07-03,50,Kolkata,7,2021,Good
2021-07-04,56,Kolkata,7,2021,Satisfactory
2021-07-05,52,Kolkata,7,2021,Satisfactory
2021-07-06,97,Kolkata,7,2021,Satisfactory
2021-07-07,78,Kolkata,7,2021,Satisfactory
2021-07-08,44,Kolkata,7,2021,Good
2021-07-09,67,Kolkata,7,2021,Satisfactory
2021-07-10,67,Kolkata,7,2021,Satisfactory
2021-07-11,44,Kolkata,7,2021,Good
2021-07-12,33,Kolkata,7,2021,Good
2021-07-13,33,Kolkata,7,2021,Good
2021-07-14,36,Kolkata,7,2021,Good
2021-07-15,38,Kolkata,7,2021,Good
2021-07-16,45,Kolkata,7,2021,Good
2021-07-17,47,Kolkata,7,2021,Good
2021-07-18,42,Kolkata,7,2021,Good
2021-07-19,44,Kolkata,7,2021,Good
2021-07-20,51,Kolkata,7,2021,Satisfactory
2021-07-21,114,Kolkata,7,2021,Moderate
2021-07-22,38,Kolkata,7,2021,Good
2021-07-23,32,Kolkata,7,2021,Good
2021-07-24,34,Kolkata,7,2021,Good
2021-07-25,56,Kolkata,7,2021,Satisfactory
2021-07-26,65,Kolkata,7,2021,Satisfactory
2021-07-27,62,Kolkata,7,2021,Satisfactory
2021-07-28,51,Kolkata,7,2021,Satisfactory
2021-07-29,40,Kolkata,7,2021,Good
2021-07-30,33,Kolkata,7,2021,Good
2021-07-31,46,Kolkata,7,2021,Good
2021-08-01,56,Kolkata,8,2021,Satisfactory
2021-08-02,62,Kolkata,8,2021,Satisfactory
2021-08-03,69,Kolkata,8,2021,Satisfactory
2021-08-04,95,Kolkata,8,2021,Satisfactory
2021-08-05,60,Kolkata,8,2021,Satisfactory
2021-08-06,80,Kolkata,8,2021,Satisfactory
2021-08-07,63,Kolkata,8,2021,Satisfactory
2021-08-08,49,Kolkata,8,2021,Good
2021-08-09,53,Kolkata,8,2021,Satisfactory
2021-08-10,67,Kolkata,8,2021,Satisfactory
2021-08-11,64,Kolkata,8,2021,Satisfactory
2021-08-12,68,Kolkata,8,2021,Satisfactory
2021-08-13,70,Kolkata,8,2021,Satisfactory
2021-08-14,70,Kolkata,8,2021,Satisfactory
2021-08-15,57,Kolkata,8,2021,Satisfactory
2021-08-16,38,Kolkata,8,2021,Good
2021-08-17,35,Kolkata,8,2021,Good
2021-08-18,38,Kolkata,8,2021,Good
2021-08-19,39,Kolkata,8,2021,Good
2021-08-20,36,Kolkata,8,2021,Good
2021-08-21,40,Kolkata,8,2021,Good
2021-08-22,47,Kolkata,8,2021,Good
2021-08-23,52,Kolkata,8,2021,Satisfactory
2021-08-24,68,Kolkata,8,2021,Satisfactory
2021-08-25,75,Kolkata,8,2021,Satisfactory
2021-08-26,70,Kolkata,8,2021,Satisfactory
2021-08-27,62,Kolkata,8,2021,Satisfactory
2021-08-28,45,Kolkata,8,2021,Good
2021-08-29,34,Kolkata,8,2021,Good
2021-08-30,33,Kolkata,8,2021,Good
2021-08-31,35,Kolkata,8,2021,Good
2021-09-01,42,Kolkata,9,2021,Good
2021-09-02,45,Kolkata,9,2021,Good
2021-09-03,50,Kolkata,9,2021,Good
2021-09-04,54,Kolkata,9,2021,Satisfactory
2021-09-05,55,Kolkata,9,2021,Satisfactory
2021-09-06,32,Kolkata,9,2021,Good
2021-09-07,38,Kolkata,9,2021,Good
2021-09-08,36,Kolkata,9,2021,Good
2021-09-09,40,Kolkata,9,2021,Good
2021-09-10,71,Kolkata,9,2021,Satisfactory
2021-09-11,43,Kolkata,9,2021,Good
2021-09-12,41,Kolkata,9,2021,Good
2021-09-13,33,Kolkata,9,2021,Good
2021-09-14,33,Kolkata,9,2021,Good
2021-09-15,36,Kolkata,9,2021,Good
2021-09-16,37,Kolkata,9,2021,Good
2021-09-17,49,Kolkata,9,2021,Good
2021-09-18,52,Kolkata,9,2021,Satisfactory
2021-09-19,73,Kolkata,9,2021,Satisfactory
2021-09-20,59,Kolkata,9,2021,Satisfactory
2021-09-21,36,Kolkata,9,2021,Good
2021-09-22,38,Kolkata,9,2021,Good
2021-09-23,44,Kolkata,9,2021,Good
2021-09-24,61,Kolkata,9,2021,Satisfactory
2021-09-25,121,Kolkata,9,2021,Moderate
2021-09-26,60,Kolkata,9,2021,Satisfactory
2021-09-27,47,Kolkata,9,2021,Good
2021-09-28,48,Kolkata,9,2021,Good
2021-09-29,42,Kolkata,9,2021,Good
2021-09-30,40,Kolkata,9,2021,Good
2021-10-01,45,Kolkata,10,2021,Good
2021-10-02,48,Kolkata,10,2021,Good
2021-10-03,48,Kolkata,10,2021,Good
2021-10-04,64,Kolkata,10,2021,Satisfactory
2021-10-05,53,Kolkata,10,2021,Satisfactory
2021-10-06,68,Kolkata,10,2021,Satisfactory
2021-10-07,66,Kolkata,10,2021,Satisfactory
2021-10-08,98,Kolkata,10,2021,Satisfactory
2021-10-09,141,Kolkata,10,2021,Moderate
2021-10-10,133,Kolkata,10,2021,Moderate
2021-10-11,138,Kolkata,10,2021,Moderate
2021-10-12,172,Kolkata,10,2021,Moderate
2021-10-13,177,Kolkata,10,2021,Moderate
2021-10-14,90,Kolkata,10,2021,Satisfactory
2021-10-15,68,Kolkata,10,2021,Satisfactory
2021-10-16,46,Kolkata,10,2021,Good
2021-10-17,33,Kolkata,10,2021,Good
2021-10-18,29,Kolkata,10,2021,Good
2021-10-19,32,Kolkata,10,2021,Good
2021-10-20,36,Kolkata,10,2021,Good
2021-10-21,94,Kolkata,10,2021,Satisfactory
2021-10-22,122,Kolkata,10,2021,Moderate
2021-10-23,189,Kolkata,10,2021,Moderate
2021-10-24,192,Kolkata,10,2021,Moderate
2021-10-25,168,Kolkata,10,2021,Moderate
2021-10-26,183,Kolkata,10,2021,Moderate
2021-10-27,151,Kolkata,10,2021,Moderate
2021-10-28,104,Kolkata,10,2021,Moderate
2021-10-29,141,Kolkata,10,2021,Moderate
2021-10-30,115,Kolkata,10,2021,Moderate
2021-10-31,140,Kolkata,10,2021,Moderate
2021-11-01,168,Kolkata,11,2021,Moderate
2021-11-02,192,Kolkata,11,2021,Moderate
2021-11-03,154,Kolkata,11,2021,Moderate
2021-11-04,194,Kolkata,11,2021,Moderate
2021-11-05,207,Kolkata,11,2021,Poor
2021-11-06,156,Kolkata,11,2021,Moderate
2021-11-07,168,Kolkata,11,2021,Moderate
2021-11-08,146,Kolkata,11,2021,Moderate
2021-11-09,144,Kolkata,11,2021,Moderate
2021-11-10,164,Kolkata,11,2021,Moderate
2021-11-11,144,Kolkata,11,2021,Moderate
2021-11-12,133,Kolkata,11,2021,Moderate
2021-11-13,102,Kolkata,11,2021,Moderate
2021-11-14,80,Kolkata,11,2021,Satisfactory
2021-11-15,65,Kolkata,11,2021,Satisfactory
2021-11-16,99,Kolkata,11,2021,Satisfactory
2021-11-17,153,Kolkata,11,2021,Moderate
2021-11-18,162,Kolkata,11,2021,Moderate
2021-11-19,157,Kolkata,11,2021,Moderate
2021-11-20,188,Kolkata,11,2021,Moderate
2021-11-21,214,Kolkata,11,2021,Poor
2021-11-22,258,Kolkata,11,2021,Poor
2021-11-23,229,Kolkata,11,2021,Poor
2021-11-24,179,Kolkata,11,2021,Moderate
2021-11-25,151,Kolkata,11,2021,Moderate
2021-11-26,194,Kolkata,11,2021,Moderate
2021-11-27,212,Kolkata,11,2021,Poor
2021-11-28,216,Kolkata,11,2021,Poor
2021-11-29,178,Kolkata,11,2021,Moderate
2021-11-30,168,Kolkata,11,2021,Moderate
2021-12-01,180,Kolkata,12,2021,Moderate
2021-12-02,210,Kolkata,12,2021,Poor
2021-12-03,202,Kolkata,12,2021,Poor
2021-12-04,177,Kolkata,12,2021,Moderate
2021-12-05,108,Kolkata,12,2021,Moderate
2021-12-06,32,Kolkata,12,2021,Good
2021-12-07,41,Kolkata,12,2021,Good
2021-12-08,93,Kolkata,12,2021,Satisfactory
2021-12-09,110,Kolkata,12,2021,Moderate
2021-12-10,98,Kolkata,12,2021,Satisfactory
2021-12-11,232,Kolkata,12,2021,Poor
2021-12-12,196,Kolkata,12,2021,Moderate
2021-12-13,237,Kolkata,12,2021,Poor
2021-12-14,255,Kolkata,12,2021,Poor
2021-12-15,268,Kolkata,12,2021,Poor
2021-12-16,284,Kolkata,12,2021,Poor
2021-12-17,219,Kolkata,12,2021,Poor
2021-12-18,258,Kolkata,12,2021,Poor
2021-12-19,223,Kolkata,12,2021,Poor
2021-12-20,155,Kolkata,12,2021,Moderate
2021-12-21,258,Kolkata,12,2021,Poor
2021-12-22,246,Kolkata,12,2021,Poor
2021-12-23,272,Kolkata,12,2021,Poor
2021-12-24,302,Kolkata,12,2021,Very Poor
2021-12-25,250,Kolkata,12,2021,Poor
2021-12-26,253,Kolkata,12,2021,Poor
2021-12-27,212,Kolkata,12,2021,Poor
2021-12-28,234,Kolkata,12,2021,Poor
2021-12-29,240,Kolkata,12,2021,Poor
2021-12-30,260,Kolkata,12,2021,Poor
2021-12-31,160,Kolkata,12,2021,Moderate
2022-01-01,198,Kolkata,1,2022,Moderate
2022-01-02,183,Kolkata,1,2022,Moderate
2022-01-03,211,Kolkata,1,2022,Poor
2022-01-04,243,Kolkata,1,2022,Poor
2022-01-05,290,Kolkata,1,2022,Poor
2022-01-06,268,Kolkata,1,2022,Poor
2022-01-07,280,Kolkata,1,2022,Poor
2022-01-08,228,Kolkata,1,2022,Poor
2022-01-09,225,Kolkata,1,2022,Poor
2022-01-10,209,Kolkata,1,2022,Poor
2022-01-11,242,Kolkata,1,2022,Poor
2022-01-12,88,Kolkata,1,2022,Satisfactory
2022-01-13,132,Kolkata,1,2022,Moderate
2022-01-14,142,Kolkata,1,2022,Moderate
2022-01-15,123,Kolkata,1,2022,Moderate
2022-01-16,161,Kolkata,1,2022,Moderate
2022-01-17,180,Kolkata,1,2022,Moderate
2022-01-18,226,Kolkata,1,2022,Poor
2022-01-19,267,Kolkata,1,2022,Poor
2022-01-20,266,Kolkata,1,2022,Poor
2022-01-21,306,Kolkata,1,2022,Very Poor
2022-01-22,245,Kolkata,1,2022,Poor
2022-01-23,192,Kolkata,1,2022,Moderate
2022-01-24,206,Kolkata,1,2022,Poor
2022-01-25,208,Kolkata,1,2022,Poor
2022-01-26,194,Kolkata,1,2022,Moderate
2022-01-27,185,Kolkata,1,2022,Moderate
2022-01-28,160,Kolkata,1,2022,Moderate
2022-01-29,210,Kolkata,1,2022,Poor
2022-01-30,246,Kolkata,1,2022,Poor
2022-01-31,183,Kolkata,1,2022,Moderate
2022-02-01,105,Kolkata,2,2022,Moderate
2022-02-02,141,Kolkata,2,2022,Moderate
2022-02-03,102,Kolkata,2,2022,Moderate
2022-02-04,70,Kolkata,2,2022,Satisfactory
2022-02-05,64,Kolkata,2,2022,Satisfactory
2022-02-06,132,Kolkata,2,2022,Moderate
2022-02-07,108,Kolkata,2,2022,Moderate
2022-02-08,144,Kolkata,2,2022,Moderate
2022-02-09,186,Kolkata,2,2022,Moderate
2022-02-10,119,Kolkata,2,2022,Moderate
2022-02-11,214,Kolkata,2,2022,Poor
2022-02-12,143,Kolkata,2,2022,Moderate
2022-02-13,132,Kolkata,2,2022,Moderate
2022-02-14,149,Kolkata,2,2022,Moderate
2022-02-15,191,Kolkata,2,2022,Moderate
2022-02-16,201,Kolkata,2,2022,Poor
2022-02-17,220,Kolkata,2,2022,Poor
2022-02-18,232,Kolkata,2,2022,Poor
2022-02-19,219,Kolkata,2,2022,Poor
2022-02-20,164,Kolkata,2,2022,Moderate
2022-02-21,137,Kolkata,2,2022,Moderate
2022-02-22,128,Kolkata,2,2022,Moderate
2022-02-23,165,Kolkata,2,2022,Moderate
2022-02-24,141,Kolkata,2,2022,Moderate
2022-02-25,105,Kolkata,2,2022,Moderate
2022-02-26,243,Kolkata,2,2022,Poor
2022-02-27,212,Kolkata,2,2022,Poor
2022-02-28,104,Kolkata,2,2022,Moderate
2022-03-01,174,Kolkata,3,2022,Moderate
2022-03-02,155,Kolkata,3,2022,Moderate
2022-03-03,198,Kolkata,3,2022,Moderate
2022-03-04,231,Kolkata,3,2022,Poor
2022-03-05,180,Kolkata,3,2022,Moderate
2022-03-06,171,Kolkata,3,2022,Moderate
2022-03-07,149,Kolkata,3,2022,Moderate
2022-03-08,188,Kolkata,3,2022,Moderate
2022-03-09,202,Kolkata,3,2022,Poor
2022-03-10,222,Kolkata,3,2022,Poor
2022-03-11,198,Kolkata,3,2022,Moderate
2022-03-12,193,Kolkata,3,2022,Moderate
2022-03-13,183,Kolkata,3,2022,Moderate
2022-03-14,182,Kolkata,3,2022,Moderate
2022-03-15,198,Kolkata,3,2022,Moderate
2022-03-16,125,Kolkata,3,2022,Moderate
2022-03-17,107,Kolkata,3,2022,Moderate
2022-03-18,96,Kolkata,3,2022,Satisfactory
2022-03-19,96,Kolkata,3,2022,Satisfactory
2022-03-20,88,Kolkata,3,2022,Satisfactory
2022-03-21,79,Kolkata,3,2022,Satisfactory
2022-03-22,78,Kolkata,3,2022,Satisfactory
2022-03-23,82,Kolkata,3,2022,Satisfactory
2022-03-24,95,Kolkata,3,2022,Satisfactory
2022-03-25,89,Kolkata,3,2022,Satisfactory
2022-03-26,69,Kolkata,3,2022,Satisfactory
2022-03-27,85,Kolkata,3,2022,Satisfactory
2022-03-28,108,Kolkata,3,2022,Moderate
2022-03-29,89,Kolkata,3,2022,Satisfactory
2022-03-30,74,Kolkata,3,2022,Satisfactory
2022-03-31,64,Kolkata,3,2022,Satisfactory
2022-04-01,70,Kolkata,4,2022,Satisfactory
2022-04-02,65,Kolkata,4,2022,Satisfactory
2022-04-03,57,Kolkata,4,2022,Satisfactory
2022-04-04,60,Kolkata,4,2022,Satisfactory
2022-04-05,55,Kolkata,4,2022,Satisfactory
2022-04-06,60,Kolkata,4,2022,Satisfactory
2022-04-07,65,Kolkata,4,2022,Satisfactory
2022-04-08,69,Kolkata,4,2022,Satisfactory
2022-04-09,53,Kolkata,4,2022,Satisfactory
2022-04-10,49,Kolkata,4,2022,Good
2022-04-11,53,Kolkata,4,2022,Satisfactory
2022-04-12,70,Kolkata,4,2022,Satisfactory
2022-04-13,52,Kolkata,4,2022,Satisfactory
2022-04-14,54,Kolkata,4,2022,Satisfactory
2022-04-15,93,Kolkata,4,2022,Satisfactory
2022-04-16,71,Kolkata,4,2022,Satisfactory
2022-04-17,68,Kolkata,4,2022,Satisfactory
2022-04-18,63,Kolkata,4,2022,Satisfactory
2022-04-19,63,Kolkata,4,2022,Satisfactory
2022-04-20,58,Kolkata,4,2022,Satisfactory
2022-04-21,57,Kolkata,4,2022,Satisfactory
2022-04-22,81,Kolkata,4,2022,Satisfactory
2022-04-23,102,Kolkata,4,2022,Moderate
2022-04-24,122,Kolkata,4,2022,Moderate
2022-04-25,85,Kolkata,4,2022,Satisfactory
2022-04-26,81,Kolkata,4,2022,Satisfactory
2022-04-27,74,Kolkata,4,2022,Satisfactory
2022-04-28,75,Kolkata,4,2022,Satisfactory
2022-04-29,75,Kolkata,4,2022,Satisfactory
2022-04-30,122,Kolkata,4,2022,Moderate
2022-05-01,71,Kolkata,5,2022,Satisfactory
2022-05-02,60,Kolkata,5,2022,Satisfactory
2022-05-03,61,Kolkata,5,2022,Satisfactory
2022-05-04,59,Kolkata,5,2022,Satisfactory
2022-05-05,68,Kolkata,5,2022,Satisfactory
2022-05-06,103,Kolkata,5,2022,Moderate
2022-05-07,83,Kolkata,5,2022,Satisfactory
2022-05-08,83,Kolkata,5,2022,Satisfactory
2022-05-09,56,Kolkata,5,2022,Satisfactory
2022-05-10,46,Kolkata,5,2022,Good
2022-05-11,53,Kolkata,5,2022,Satisfactory
2022-05-12,68,Kolkata,5,2022,Satisfactory
2022-05-13,77,Kolkata,5,2022,Satisfactory
2022-05-14,62,Kolkata,5,2022,Satisfactory
2022-05-15,52,Kolkata,5,2022,Satisfactory
2022-05-16,57,Kolkata,5,2022,Satisfactory
2022-05-17,55,Kolkata,5,2022,Satisfactory
2022-05-18,51,Kolkata,5,2022,Satisfactory
2022-05-19,47,Kolkata,5,2022,Good
2022-05-20,57,Kolkata,5,2022,Satisfactory
2022-05-21,61,Kolkata,5,2022,Satisfactory
2022-05-22,71,Kolkata,5,2022,Satisfactory
2022-05-23,96,Kolkata,5,2022,Satisfactory
2022-05-24,75,Kolkata,5,2022,Satisfactory
2022-05-25,82,Kolkata,5,2022,Satisfactory
2022-05-26,87,Kolkata,5,2022,Satisfactory
2022-05-27,121,Kolkata,5,2022,Moderate
2022-05-28,130,Kolkata,5,2022,Moderate
2022-05-29,91,Kolkata,5,2022,Satisfactory
2022-05-30,83,Kolkata,5,2022,Satisfactory
2022-05-31,76,Kolkata,5,2022,Satisfactory
2022-06-01,91,Kolkata,6,2022,Satisfactory
2022-06-02,74,Kolkata,6,2022,Satisfactory
2022-06-03,78,Kolkata,6,2022,Satisfactory
2022-06-04,86,Kolkata,6,2022,Satisfactory
2022-06-05,76,Kolkata,6,2022,Satisfactory
2022-06-06,70,Kolkata,6,2022,Satisfactory
2022-06-07,73,Kolkata,6,2022,Satisfactory
2022-06-08,71,Kolkata,6,2022,Satisfactory
2022-06-09,78,Kolkata,6,2022,Satisfactory
2022-06-10,69,Kolkata,6,2022,Satisfactory
2022-06-11,70,Kolkata,6,2022,Satisfactory
2022-06-12,66,Kolkata,6,2022,Satisfactory
2022-06-13,62,Kolkata,6,2022,Satisfactory
2022-06-14,95,Kolkata,6,2022,Satisfactory
2022-06-15,55,Kolkata,6,2022,Satisfactory
2022-06-16,62,Kolkata,6,2022,Satisfactory
2022-06-17,49,Kolkata,6,2022,Good
2022-06-18,44,Kolkata,6,2022,Good
2022-06-19,39,Kolkata,6,2022,Good
2022-06-20,39,Kolkata,6,2022,Good
2022-06-21,58,Kolkata,6,2022,Satisfactory
2022-06-22,51,Kolkata,6,2022,Satisfactory
2022-06-23,43,Kolkata,6,2022,Good
2022-06-24,43,Kolkata,6,2022,Good
2022-06-25,45,Kolkata,6,2022,Good
2022-06-26,33,Kolkata,6,2022,Good
2022-06-27,35,Kolkata,6,2022,Good
2022-06-28,40,Kolkata,6,2022,Good
2022-06-29,43,Kolkata,6,2022,Good
2022-06-30,42,Kolkata,6,2022,Good
2022-07-01,52,Kolkata,7,2022,Satisfactory
2022-07-02,46,Kolkata,7,2022,Good
2022-07-03,43,Kolkata,7,2022,Good
2022-07-04,42,Kolkata,7,2022,Good
2022-07-05,36,Kolkata,7,2022,Good
2022-07-06,32,Kolkata,7,2022,Good
2022-07-07,36,Kolkata,7,2022,Good
2022-07-08,37,Kolkata,7,2022,Good
2022-07-09,35,Kolkata,7,2022,Good
2022-07-10,39,Kolkata,7,2022,Good
2022-07-11,35,Kolkata,7,2022,Good
2022-07-12,33,Kolkata,7,2022,Good
2022-07-14,35,Kolkata,7,2022,Good
2022-07-15,35,Kolkata,7,2022,Good
2022-07-16,37,Kolkata,7,2022,Good
2022-07-17,34,Kolkata,7,2022,Good
2022-07-18,36,Kolkata,7,2022,Good
2022-07-19,45,Kolkata,7,2022,Good
2022-07-20,51,Kolkata,7,2022,Satisfactory
2022-07-21,49,Kolkata,7,2022,Good
2022-07-22,42,Kolkata,7,2022,Good
2022-07-23,41,Kolkata,7,2022,Good
2022-07-24,40,Kolkata,7,2022,Good
2022-07-25,37,Kolkata,7,2022,Good
2022-07-26,43,Kolkata,7,2022,Good
2022-07-27,40,Kolkata,7,2022,Good
2022-07-28,40,Kolkata,7,2022,Good
2022-07-29,45,Kolkata,7,2022,Good
2022-07-30,47,Kolkata,7,2022,Good
2022-07-31,49,Kolkata,7,2022,Good
2022-08-01,52,Kolkata,8,2022,Satisfactory
2022-08-02,63,Kolkata,8,2022,Satisfactory
2022-08-03,57,Kolkata,8,2022,Satisfactory
2022-08-04,41,Kolkata,8,2022,Good
2022-08-05,36,Kolkata,8,2022,Good
2022-08-06,37,Kolkata,8,2022,Good
2022-08-07,34,Kolkata,8,2022,Good
2022-08-08,30,Kolkata,8,2022,Good
2022-08-09,32,Kolkata,8,2022,Good
2022-08-10,32,Kolkata,8,2022,Good
2022-08-11,32,Kolkata,8,2022,Good
2022-08-12,44,Kolkata,8,2022,Good
2022-08-13,52,Kolkata,8,2022,Satisfactory
2022-08-14,32,Kolkata,8,2022,Good
2022-08-15,33,Kolkata,8,2022,Good
2022-08-16,52,Kolkata,8,2022,Satisfactory
2022-08-17,69,Kolkata,8,2022,Satisfactory
2022-08-18,89,Kolkata,8,2022,Satisfactory
2022-08-19,46,Kolkata,8,2022,Good
2022-08-20,38,Kolkata,8,2022,Good
2022-08-21,44,Kolkata,8,2022,Good
2022-08-22,54,Kolkata,8,2022,Satisfactory
2022-08-23,63,Kolkata,8,2022,Satisfactory
2022-08-24,42,Kolkata,8,2022,Good
2022-08-25,44,Kolkata,8,2022,Good
2022-08-26,57,Kolkata,8,2022,Satisfactory
2022-08-27,65,Kolkata,8,2022,Satisfactory
2022-08-28,56,Kolkata,8,2022,Satisfactory
2022-08-29,44,Kolkata,8,2022,Good
2022-08-30,43,Kolkata,8,2022,Good
2022-08-31,44,Kolkata,8,2022,Good
2022-09-01,38,Kolkata,9,2022,Good
2022-09-02,37,Kolkata,9,2022,Good
2022-09-03,40,Kolkata,9,2022,Good
2022-09-04,61,Kolkata,9,2022,Satisfactory
2022-09-05,59,Kolkata,9,2022,Satisfactory
2022-09-06,57,Kolkata,9,2022,Satisfactory
2022-09-07,73,Kolkata,9,2022,Satisfactory
2022-09-08,47,Kolkata,9,2022,Good
2022-09-09,59,Kolkata,9,2022,Satisfactory
2022-09-10,44,Kolkata,9,2022,Good
2022-09-11,38,Kolkata,9,2022,Good
2022-09-12,35,Kolkata,9,2022,Good
2022-09-13,37,Kolkata,9,2022,Good
2022-09-14,39,Kolkata,9,2022,Good
2022-09-15,43,Kolkata,9,2022,Good
2022-09-16,53,Kolkata,9,2022,Satisfactory
2022-09-17,56,Kolkata,9,2022,Satisfactory
2022-09-18,48,Kolkata,9,2022,Good
2022-09-19,46,Kolkata,9,2022,Good
2022-09-20,33,Kolkata,9,2022,Good
2022-09-21,37,Kolkata,9,2022,Good
2022-09-22,42,Kolkata,9,2022,Good
2022-09-23,48,Kolkata,9,2022,Good
2022-09-24,50,Kolkata,9,2022,Good
2022-09-25,43,Kolkata,9,2022,Good
2022-09-26,42,Kolkata,9,2022,Good
2022-09-27,50,Kolkata,9,2022,Good
2022-09-28,73,Kolkata,9,2022,Satisfactory
2022-09-29,87,Kolkata,9,2022,Satisfactory
2022-09-30,79,Kolkata,9,2022,Satisfactory
2022-10-01,98,Kolkata,10,2022,Satisfactory
2022-10-02,55,Kolkata,10,2022,Satisfactory
2022-10-03,45,Kolkata,10,2022,Good
2022-10-04,36,Kolkata,10,2022,Good
2022-10-05,40,Kolkata,10,2022,Good
2022-10-06,35,Kolkata,10,2022,Good
2022-10-07,39,Kolkata,10,2022,Good
2022-10-08,55,Kolkata,10,2022,Satisfactory
2022-10-09,43,Kolkata,10,2022,Good
2022-10-10,42,Kolkata,10,2022,Good
2022-10-11,31,Kolkata,10,2022,Good
2022-10-12,34,Kolkata,10,2022,Good
2022-10-13,47,Kolkata,10,2022,Good
2022-10-14,58,Kolkata,10,2022,Satisfactory
2022-10-15,76,Kolkata,10,2022,Satisfactory
2022-10-16,78,Kolkata,10,2022,Satisfactory
2022-10-17,87,Kolkata,10,2022,Satisfactory
2022-10-18,101,Kolkata,10,2022,Moderate
2022-10-19,83,Kolkata,10,2022,Satisfactory
2022-10-20,107,Kolkata,10,2022,Moderate
2022-10-21,112,Kolkata,10,2022,Moderate
2022-10-22,99,Kolkata,10,2022,Satisfactory
2022-10-23,101,Kolkata,10,2022,Moderate
2022-10-24,55,Kolkata,10,2022,Satisfactory
2022-10-25,47,Kolkata,10,2022,Good
2022-10-26,81,Kolkata,10,2022,Satisfactory
2022-10-27,107,Kolkata,10,2022,Moderate
2022-10-28,167,Kolkata,10,2022,Moderate
2022-10-29,157,Kolkata,10,2022,Moderate
2022-10-30,126,Kolkata,10,2022,Moderate
2022-10-31,102,Kolkata,10,2022,Moderate
2022-11-01,115,Kolkata,11,2022,Moderate
2022-11-02,105,Kolkata,11,2022,Moderate
2022-11-03,104,Kolkata,11,2022,Moderate
2022-11-04,176,Kolkata,11,2022,Moderate
2022-11-05,196,Kolkata,11,2022,Moderate
2022-11-06,152,Kolkata,11,2022,Moderate
2022-11-07,140,Kolkata,11,2022,Moderate
2022-11-08,152,Kolkata,11,2022,Moderate
2022-11-09,158,Kolkata,11,2022,Moderate
2022-11-10,167,Kolkata,11,2022,Moderate
2022-11-11,137,Kolkata,11,2022,Moderate
2022-11-12,214,Kolkata,11,2022,Poor
2022-11-13,233,Kolkata,11,2022,Poor
2022-11-14,205,Kolkata,11,2022,Poor
2022-11-15,223,Kolkata,11,2022,Poor
2022-11-16,237,Kolkata,11,2022,Poor
2022-11-17,271,Kolkata,11,2022,Poor
2022-11-18,229,Kolkata,11,2022,Poor
2022-11-19,131,Kolkata,11,2022,Moderate
2022-11-20,186,Kolkata,11,2022,Moderate
2022-11-21,150,Kolkata,11,2022,Moderate
2022-11-22,165,Kolkata,11,2022,Moderate
2022-11-23,250,Kolkata,11,2022,Poor
2022-11-24,238,Kolkata,11,2022,Poor
2022-11-25,238,Kolkata,11,2022,Poor
2022-11-26,252,Kolkata,11,2022,Poor
2022-11-27,241,Kolkata,11,2022,Poor
2022-11-28,234,Kolkata,11,2022,Poor
2022-11-29,179,Kolkata,11,2022,Moderate
2022-11-30,182,Kolkata,11,2022,Moderate
2022-12-01,189,Kolkata,12,2022,Moderate
2022-12-02,230,Kolkata,12,2022,Poor
2022-12-03,262,Kolkata,12,2022,Poor
2022-12-04,278,Kolkata,12,2022,Poor
2022-12-05,264,Kolkata,12,2022,Poor
2022-12-06,232,Kolkata,12,2022,Poor
2022-12-07,270,Kolkata,12,2022,Poor
2022-12-08,295,Kolkata,12,2022,Poor
2022-12-09,282,Kolkata,12,2022,Poor
2022-12-10,280,Kolkata,12,2022,Poor
2022-12-11,282,Kolkata,12,2022,Poor
2022-12-12,307,Kolkata,12,2022,Very Poor
2022-12-13,314,Kolkata,12,2022,Very Poor
2022-12-14,305,Kolkata,12,2022,Very Poor
2022-12-15,271,Kolkata,12,2022,Poor
2022-12-16,201,Kolkata,12,2022,Poor
2022-12-17,251,Kolkata,12,2022,Poor
2022-12-18,303,Kolkata,12,2022,Very Poor
2022-12-19,283,Kolkata,12,2022,Poor
2022-12-20,283,Kolkata,12,2022,Poor
2022-12-21,295,Kolkata,12,2022,Poor
2022-12-22,300,Kolkata,12,2022,Poor
2022-12-23,274,Kolkata,12,2022,Poor
2022-12-24,278,Kolkata,12,2022,Poor
2022-12-25,194,Kolkata,12,2022,Moderate
2022-12-26,85,Kolkata,12,2022,Satisfactory
2022-12-27,97,Kolkata,12,2022,Satisfactory
2022-12-28,215,Kolkata,12,2022,Poor
2022-12-29,217,Kolkata,12,2022,Poor
2022-12-30,252,Kolkata,12,2022,Poor
2022-12-31,284,Kolkata,12,2022,Poor
2023-01-01,261,Kolkata,1,2023,Poor
2023-01-02,221,Kolkata,1,2023,Poor
2023-01-03,236,Kolkata,1,2023,Poor
2023-01-04,213,Kolkata,1,2023,Poor
2023-01-05,233,Kolkata,1,2023,Poor
2023-01-06,247,Kolkata,1,2023,Poor
2023-01-07,269,Kolkata,1,2023,Poor
2023-01-08,311,Kolkata,1,2023,Very Poor
2023-01-09,292,Kolkata,1,2023,Poor
2023-01-10,242,Kolkata,1,2023,Poor
2023-01-11,270,Kolkata,1,2023,Poor
2023-01-12,272,Kolkata,1,2023,Poor
2023-01-13,238,Kolkata,1,2023,Poor
2023-01-14,100,Kolkata,1,2023,Satisfactory
2023-01-15,181,Kolkata,1,2023,Moderate
2023-01-16,162,Kolkata,1,2023,Moderate
2023-01-17,182,Kolkata,1,2023,Moderate
2023-01-18,204,Kolkata,1,2023,Poor
2023-01-19,213,Kolkata,1,2023,Poor
2023-01-20,257,Kolkata,1,2023,Poor
2023-01-21,302,Kolkata,1,2023,Very Poor
2023-01-22,297,Kolkata,1,2023,Poor
2023-01-23,242,Kolkata,1,2023,Poor
2023-01-24,244,Kolkata,1,2023,Poor
2023-01-25,220,Kolkata,1,2023,Poor
2023-01-26,208,Kolkata,1,2023,Poor
2023-01-27,189,Kolkata,1,2023,Moderate
2023-01-28,147,Kolkata,1,2023,Moderate
2023-01-29,140,Kolkata,1,2023,Moderate
2023-01-30,156,Kolkata,1,2023,Moderate
2023-01-31,226,Kolkata,1,2023,Poor
2023-02-01,168,Kolkata,2,2023,Moderate
2023-02-02,110,Kolkata,2,2023,Moderate
2023-02-03,130,Kolkata,2,2023,Moderate
2023-02-04,187,Kolkata,2,2023,Moderate
2023-02-05,172,Kolkata,2,2023,Moderate
2023-02-06,177,Kolkata,2,2023,Moderate
2023-02-07,101,Kolkata,2,2023,Moderate
2023-02-08,85,Kolkata,2,2023,Satisfactory
2023-02-09,121,Kolkata,2,2023,Moderate
2023-02-10,187,Kolkata,2,2023,Moderate
2023-02-11,134,Kolkata,2,2023,Moderate
2023-02-12,109,Kolkata,2,2023,Moderate
2023-02-13,119,Kolkata,2,2023,Moderate
2023-02-14,139,Kolkata,2,2023,Moderate
2023-02-15,201,Kolkata,2,2023,Poor
2023-02-16,200,Kolkata,2,2023,Moderate
2023-02-17,153,Kolkata,2,2023,Moderate
2023-02-18,101,Kolkata,2,2023,Moderate
2023-02-19,90,Kolkata,2,2023,Satisfactory
2023-02-20,83,Kolkata,2,2023,Satisfactory
2023-02-21,77,Kolkata,2,2023,Satisfactory
2023-02-22,110,Kolkata,2,2023,Moderate
2023-02-23,78,Kolkata,2,2023,Satisfactory
2023-02-24,87,Kolkata,2,2023,Satisfactory
2023-02-25,111,Kolkata,2,2023,Moderate
2023-02-26,155,Kolkata,2,2023,Moderate
2023-02-27,105,Kolkata,2,2023,Moderate
2023-02-28,119,Kolkata,2,2023,Moderate
2023-03-01,113,Kolkata,3,2023,Moderate
2023-03-02,90,Kolkata,3,2023,Satisfactory
2023-03-03,129,Kolkata,3,2023,Moderate
2023-03-04,140,Kolkata,3,2023,Moderate
2023-03-05,154,Kolkata,3,2023,Moderate
2023-03-06,128,Kolkata,3,2023,Moderate
2023-03-07,112,Kolkata,3,2023,Moderate
2023-03-08,110,Kolkata,3,2023,Moderate
2023-03-09,105,Kolkata,3,2023,Moderate
2023-03-10,133,Kolkata,3,2023,Moderate
2023-03-11,128,Kolkata,3,2023,Moderate
2023-03-12,143,Kolkata,3,2023,Moderate
2023-03-13,139,Kolkata,3,2023,Moderate
2023-03-14,119,Kolkata,3,2023,Moderate
2023-03-15,111,Kolkata,3,2023,Moderate
2023-03-16,85,Kolkata,3,2023,Satisfactory
2023-03-17,74,Kolkata,3,2023,Satisfactory
2023-03-18,129,Kolkata,3,2023,Moderate
2023-03-19,71,Kolkata,3,2023,Satisfactory
2023-03-20,37,Kolkata,3,2023,Good
2023-03-21,45,Kolkata,3,2023,Good
2023-03-22,97,Kolkata,3,2023,Satisfactory
2023-03-23,72,Kolkata,3,2023,Satisfactory
2023-03-24,72,Kolkata,3,2023,Satisfactory
2023-03-25,57,Kolkata,3,2023,Satisfactory
2023-03-26,53,Kolkata,3,2023,Satisfactory
2023-03-27,66,Kolkata,3,2023,Satisfactory
2023-03-28,118,Kolkata,3,2023,Moderate
2023-03-29,55,Kolkata,3,2023,Satisfactory
2023-03-30,50,Kolkata,3,2023,Good
2023-03-31,54,Kolkata,3,2023,Satisfactory
2023-04-01,52,Kolkata,4,2023,Satisfactory
2023-04-02,54,Kolkata,4,2023,Satisfactory
2023-04-03,102,Kolkata,4,2023,Moderate
2023-04-04,59,Kolkata,4,2023,Satisfactory
2023-04-05,74,Kolkata,4,2023,Satisfactory
2023-04-06,111,Kolkata,4,2023,Moderate
2023-04-07,107,Kolkata,4,2023,Moderate
2023-04-08,134,Kolkata,4,2023,Moderate
2023-04-09,131,Kolkata,4,2023,Moderate
2023-04-10,134,Kolkata,4,2023,Moderate
2023-04-11,159,Kolkata,4,2023,Moderate
2023-04-12,126,Kolkata,4,2023,Moderate
2023-04-13,131,Kolkata,4,2023,Moderate
2023-04-14,122,Kolkata,4,2023,Moderate
2023-04-15,127,Kolkata,4,2023,Moderate
2023-04-16,106,Kolkata,4,2023,Moderate
2023-04-17,109,Kolkata,4,2023,Moderate
2023-04-18,102,Kolkata,4,2023,Moderate
2023-04-19,83,Kolkata,4,2023,Satisfactory
2023-04-20,90,Kolkata,4,2023,Satisfactory
2023-04-21,89,Kolkata,4,2023,Satisfactory
2023-04-22,105,Kolkata,4,2023,Moderate
2023-04-23,78,Kolkata,4,2023,Satisfactory
2023-04-24,57,Kolkata,4,2023,Satisfactory
2023-04-25,75,Kolkata,4,2023,Satisfactory
2023-04-26,89,Kolkata,4,2023,Satisfactory
2023-04-27,60,Kolkata,4,2023,Satisfactory
2023-04-28,61,Kolkata,4,2023,Satisfactory
2023-04-29,68,Kolkata,4,2023,Satisfactory
2023-04-30,62,Kolkata,4,2023,Satisfactory
2023-05-01,59,Kolkata,5,2023,Satisfactory
2023-05-02,68,Kolkata,5,2023,Satisfactory
2023-05-03,51,Kolkata,5,2023,Satisfactory
2023-05-04,52,Kolkata,5,2023,Satisfactory
2023-05-05,54,Kolkata,5,2023,Satisfactory
2023-05-06,86,Kolkata,5,2023,Satisfactory
2023-05-07,96,Kolkata,5,2023,Satisfactory
2023-05-08,78,Kolkata,5,2023,Satisfactory
2023-05-09,90,Kolkata,5,2023,Satisfactory
2023-05-10,77,Kolkata,5,2023,Satisfactory
2023-05-11,56,Kolkata,5,2023,Satisfactory
2023-05-12,58,Kolkata,5,2023,Satisfactory
2023-05-13,50,Kolkata,5,2023,Good
2023-05-14,65,Kolkata,5,2023,Satisfactory
2023-05-15,69,Kolkata,5,2023,Satisfactory
2023-05-16,67,Kolkata,5,2023,Satisfactory
2023-05-17,64,Kolkata,5,2023,Satisfactory
2023-05-18,53,Kolkata,5,2023,Satisfactory
2023-05-19,52,Kolkata,5,2023,Satisfactory
2023-05-20,55,Kolkata,5,2023,Satisfactory
2023-05-21,60,Kolkata,5,2023,Satisfactory
2023-05-22,54,Kolkata,5,2023,Satisfactory
2023-05-23,94,Kolkata,5,2023,Satisfactory
2023-05-24,52,Kolkata,5,2023,Satisfactory
2023-05-25,61,Kolkata,5,2023,Satisfactory
2023-05-26,50,Kolkata,5,2023,Good
2023-05-27,50,Kolkata,5,2023,Good
2023-05-28,67,Kolkata,5,2023,Satisfactory
2023-05-29,70,Kolkata,5,2023,Satisfactory
2023-05-30,86,Kolkata,5,2023,Satisfactory
2023-05-31,83,Kolkata,5,2023,Satisfactory
2023-06-01,77,Kolkata,6,2023,Satisfactory
2023-06-02,87,Kolkata,6,2023,Satisfactory
2023-06-03,79,Kolkata,6,2023,Satisfactory
2023-06-04,77,Kolkata,6,2023,Satisfactory
2023-06-05,72,Kolkata,6,2023,Satisfactory
2023-06-06,86,Kolkata,6,2023,Satisfactory
2023-06-07,78,Kolkata,6,2023,Satisfactory
2023-06-08,76,Kolkata,6,2023,Satisfactory
2023-06-09,61,Kolkata,6,2023,Satisfactory
2023-06-10,58,Kolkata,6,2023,Satisfactory
2023-06-11,73,Kolkata,6,2023,Satisfactory
2023-06-12,61,Kolkata,6,2023,Satisfactory
2023-06-13,67,Kolkata,6,2023,Satisfactory
2023-06-14,69,Kolkata,6,2023,Satisfactory
2023-06-15,65,Kolkata,6,2023,Satisfactory
2023-06-16,67,Kolkata,6,2023,Satisfactory
2023-06-17,62,Kolkata,6,2023,Satisfactory
2023-06-18,57,Kolkata,6,2023,Satisfactory
2023-06-19,45,Kolkata,6,2023,Good
2023-06-20,50,Kolkata,6,2023,Good
2023-06-21,43,Kolkata,6,2023,Good
2023-06-22,42,Kolkata,6,2023,Good
2023-06-23,36,Kolkata,6,2023,Good
2023-06-24,36,Kolkata,6,2023,Good
2023-06-25,38,Kolkata,6,2023,Good
2023-06-26,38,Kolkata,6,2023,Good
2023-06-27,32,Kolkata,6,2023,Good
2023-06-28,27,Kolkata,6,2023,Good
2023-06-29,32,Kolkata,6,2023,Good
2023-06-30,51,Kolkata,6,2023,Satisfactory
2023-07-01,43,Kolkata,7,2023,Good
2023-07-02,48,Kolkata,7,2023,Good
2023-07-03,47,Kolkata,7,2023,Good
2023-07-04,50,Kolkata,7,2023,Good
2023-07-05,30,Kolkata,7,2023,Good
2023-07-06,29,Kolkata,7,2023,Good
2023-07-07,51,Kolkata,7,2023,Satisfactory
2023-07-08,40,Kolkata,7,2023,Good
2023-07-09,40,Kolkata,7,2023,Good
2023-07-10,46,Kolkata,7,2023,Good
2023-07-11,41,Kolkata,7,2023,Good
2023-07-12,32,Kolkata,7,2023,Good
2023-07-13,35,Kolkata,7,2023,Good
2023-07-14,38,Kolkata,7,2023,Good
2023-07-15,44,Kolkata,7,2023,Good
2023-07-16,31,Kolkata,7,2023,Good
2023-07-17,34,Kolkata,7,2023,Good
2023-07-18,30,Kolkata,7,2023,Good
2023-07-19,30,Kolkata,7,2023,Good
2023-07-20,32,Kolkata,7,2023,Good
2023-07-21,33,Kolkata,7,2023,Good
2023-07-22,32,Kolkata,7,2023,Good
2023-07-23,33,Kolkata,7,2023,Good
2023-07-24,32,Kolkata,7,2023,Good
2023-07-25,33,Kolkata,7,2023,Good
2023-07-26,32,Kolkata,7,2023,Good
2023-07-27,32,Kolkata,7,2023,Good
2023-07-28,34,Kolkata,7,2023,Good
2023-07-29,32,Kolkata,7,2023,Good
2023-07-30,40,Kolkata,7,2023,Good
2023-07-31,46,Kolkata,7,2023,Good
2023-08-01,42,Kolkata,8,2023,Good
2023-08-02,37,Kolkata,8,2023,Good
2023-08-03,38,Kolkata,8,2023,Good
2023-08-04,49,Kolkata,8,2023,Good
2023-08-05,48,Kolkata,8,2023,Good
2023-08-06,49,Kolkata,8,2023,Good
2023-08-07,48,Kolkata,8,2023,Good
2023-08-08,46,Kolkata,8,2023,Good
2023-08-09,70,Kolkata,8,2023,Satisfactory
2023-08-10,94,Kolkata,8,2023,Satisfactory
2023-08-11,91,Kolkata,8,2023,Satisfactory
2023-08-12,62,Kolkata,8,2023,Satisfactory
2023-08-13,54,Kolkata,8,2023,Satisfactory
2023-08-14,64,Kolkata,8,2023,Satisfactory
2023-08-15,77,Kolkata,8,2023,Satisfactory
2023-08-16,71,Kolkata,8,2023,Satisfactory
2023-08-17,58,Kolkata,8,2023,Satisfactory
2023-08-18,43,Kolkata,8,2023,Good
2023-08-19,34,Kolkata,8,2023,Good
2023-08-20,50,Kolkata,8,2023,Good
2023-08-21,62,Kolkata,8,2023,Satisfactory
2023-08-22,49,Kolkata,8,2023,Good
2023-08-23,52,Kolkata,8,2023,Satisfactory
2023-08-24,38,Kolkata,8,2023,Good
2023-08-25,42,Kolkata,8,2023,Good
2023-08-26,50,Kolkata,8,2023,Good
2023-08-27,78,Kolkata,8,2023,Satisfactory
2023-08-28,126,Kolkata,8,2023,Moderate
2023-08-29,180,Kolkata,8,2023,Moderate
2023-08-30,139,Kolkata,8,2023,Moderate
2023-08-31,135,Kolkata,8,2023,Moderate
2023-09-01,104,Kolkata,9,2023,Moderate
2023-09-02,106,Kolkata,9,2023,Moderate
2023-09-03,65,Kolkata,9,2023,Satisfactory
2023-09-04,42,Kolkata,9,2023,Good
2023-09-05,33,Kolkata,9,2023,Good
2023-09-06,30,Kolkata,9,2023,Good
2023-09-07,30,Kolkata,9,2023,Good
2023-09-08,29,Kolkata,9,2023,Good
2023-09-09,34,Kolkata,9,2023,Good
2023-09-10,41,Kolkata,9,2023,Good
2023-09-11,39,Kolkata,9,2023,Good
2023-09-12,59,Kolkata,9,2023,Satisfactory
2023-09-13,40,Kolkata,9,2023,Good
2023-09-14,31,Kolkata,9,2023,Good
2023-09-15,31,Kolkata,9,2023,Good
2023-09-16,36,Kolkata,9,2023,Good
2023-09-17,40,Kolkata,9,2023,Good
2023-09-18,42,Kolkata,9,2023,Good
2023-09-19,29,Kolkata,9,2023,Good
2023-09-20,28,Kolkata,9,2023,Good
2023-09-21,30,Kolkata,9,2023,Good
2023-09-22,38,Kolkata,9,2023,Good
2023-09-23,34,Kolkata,9,2023,Good
2023-09-24,35,Kolkata,9,2023,Good
2023-09-25,39,Kolkata,9,2023,Good
2023-09-26,39,Kolkata,9,2023,Good
2023-09-27,43,Kolkata,9,2023,Good
2023-09-28,61,Kolkata,9,2023,Satisfactory
2023-09-29,99,Kolkata,9,2023,Satisfactory
2023-09-30,52,Kolkata,9,2023,Satisfactory
2023-10-01,31,Kolkata,10,2023,Good
2023-10-02,39,Kolkata,10,2023,Good
2023-10-03,31,Kolkata,10,2023,Good
2023-10-04,32,Kolkata,10,2023,Good
2023-10-05,43,Kolkata,10,2023,Good
2023-10-06,63,Kolkata,10,2023,Satisfactory
2023-10-07,76,Kolkata,10,2023,Satisfactory
2023-10-08,89,Kolkata,10,2023,Satisfactory
2023-10-09,80,Kolkata,10,2023,Satisfactory
2023-10-10,138,Kolkata,10,2023,Moderate
2023-10-11,139,Kolkata,10,2023,Moderate
2023-10-12,166,Kolkata,10,2023,Moderate
2023-10-13,130,Kolkata,10,2023,Moderate
2023-10-14,121,Kolkata,10,2023,Moderate
2023-10-15,125,Kolkata,10,2023,Moderate
2023-10-16,135,Kolkata,10,2023,Moderate
2023-10-17,175,Kolkata,10,2023,Moderate
2023-10-18,166,Kolkata,10,2023,Moderate
2023-10-19,106,Kolkata,10,2023,Moderate
2023-10-20,89,Kolkata,10,2023,Satisfactory
2023-10-21,96,Kolkata,10,2023,Satisfactory
2023-10-22,85,Kolkata,10,2023,Satisfactory
2023-10-23,107,Kolkata,10,2023,Moderate
2023-10-24,70,Kolkata,10,2023,Satisfactory
2023-10-25,55,Kolkata,10,2023,Satisfactory
2023-10-26,87,Kolkata,10,2023,Satisfactory
2023-10-27,100,Kolkata,10,2023,Satisfactory
2023-10-28,140,Kolkata,10,2023,Moderate
2023-10-29,180,Kolkata,10,2023,Moderate
2023-10-30,123,Kolkata,10,2023,Moderate
2023-10-31,142,Kolkata,10,2023,Moderate
2023-11-01,110,Kolkata,11,2023,Moderate
2023-11-02,109,Kolkata,11,2023,Moderate
2023-11-03,184,Kolkata,11,2023,Moderate
2023-11-04,102,Kolkata,11,2023,Moderate
2023-11-05,133,Kolkata,11,2023,Moderate
2023-11-06,127,Kolkata,11,2023,Moderate
2023-11-07,203,Kolkata,11,2023,Poor
2023-11-08,211,Kolkata,11,2023,Poor
2023-11-09,261,Kolkata,11,2023,Poor
2023-11-10,282,Kolkata,11,2023,Poor
2023-11-11,269,Kolkata,11,2023,Poor
2023-11-12,248,Kolkata,11,2023,Poor
2023-11-13,218,Kolkata,11,2023,Poor
2023-11-14,135,Kolkata,11,2023,Moderate
2023-11-15,102,Kolkata,11,2023,Moderate
2023-11-16,87,Kolkata,11,2023,Satisfactory
2023-11-17,50,Kolkata,11,2023,Good
2023-11-18,44,Kolkata,11,2023,Good
2023-11-19,76,Kolkata,11,2023,Satisfactory
2023-11-20,96,Kolkata,11,2023,Satisfactory
2023-11-21,127,Kolkata,11,2023,Moderate
2023-11-22,194,Kolkata,11,2023,Moderate
2023-11-23,264,Kolkata,11,2023,Poor
2023-11-24,268,Kolkata,11,2023,Poor
2023-11-25,211,Kolkata,11,2023,Poor
2023-11-26,159,Kolkata,11,2023,Moderate
2023-11-27,168,Kolkata,11,2023,Moderate
2023-11-28,129,Kolkata,11,2023,Moderate
2023-11-29,150,Kolkata,11,2023,Moderate
2023-11-30,224,Kolkata,11,2023,Poor
2023-12-01,116,Kolkata,12,2023,Moderate
2023-12-02,103,Kolkata,12,2023,Moderate
2023-12-03,188,Kolkata,12,2023,Moderate
2023-12-04,159,Kolkata,12,2023,Moderate
2023-12-05,147,Kolkata,12,2023,Moderate
2023-12-06,74,Kolkata,12,2023,Satisfactory
2023-12-07,68,Kolkata,12,2023,Satisfactory
2023-12-08,37,Kolkata,12,2023,Good
2023-12-09,94,Kolkata,12,2023,Satisfactory
2023-12-10,177,Kolkata,12,2023,Moderate
2023-12-11,162,Kolkata,12,2023,Moderate
2023-12-12,199,Kolkata,12,2023,Moderate
2023-12-13,190,Kolkata,12,2023,Moderate
2023-12-14,210,Kolkata,12,2023,Poor
2023-12-15,241,Kolkata,12,2023,Poor
2023-12-16,242,Kolkata,12,2023,Poor
2023-12-17,248,Kolkata,12,2023,Poor
2023-12-18,245,Kolkata,12,2023,Poor
2023-12-19,209,Kolkata,12,2023,Poor
2023-12-20,236,Kolkata,12,2023,Poor
2023-12-21,155,Kolkata,12,2023,Moderate
2023-12-22,199,Kolkata,12,2023,Moderate
2023-12-23,216,Kolkata,12,2023,Poor
2023-12-24,172,Kolkata,12,2023,Moderate
2023-12-25,206,Kolkata,12,2023,Poor
2023-12-26,205,Kolkata,12,2023,Poor
2023-12-27,205,Kolkata,12,2023,Poor
2023-12-28,198,Kolkata,12,2023,Moderate
2023-12-29,198,Kolkata,12,2023,Moderate
2023-12-30,191,Kolkata,12,2023,Moderate
2023-12-31,170,Kolkata,12,2023,Moderate
2024-01-01,180,Kolkata,1,2024,Moderate
2024-01-02,204,Kolkata,1,2024,Poor
2024-01-03,166,Kolkata,1,2024,Moderate
2024-01-04,161,Kolkata,1,2024,Moderate
2024-01-05,241,Kolkata,1,2024,Poor
2024-01-06,213,Kolkata,1,2024,Poor
2024-01-07,234,Kolkata,1,2024,Poor
2024-01-08,259,Kolkata,1,2024,Poor
2024-01-09,250,Kolkata,1,2024,Poor
2024-01-10,244,Kolkata,1,2024,Poor
2024-01-11,239,Kolkata,1,2024,Poor
2024-01-12,204,Kolkata,1,2024,Poor
2024-01-13,252,Kolkata,1,2024,Poor
2024-01-14,272,Kolkata,1,2024,Poor
2024-01-15,278,Kolkata,1,2024,Poor
2024-01-16,264,Kolkata,1,2024,Poor
2024-01-17,227,Kolkata,1,2024,Poor
2024-01-18,202,Kolkata,1,2024,Poor
2024-01-19,175,Kolkata,1,2024,Moderate
2024-01-20,230,Kolkata,1,2024,Poor
2024-01-21,289,Kolkata,1,2024,Poor
2024-01-22,281,Kolkata,1,2024,Poor
2024-01-23,259,Kolkata,1,2024,Poor
2024-01-24,256,Kolkata,1,2024,Poor
2024-01-25,216,Kolkata,1,2024,Poor
2024-01-26,262,Kolkata,1,2024,Poor
2024-01-27,213,Kolkata,1,2024,Poor
2024-01-28,206,Kolkata,1,2024,Poor
2024-01-29,209,Kolkata,1,2024,Poor
2024-01-30,187,Kolkata,1,2024,Moderate
2024-01-31,100,Kolkata,1,2024,Satisfactory
2024-02-01,102,Kolkata,2,2024,Moderate
2024-02-02,128,Kolkata,2,2024,Moderate
2024-02-03,140,Kolkata,2,2024,Moderate
2024-02-04,176,Kolkata,2,2024,Moderate
2024-02-05,156,Kolkata,2,2024,Moderate
2024-02-06,131,Kolkata,2,2024,Moderate
2024-02-07,148,Kolkata,2,2024,Moderate
2024-02-08,111,Kolkata,2,2024,Moderate
2024-02-09,107,Kolkata,2,2024,Moderate
2024-02-10,136,Kolkata,2,2024,Moderate
2024-02-11,211,Kolkata,2,2024,Poor
2024-02-12,228,Kolkata,2,2024,Poor
2024-02-13,221,Kolkata,2,2024,Poor
2024-02-14,222,Kolkata,2,2024,Poor
2024-02-15,187,Kolkata,2,2024,Moderate
2024-02-16,147,Kolkata,2,2024,Moderate
2024-02-17,225,Kolkata,2,2024,Poor
2024-02-18,165,Kolkata,2,2024,Moderate
2024-02-19,97,Kolkata,2,2024,Satisfactory
2024-02-20,91,Kolkata,2,2024,Satisfactory
2024-02-21,84,Kolkata,2,2024,Satisfactory
2024-02-22,119,Kolkata,2,2024,Moderate
2024-02-23,106,Kolkata,2,2024,Moderate
2024-02-24,99,Kolkata,2,2024,Satisfactory
2024-02-25,100,Kolkata,2,2024,Satisfactory
2024-02-26,86,Kolkata,2,2024,Satisfactory
2024-02-27,127,Kolkata,2,2024,Moderate
2024-02-28,127,Kolkata,2,2024,Moderate
2024-02-29,155,Kolkata,2,2024,Moderate
2024-03-01,134,Kolkata,3,2024,Moderate
2024-03-02,140,Kolkata,3,2024,Moderate
2024-03-03,119,Kolkata,3,2024,Moderate
2024-03-04,123,Kolkata,3,2024,Moderate
2024-03-05,96,Kolkata,3,2024,Satisfactory
2024-03-06,106,Kolkata,3,2024,Moderate
2024-03-07,114,Kolkata,3,2024,Moderate
2024-03-08,129,Kolkata,3,2024,Moderate
2024-03-09,134,Kolkata,3,2024,Moderate
2024-03-10,134,Kolkata,3,2024,Moderate
2024-03-11,117,Kolkata,3,2024,Moderate
2024-03-12,98,Kolkata,3,2024,Satisfactory
2024-03-13,88,Kolkata,3,2024,Satisfactory
2024-03-14,66,Kolkata,3,2024,Satisfactory
2024-03-15,85,Kolkata,3,2024,Satisfactory
2024-03-16,70,Kolkata,3,2024,Satisfactory
2024-03-17,66,Kolkata,3,2024,Satisfactory
2024-03-18,87,Kolkata,3,2024,Satisfactory
2024-03-19,96,Kolkata,3,2024,Satisfactory
2024-03-20,59,Kolkata,3,2024,Satisfactory
2024-03-21,56,Kolkata,3,2024,Satisfactory
2024-03-22,81,Kolkata,3,2024,Satisfactory
2024-03-23,99,Kolkata,3,2024,Satisfactory
2024-03-24,71,Kolkata,3,2024,Satisfactory
2024-03-25,66,Kolkata,3,2024,Satisfactory
2024-03-26,59,Kolkata,3,2024,Satisfactory
2024-03-27,60,Kolkata,3,2024,Satisfactory
2024-03-28,71,Kolkata,3,2024,Satisfactory
2024-03-29,82,Kolkata,3,2024,Satisfactory
2024-03-30,68,Kolkata,3,2024,Satisfactory
2024-03-31,76,Kolkata,3,2024,Satisfactory
2024-04-01,106,Kolkata,4,2024,Moderate
2024-04-02,105,Kolkata,4,2024,Moderate
2024-04-03,111,Kolkata,4,2024,Moderate
2024-04-04,79,Kolkata,4,2024,Satisfactory
2024-04-05,68,Kolkata,4,2024,Satisfactory
2024-04-06,95,Kolkata,4,2024,Satisfactory
2024-04-07,72,Kolkata,4,2024,Satisfactory
2024-04-08,73,Kolkata,4,2024,Satisfactory
2024-04-09,80,Kolkata,4,2024,Satisfactory
2024-04-10,120,Kolkata,4,2024,Moderate
2024-04-11,148,Kolkata,4,2024,Moderate
2024-04-12,96,Kolkata,4,2024,Satisfactory
2024-04-13,106,Kolkata,4,2024,Moderate
2024-04-14,100,Kolkata,4,2024,Satisfactory
2024-04-15,96,Kolkata,4,2024,Satisfactory
2024-04-16,76,Kolkata,4,2024,Satisfactory
2024-04-17,95,Kolkata,4,2024,Satisfactory
2024-04-18,98,Kolkata,4,2024,Satisfactory
2024-04-19,108,Kolkata,4,2024,Moderate
2024-04-20,92,Kolkata,4,2024,Satisfactory
2024-04-21,96,Kolkata,4,2024,Satisfactory
2024-04-22,97,Kolkata,4,2024,Satisfactory
2024-04-23,96,Kolkata,4,2024,Satisfactory
2024-04-24,93,Kolkata,4,2024,Satisfactory
2024-04-25,119,Kolkata,4,2024,Moderate
2024-04-26,82,Kolkata,4,2024,Satisfactory
2024-04-27,111,Kolkata,4,2024,Moderate
2024-04-28,90,Kolkata,4,2024,Satisfactory
2024-04-29,128,Kolkata,4,2024,Moderate
2024-04-30,110,Kolkata,4,2024,Moderate
2024-05-01,150,Kolkata,5,2024,Moderate
2024-05-02,90,Kolkata,5,2024,Satisfactory
2024-05-03,91,Kolkata,5,2024,Satisfactory
2024-05-04,84,Kolkata,5,2024,Satisfactory
2024-05-05,64,Kolkata,5,2024,Satisfactory
2024-05-06,70,Kolkata,5,2024,Satisfactory
2024-05-07,56,Kolkata,5,2024,Satisfactory
2024-05-08,48,Kolkata,5,2024,Good
2024-05-09,41,Kolkata,5,2024,Good
2024-05-10,50,Kolkata,5,2024,Good
2024-05-11,43,Kolkata,5,2024,Good
2024-05-12,53,Kolkata,5,2024,Satisfactory
2024-05-13,55,Kolkata,5,2024,Satisfactory
2024-05-14,58,Kolkata,5,2024,Satisfactory
2024-05-15,60,Kolkata,5,2024,Satisfactory
2024-05-16,50,Kolkata,5,2024,Good
2024-05-17,49,Kolkata,5,2024,Good
2024-05-18,57,Kolkata,5,2024,Satisfactory
2024-05-19,58,Kolkata,5,2024,Satisfactory
2024-05-20,41,Kolkata,5,2024,Good
2024-05-21,42,Kolkata,5,2024,Good
2024-05-22,35,Kolkata,5,2024,Good
2024-05-23,46,Kolkata,5,2024,Good
2024-05-24,56,Kolkata,5,2024,Satisfactory
2024-05-25,53,Kolkata,5,2024,Satisfactory
2024-05-26,42,Kolkata,5,2024,Good
2024-05-27,26,Kolkata,5,2024,Good
2024-05-28,54,Kolkata,5,2024,Satisfactory
2024-05-29,75,Kolkata,5,2024,Satisfactory
2024-05-30,72,Kolkata,5,2024,Satisfactory
2024-05-31,53,Kolkata,5,2024,Satisfactory
2024-06-01,56,Kolkata,6,2024,Satisfactory
2024-06-02,53,Kolkata,6,2024,Satisfactory
2024-06-03,63,Kolkata,6,2024,Satisfactory
2024-06-04,60,Kolkata,6,2024,Satisfactory
2024-06-05,68,Kolkata,6,2024,Satisfactory
2024-06-06,76,Kolkata,6,2024,Satisfactory
2024-06-07,71,Kolkata,6,2024,Satisfactory
2024-06-08,61,Kolkata,6,2024,Satisfactory
2024-06-09,63,Kolkata,6,2024,Satisfactory
2024-06-10,63,Kolkata,6,2024,Satisfactory
2024-06-11,51,Kolkata,6,2024,Satisfactory
2024-06-12,50,Kolkata,6,2024,Good
2024-06-13,55,Kolkata,6,2024,Satisfactory
2024-06-14,61,Kolkata,6,2024,Satisfactory
2024-06-15,72,Kolkata,6,2024,Satisfactory
2024-06-16,61,Kolkata,6,2024,Satisfactory
2024-06-17,59,Kolkata,6,2024,Satisfactory
2024-06-18,65,Kolkata,6,2024,Satisfactory
2024-06-19,63,Kolkata,6,2024,Satisfactory
2024-06-20,47,Kolkata,6,2024,Good
2024-06-21,42,Kolkata,6,2024,Good
2024-06-22,40,Kolkata,6,2024,Good
2024-06-23,35,Kolkata,6,2024,Good
2024-06-24,38,Kolkata,6,2024,Good
2024-06-25,46,Kolkata,6,2024,Good
2024-06-26,41,Kolkata,6,2024,Good
2024-06-27,32,Kolkata,6,2024,Good
2024-06-28,32,Kolkata,6,2024,Good
2024-06-29,35,Kolkata,6,2024,Good
2024-06-30,42,Kolkata,6,2024,Good
2024-07-01,52,Kolkata,7,2024,Satisfactory
2024-07-02,45,Kolkata,7,2024,Good
2024-07-03,41,Kolkata,7,2024,Good
2024-07-04,44,Kolkata,7,2024,Good
2024-07-05,50,Kolkata,7,2024,Good
2024-07-06,50,Kolkata,7,2024,Good
2024-07-07,39,Kolkata,7,2024,Good
2024-07-08,41,Kolkata,7,2024,Good
2024-07-09,40,Kolkata,7,2024,Good
2024-07-10,43,Kolkata,7,2024,Good
2024-07-11,49,Kolkata,7,2024,Good
2024-07-12,51,Kolkata,7,2024,Satisfactory
2024-07-13,46,Kolkata,7,2024,Good
2024-07-14,50,Kolkata,7,2024,Good
2024-07-15,34,Kolkata,7,2024,Good
2024-07-16,33,Kolkata,7,2024,Good
2024-07-17,37,Kolkata,7,2024,Good
2024-07-18,35,Kolkata,7,2024,Good
2024-07-19,34,Kolkata,7,2024,Good
2024-07-20,33,Kolkata,7,2024,Good
2024-07-21,35,Kolkata,7,2024,Good
2024-07-22,35,Kolkata,7,2024,Good
2024-07-23,33,Kolkata,7,2024,Good
2024-07-24,40,Kolkata,7,2024,Good
2024-07-25,54,Kolkata,7,2024,Satisfactory
2024-07-26,55,Kolkata,7,2024,Satisfactory
2024-07-27,42,Kolkata,7,2024,Good
2024-07-28,42,Kolkata,7,2024,Good
2024-07-29,40,Kolkata,7,2024,Good
2024-07-30,47,Kolkata,7,2024,Good
2024-07-31,52,Kolkata,7,2024,Satisfactory
2024-08-01,54,Kolkata,8,2024,Satisfactory
2024-08-02,42,Kolkata,8,2024,Good
2024-08-03,42,Kolkata,8,2024,Good
2024-08-04,45,Kolkata,8,2024,Good
2024-08-05,47,Kolkata,8,2024,Good
2024-08-06,50,Kolkata,8,2024,Good
2024-08-07,43,Kolkata,8,2024,Good
2024-08-08,40,Kolkata,8,2024,Good
2024-08-09,43,Kolkata,8,2024,Good
2024-08-10,45,Kolkata,8,2024,Good
2024-08-11,53,Kolkata,8,2024,Satisfactory
2024-08-12,59,Kolkata,8,2024,Satisfactory
2024-08-13,49,Kolkata,8,2024,Good
2024-08-14,61,Kolkata,8,2024,Satisfactory
2024-08-15,73,Kolkata,8,2024,Satisfactory
2024-08-16,50,Kolkata,8,2024,Good
2024-08-17,63,Kolkata,8,2024,Satisfactory
2024-08-18,50,Kolkata,8,2024,Good
2024-08-19,45,Kolkata,8,2024,Good
2024-08-20,63,Kolkata,8,2024,Satisfactory
2024-08-21,58,Kolkata,8,2024,Satisfactory
2024-08-22,62,Kolkata,8,2024,Satisfactory
2024-08-23,56,Kolkata,8,2024,Satisfactory
2024-08-24,43,Kolkata,8,2024,Good
2024-08-25,54,Kolkata,8,2024,Satisfactory
2024-08-26,82,Kolkata,8,2024,Satisfactory
2024-08-27,35,Kolkata,8,2024,Good
2024-08-28,37,Kolkata,8,2024,Good
2024-08-29,37,Kolkata,8,2024,Good
2024-08-30,46,Kolkata,8,2024,Good
2024-08-31,35,Kolkata,8,2024,Good
2024-09-01,38,Kolkata,9,2024,Good
2024-09-02,38,Kolkata,9,2024,Good
2024-09-03,45,Kolkata,9,2024,Good
2024-09-04,49,Kolkata,9,2024,Good
2024-09-05,50,Kolkata,9,2024,Good
2024-09-06,47,Kolkata,9,2024,Good
2024-09-07,57,Kolkata,9,2024,Satisfactory
2024-09-08,66,Kolkata,9,2024,Satisfactory
2024-09-09,40,Kolkata,9,2024,Good
2024-09-10,43,Kolkata,9,2024,Good
2024-09-11,48,Kolkata,9,2024,Good
2024-09-12,66,Kolkata,9,2024,Satisfactory
2024-09-13,82,Kolkata,9,2024,Satisfactory
2024-09-14,52,Kolkata,9,2024,Satisfactory
2024-09-15,46,Kolkata,9,2024,Good
2024-09-16,47,Kolkata,9,2024,Good
2024-09-17,56,Kolkata,9,2024,Satisfactory
2024-09-18,52,Kolkata,9,2024,Satisfactory
2024-09-19,87,Kolkata,9,2024,Satisfactory
2024-09-20,106,Kolkata,9,2024,Moderate
2024-09-21,88,Kolkata,9,2024,Satisfactory
2024-09-22,68,Kolkata,9,2024,Satisfactory
2024-09-23,95,Kolkata,9,2024,Satisfactory
2024-09-24,46,Kolkata,9,2024,Good
2024-09-25,37,Kolkata,9,2024,Good
2024-09-26,36,Kolkata,9,2024,Good
2024-09-27,34,Kolkata,9,2024,Good
2024-09-28,42,Kolkata,9,2024,Good
2024-09-29,44,Kolkata,9,2024,Good
2024-09-30,58,Kolkata,9,2024,Satisfactory
2024-10-01,85,Kolkata,10,2024,Satisfactory
2024-10-02,87,Kolkata,10,2024,Satisfactory
2024-10-03,100,Kolkata,10,2024,Satisfactory
2024-10-04,73,Kolkata,10,2024,Satisfactory
2024-10-05,69,Kolkata,10,2024,Satisfactory
2024-10-06,68,Kolkata,10,2024,Satisfactory
2024-10-07,54,Kolkata,10,2024,Satisfactory
2024-10-08,47,Kolkata,10,2024,Good
2024-10-09,50,Kolkata,10,2024,Good
2024-10-10,42,Kolkata,10,2024,Good
2024-10-11,48,Kolkata,10,2024,Good
2024-10-12,45,Kolkata,10,2024,Good
2024-10-13,59,Kolkata,10,2024,Satisfactory
2024-10-14,134,Kolkata,10,2024,Moderate
2024-10-15,177,Kolkata,10,2024,Moderate
2024-10-16,142,Kolkata,10,2024,Moderate
2024-10-17,83,Kolkata,10,2024,Satisfactory
2024-10-18,66,Kolkata,10,2024,Satisfactory
2024-10-19,53,Kolkata,10,2024,Satisfactory
2024-10-20,87,Kolkata,10,2024,Satisfactory
2024-10-21,120,Kolkata,10,2024,Moderate
2024-10-22,100,Kolkata,10,2024,Satisfactory
2024-10-23,89,Kolkata,10,2024,Satisfactory
2024-10-24,43,Kolkata,10,2024,Good
2024-10-25,44,Kolkata,10,2024,Good
2024-10-26,55,Kolkata,10,2024,Satisfactory
2024-10-27,71,Kolkata,10,2024,Satisfactory
2024-10-28,69,Kolkata,10,2024,Satisfactory
2024-10-29,78,Kolkata,10,2024,Satisfactory
2024-10-30,70,Kolkata,10,2024,Satisfactory
2024-10-31,57,Kolkata,10,2024,Satisfactory
2024-11-01,155,Kolkata,11,2024,Moderate
2024-11-02,242,Kolkata,11,2024,Poor
2024-11-03,178,Kolkata,11,2024,Moderate
2024-11-04,159,Kolkata,11,2024,Moderate
2024-11-05,150,Kolkata,11,2024,Moderate
2024-11-06,110,Kolkata,11,2024,Moderate
2024-11-07,102,Kolkata,11,2024,Moderate
2024-11-08,102,Kolkata,11,2024,Moderate
2024-11-09,96,Kolkata,11,2024,Satisfactory
2024-11-10,87,Kolkata,11,2024,Satisfactory
2024-11-11,90,Kolkata,11,2024,Satisfactory
2024-11-12,100,Kolkata,11,2024,Satisfactory
2024-11-13,103,Kolkata,11,2024,Moderate
2024-11-14,204,Kolkata,11,2024,Poor
2024-11-15,222,Kolkata,11,2024,Poor
2024-11-16,172,Kolkata,11,2024,Moderate
2024-11-17,202,Kolkata,11,2024,Poor
2024-11-18,178,Kolkata,11,2024,Moderate
2024-11-19,178,Kolkata,11,2024,Moderate
2024-11-20,173,Kolkata,11,2024,Moderate
2024-11-21,151,Kolkata,11,2024,Moderate
2024-11-22,164,Kolkata,11,2024,Moderate
2024-11-23,213,Kolkata,11,2024,Poor
2024-11-24,220,Kolkata,11,2024,Poor
2024-11-25,208,Kolkata,11,2024,Poor
2024-11-26,262,Kolkata,11,2024,Poor
2024-11-27,224,Kolkata,11,2024,Poor
2024-11-28,124,Kolkata,11,2024,Moderate
2024-11-29,93,Kolkata,11,2024,Satisfactory
2024-11-30,104,Kolkata,11,2024,Moderate
2024-12-01,85,Kolkata,12,2024,Satisfactory
2024-12-02,104,Kolkata,12,2024,Moderate
2024-12-03,191,Kolkata,12,2024,Moderate
2024-12-04,201,Kolkata,12,2024,Poor
2024-12-05,260,Kolkata,12,2024,Poor
2024-12-06,159,Kolkata,12,2024,Moderate
2024-12-07,129,Kolkata,12,2024,Moderate
2024-12-08,142,Kolkata,12,2024,Moderate
2024-12-09,167,Kolkata,12,2024,Moderate
2024-12-10,169,Kolkata,12,2024,Moderate
2024-12-11,161,Kolkata,12,2024,Moderate
2024-12-12,175,Kolkata,12,2024,Moderate
2024-12-13,165,Kolkata,12,2024,Moderate
2024-12-14,185,Kolkata,12,2024,Moderate
2024-12-15,157,Kolkata,12,2024,Moderate
2024-12-16,190,Kolkata,12,2024,Moderate
2024-12-17,207,Kolkata,12,2024,Poor
2024-12-18,191,Kolkata,12,2024,Moderate
2024-12-19,153,Kolkata,12,2024,Moderate
2024-12-20,174,Kolkata,12,2024,Moderate
2024-12-21,136,Kolkata,12,2024,Moderate
2024-12-22,81,Kolkata,12,2024,Satisfactory
2024-12-23,120,Kolkata,12,2024,Moderate
2024-12-24,126,Kolkata,12,2024,Moderate
2024-12-25,138,Kolkata,12,2024,Moderate
2024-12-26,150,Kolkata,12,2024,Moderate
2024-12-27,144,Kolkata,12,2024,Moderate
2024-12-28,178,Kolkata,12,2024,Moderate
2024-12-29,196,Kolkata,12,2024,Moderate
2024-12-30,159,Kolkata,12,2024,Moderate
2024-12-31,124,Kolkata,12,2024,Moderate
2025-01-01,120,Kolkata,1,2025,Moderate
2025-01-02,141,Kolkata,1,2025,Moderate
2025-01-03,181,Kolkata,1,2025,Moderate
2025-01-04,231,Kolkata,1,2025,Poor
2025-01-05,201,Kolkata,1,2025,Poor
2025-01-06,179,Kolkata,1,2025,Moderate
2025-01-07,179,Kolkata,1,2025,Moderate
2025-01-08,162,Kolkata,1,2025,Moderate
2025-01-09,110,Kolkata,1,2025,Moderate
2025-01-10,188,Kolkata,1,2025,Moderate
2025-01-11,223,Kolkata,1,2025,Poor
2025-01-12,241,Kolkata,1,2025,Poor
2025-01-13,220,Kolkata,1,2025,Poor
2025-01-14,232,Kolkata,1,2025,Poor
2025-01-15,192,Kolkata,1,2025,Moderate
2025-01-16,147,Kolkata,1,2025,Moderate
2025-01-17,153,Kolkata,1,2025,Moderate
2025-01-18,153,Kolkata,1,2025,Moderate
2025-01-19,160,Kolkata,1,2025,Moderate
2025-01-20,147,Kolkata,1,2025,Moderate
2025-01-21,175,Kolkata,1,2025,Moderate
2025-01-22,169,Kolkata,1,2025,Moderate
2025-01-23,205,Kolkata,1,2025,Poor
2025-01-24,181,Kolkata,1,2025,Moderate
2025-01-25,188,Kolkata,1,2025,Moderate
2025-01-26,162,Kolkata,1,2025,Moderate
2025-01-27,167,Kolkata,1,2025,Moderate
2025-01-28,189,Kolkata,1,2025,Moderate
2025-01-29,123,Kolkata,1,2025,Moderate
2025-01-30,106,Kolkata,1,2025,Moderate
2025-01-31,96,Kolkata,1,2025,Satisfactory
2025-02-01,84,Kolkata,2,2025,Satisfactory
2025-02-02,118,Kolkata,2,2025,Moderate
2025-02-03,180,Kolkata,2,2025,Moderate
2025-02-04,132,Kolkata,2,2025,Moderate
2025-02-05,159,Kolkata,2,2025,Moderate
2025-02-06,124,Kolkata,2,2025,Moderate
2025-02-07,124,Kolkata,2,2025,Moderate
2025-02-08,141,Kolkata,2,2025,Moderate
2025-02-09,139,Kolkata,2,2025,Moderate
2025-02-10,158,Kolkata,2,2025,Moderate
2025-02-11,98,Kolkata,2,2025,Satisfactory
2025-02-12,97,Kolkata,2,2025,Satisfactory
2025-02-13,100,Kolkata,2,2025,Satisfactory
2025-02-14,144,Kolkata,2,2025,Moderate
2025-02-15,152,Kolkata,2,2025,Moderate
2025-02-16,122,Kolkata,2,2025,Moderate
2025-02-17,88,Kolkata,2,2025,Satisfactory
2025-02-18,68,Kolkata,2,2025,Satisfactory
2025-02-19,90,Kolkata,2,2025,Satisfactory
2025-02-20,75,Kolkata,2,2025,Satisfactory
2025-02-21,69,Kolkata,2,2025,Satisfactory
2025-02-22,85,Kolkata,2,2025,Satisfactory
2025-02-23,90,Kolkata,2,2025,Satisfactory
2025-02-24,106,Kolkata,2,2025,Moderate
2025-02-25,121,Kolkata,2,2025,Moderate
2025-02-26,129,Kolkata,2,2025,Moderate
2025-02-27,161,Kolkata,2,2025,Moderate
2025-02-28,129,Kolkata,2,2025,Moderate
2025-03-01,106,Kolkata,3,2025,Moderate
2025-03-02,87,Kolkata,3,2025,Satisfactory
2025-03-03,99,Kolkata,3,2025,Satisfactory
2025-03-04,96,Kolkata,3,2025,Satisfactory
2025-03-05,112,Kolkata,3,2025,Moderate
2025-03-06,116,Kolkata,3,2025,Moderate
2025-03-07,120,Kolkata,3,2025,Moderate
2025-03-08,126,Kolkata,3,2025,Moderate
2025-03-09,90,Kolkata,3,2025,Satisfactory
2025-03-10,99,Kolkata,3,2025,Satisfactory
2025-03-11,93,Kolkata,3,2025,Satisfactory
2025-03-12,91,Kolkata,3,2025,Satisfactory
2025-03-13,84,Kolkata,3,2025,Satisfactory
2025-03-14,81,Kolkata,3,2025,Satisfactory
2025-03-15,73,Kolkata,3,2025,Satisfactory
2025-03-16,65,Kolkata,3,2025,Satisfactory
2025-03-17,71,Kolkata,3,2025,Satisfactory
2025-03-18,76,Kolkata,3,2025,Satisfactory
2025-03-19,118,Kolkata,3,2025,Moderate
2025-03-20,67,Kolkata,3,2025,Satisfactory
2025-03-21,92,Kolkata,3,2025,Satisfactory
2025-03-22,51,Kolkata,3,2025,Satisfactory
2025-03-23,75,Kolkata,3,2025,Satisfactory
2025-03-24,114,Kolkata,3,2025,Moderate
2025-03-25,135,Kolkata,3,2025,Moderate
2025-03-26,91,Kolkata,3,2025,Satisfactory
2025-03-27,76,Kolkata,3,2025,Satisfactory
2025-03-28,103,Kolkata,3,2025,Moderate
2025-03-29,128,Kolkata,3,2025,Moderate
2025-03-30,109,Kolkata,3,2025,Moderate
2025-03-31,78,Kolkata,3,2025,Satisfactory
2019-01-01,194,Mumbai,1,2019,Moderate
2019-01-02,180,Mumbai,1,2019,Moderate
2019-01-03,267,Mumbai,1,2019,Poor
2019-01-04,223,Mumbai,1,2019,Poor
2019-01-05,178,Mumbai,1,2019,Moderate
2019-01-06,192,Mumbai,1,2019,Moderate
2019-01-07,146,Mumbai,1,2019,Moderate
2019-01-08,161,Mumbai,1,2019,Moderate
2019-01-09,154,Mumbai,1,2019,Moderate
2019-01-10,219,Mumbai,1,2019,Poor
2019-01-11,212,Mumbai,1,2019,Poor
2019-01-12,200,Mumbai,1,2019,Moderate
2019-01-13,206,Mumbai,1,2019,Poor
2019-01-14,163,Mumbai,1,2019,Moderate
2019-01-15,163,Mumbai,1,2019,Moderate
2019-01-16,163,Mumbai,1,2019,Moderate
2019-01-17,193,Mumbai,1,2019,Moderate
2019-01-18,207,Mumbai,1,2019,Poor
2019-01-19,202,Mumbai,1,2019,Poor
2019-01-20,251,Mumbai,1,2019,Poor
2019-01-21,137,Mumbai,1,2019,Moderate
2019-01-22,108,Mumbai,1,2019,Moderate
2019-01-23,93,Mumbai,1,2019,Satisfactory
2019-01-24,134,Mumbai,1,2019,Moderate
2019-01-25,123,Mumbai,1,2019,Moderate
2019-01-26,115,Mumbai,1,2019,Moderate
2019-01-27,110,Mumbai,1,2019,Moderate
2019-01-28,110,Mumbai,1,2019,Moderate
2019-01-29,118,Mumbai,1,2019,Moderate
2019-01-30,156,Mumbai,1,2019,Moderate
2019-01-31,153,Mumbai,1,2019,Moderate
2019-02-01,153,Mumbai,2,2019,Moderate
2019-02-02,158,Mumbai,2,2019,Moderate
2019-02-03,204,Mumbai,2,2019,Poor
2019-02-04,197,Mumbai,2,2019,Moderate
2019-02-05,159,Mumbai,2,2019,Moderate
2019-02-06,153,Mumbai,2,2019,Moderate
2019-02-07,90,Mumbai,2,2019,Satisfactory
2019-02-08,162,Mumbai,2,2019,Moderate
2019-02-09,159,Mumbai,2,2019,Moderate
2019-02-10,187,Mumbai,2,2019,Moderate
2019-02-11,225,Mumbai,2,2019,Poor
2019-02-12,219,Mumbai,2,2019,Poor
2019-02-13,175,Mumbai,2,2019,Moderate
2019-02-14,97,Mumbai,2,2019,Satisfactory
2019-02-15,108,Mumbai,2,2019,Moderate
2019-02-16,124,Mumbai,2,2019,Moderate
2019-02-17,173,Mumbai,2,2019,Moderate
2019-02-18,133,Mumbai,2,2019,Moderate
2019-02-19,166,Mumbai,2,2019,Moderate
2019-02-20,156,Mumbai,2,2019,Moderate
2019-02-21,90,Mumbai,2,2019,Satisfactory
2019-02-22,83,Mumbai,2,2019,Satisfactory
2019-02-23,173,Mumbai,2,2019,Moderate
2019-02-24,124,Mumbai,2,2019,Moderate
2019-02-25,103,Mumbai,2,2019,Moderate
2019-02-26,115,Mumbai,2,2019,Moderate
2019-02-27,104,Mumbai,2,2019,Moderate
2019-03-02,207,Mumbai,3,2019,Poor
2019-03-03,84,Mumbai,3,2019,Satisfactory
2019-03-04,83,Mumbai,3,2019,Satisfactory
2019-03-05,113,Mumbai,3,2019,Moderate
2019-03-06,101,Mumbai,3,2019,Moderate
2019-03-07,96,Mumbai,3,2019,Satisfactory
2019-03-08,102,Mumbai,3,2019,Moderate
2019-03-09,189,Mumbai,3,2019,Moderate
2019-03-10,144,Mumbai,3,2019,Moderate
2019-03-11,120,Mumbai,3,2019,Moderate
2019-03-12,92,Mumbai,3,2019,Satisfactory
2019-03-13,151,Mumbai,3,2019,Moderate
2019-03-14,95,Mumbai,3,2019,Satisfactory
2019-03-15,162,Mumbai,3,2019,Moderate
2019-03-16,174,Mumbai,3,2019,Moderate
2019-03-17,126,Mumbai,3,2019,Moderate
2019-03-18,125,Mumbai,3,2019,Moderate
2019-03-19,137,Mumbai,3,2019,Moderate
2019-03-20,89,Mumbai,3,2019,Satisfactory
2019-03-21,82,Mumbai,3,2019,Satisfactory
2019-03-22,74,Mumbai,3,2019,Satisfactory
2019-03-23,87,Mumbai,3,2019,Satisfactory
2019-03-24,168,Mumbai,3,2019,Moderate
2019-03-25,165,Mumbai,3,2019,Moderate
2019-03-26,138,Mumbai,3,2019,Moderate
2019-03-27,122,Mumbai,3,2019,Moderate
2019-03-28,105,Mumbai,3,2019,Moderate
2019-03-29,91,Mumbai,3,2019,Satisfactory
2019-03-30,99,Mumbai,3,2019,Satisfactory
2019-03-31,80,Mumbai,3,2019,Satisfactory
2019-04-01,90,Mumbai,4,2019,Satisfactory
2019-04-03,99,Mumbai,4,2019,Satisfactory
2019-04-04,88,Mumbai,4,2019,Satisfactory
2019-04-05,91,Mumbai,4,2019,Satisfactory
2019-04-06,91,Mumbai,4,2019,Satisfactory
2019-04-07,93,Mumbai,4,2019,Satisfactory
2019-04-08,93,Mumbai,4,2019,Satisfactory
2019-04-09,90,Mumbai,4,2019,Satisfactory
2019-04-10,93,Mumbai,4,2019,Satisfactory
2019-04-11,89,Mumbai,4,2019,Satisfactory
2019-04-12,93,Mumbai,4,2019,Satisfactory
2019-04-13,100,Mumbai,4,2019,Satisfactory
2019-04-14,95,Mumbai,4,2019,Satisfactory
2019-04-15,92,Mumbai,4,2019,Satisfactory
2019-04-16,95,Mumbai,4,2019,Satisfactory
2019-04-17,85,Mumbai,4,2019,Satisfactory
2019-04-18,94,Mumbai,4,2019,Satisfactory
2019-04-19,94,Mumbai,4,2019,Satisfactory
2019-04-20,97,Mumbai,4,2019,Satisfactory
2019-04-21,95,Mumbai,4,2019,Satisfactory
2019-04-22,97,Mumbai,4,2019,Satisfactory
2019-04-23,98,Mumbai,4,2019,Satisfactory
2019-04-24,90,Mumbai,4,2019,Satisfactory
2019-04-25,88,Mumbai,4,2019,Satisfactory
2019-04-26,92,Mumbai,4,2019,Satisfactory
2019-04-27,96,Mumbai,4,2019,Satisfactory
2019-04-28,99,Mumbai,4,2019,Satisfactory
2019-04-29,93,Mumbai,4,2019,Satisfactory
2019-04-30,93,Mumbai,4,2019,Satisfactory
2019-05-01,88,Mumbai,5,2019,Satisfactory
2019-05-02,109,Mumbai,5,2019,Moderate
2019-05-03,90,Mumbai,5,2019,Satisfactory
2019-05-04,89,Mumbai,5,2019,Satisfactory
2019-05-05,88,Mumbai,5,2019,Satisfactory
2019-05-06,93,Mumbai,5,2019,Satisfactory
2019-05-07,94,Mumbai,5,2019,Satisfactory
2019-05-08,88,Mumbai,5,2019,Satisfactory
2019-05-09,89,Mumbai,5,2019,Satisfactory
2019-05-10,87,Mumbai,5,2019,Satisfactory
2019-05-11,92,Mumbai,5,2019,Satisfactory
2019-05-12,93,Mumbai,5,2019,Satisfactory
2019-05-13,90,Mumbai,5,2019,Satisfactory
2019-05-14,91,Mumbai,5,2019,Satisfactory
2019-05-15,82,Mumbai,5,2019,Satisfactory
2019-05-16,77,Mumbai,5,2019,Satisfactory
2019-05-17,78,Mumbai,5,2019,Satisfactory
2019-05-18,80,Mumbai,5,2019,Satisfactory
2019-05-19,79,Mumbai,5,2019,Satisfactory
2019-05-20,83,Mumbai,5,2019,Satisfactory
2019-05-21,90,Mumbai,5,2019,Satisfactory
2019-05-22,87,Mumbai,5,2019,Satisfactory
2019-05-23,90,Mumbai,5,2019,Satisfactory
2019-05-24,89,Mumbai,5,2019,Satisfactory
2019-05-25,71,Mumbai,5,2019,Satisfactory
2019-05-26,68,Mumbai,5,2019,Satisfactory
2019-05-27,86,Mumbai,5,2019,Satisfactory
2019-05-28,88,Mumbai,5,2019,Satisfactory
2019-05-29,90,Mumbai,5,2019,Satisfactory
2019-05-30,69,Mumbai,5,2019,Satisfactory
2019-05-31,71,Mumbai,5,2019,Satisfactory
2019-06-01,79,Mumbai,6,2019,Satisfactory
2019-06-02,79,Mumbai,6,2019,Satisfactory
2019-06-03,78,Mumbai,6,2019,Satisfactory
2019-06-04,58,Mumbai,6,2019,Satisfactory
2019-06-05,59,Mumbai,6,2019,Satisfactory
2019-06-06,60,Mumbai,6,2019,Satisfactory
2019-06-07,70,Mumbai,6,2019,Satisfactory
2019-06-08,72,Mumbai,6,2019,Satisfactory
2019-06-09,87,Mumbai,6,2019,Satisfactory
2019-06-10,81,Mumbai,6,2019,Satisfactory
2019-06-11,62,Mumbai,6,2019,Satisfactory
2019-06-12,61,Mumbai,6,2019,Satisfactory
2019-06-13,52,Mumbai,6,2019,Satisfactory
2019-06-14,70,Mumbai,6,2019,Satisfactory
2019-06-15,51,Mumbai,6,2019,Satisfactory
2019-06-16,56,Mumbai,6,2019,Satisfactory
2019-06-17,59,Mumbai,6,2019,Satisfactory
2019-06-18,65,Mumbai,6,2019,Satisfactory
2019-06-19,51,Mumbai,6,2019,Satisfactory
2019-06-20,84,Mumbai,6,2019,Satisfactory
2019-06-21,79,Mumbai,6,2019,Satisfactory
2019-06-22,88,Mumbai,6,2019,Satisfactory
2019-06-23,88,Mumbai,6,2019,Satisfactory
2019-06-24,90,Mumbai,6,2019,Satisfactory
2019-06-25,60,Mumbai,6,2019,Satisfactory
2019-06-26,59,Mumbai,6,2019,Satisfactory
2019-06-27,44,Mumbai,6,2019,Good
2019-06-28,42,Mumbai,6,2019,Good
2019-06-29,44,Mumbai,6,2019,Good
2019-06-30,48,Mumbai,6,2019,Good
2019-07-01,42,Mumbai,7,2019,Good
2019-07-02,46,Mumbai,7,2019,Good
2019-07-03,41,Mumbai,7,2019,Good
2019-07-04,46,Mumbai,7,2019,Good
2019-07-05,55,Mumbai,7,2019,Satisfactory
2019-07-06,52,Mumbai,7,2019,Satisfactory
2019-07-07,63,Mumbai,7,2019,Satisfactory
2019-07-08,51,Mumbai,7,2019,Satisfactory
2019-07-09,53,Mumbai,7,2019,Satisfactory
2019-07-10,42,Mumbai,7,2019,Good
2019-07-11,52,Mumbai,7,2019,Satisfactory
2019-07-12,53,Mumbai,7,2019,Satisfactory
2019-07-13,55,Mumbai,7,2019,Satisfactory
2019-07-14,50,Mumbai,7,2019,Good
2019-07-15,58,Mumbai,7,2019,Satisfactory
2019-07-16,58,Mumbai,7,2019,Satisfactory
2019-07-17,63,Mumbai,7,2019,Satisfactory
2019-07-18,67,Mumbai,7,2019,Satisfactory
2019-07-19,77,Mumbai,7,2019,Satisfactory
2019-07-20,74,Mumbai,7,2019,Satisfactory
2019-07-21,57,Mumbai,7,2019,Satisfactory
2019-07-22,44,Mumbai,7,2019,Good
2019-07-23,40,Mumbai,7,2019,Good
2019-07-24,34,Mumbai,7,2019,Good
2019-07-25,38,Mumbai,7,2019,Good
2019-07-26,46,Mumbai,7,2019,Good
2019-07-27,50,Mumbai,7,2019,Good
2019-07-28,56,Mumbai,7,2019,Satisfactory
2019-07-29,67,Mumbai,7,2019,Satisfactory
2019-07-30,44,Mumbai,7,2019,Good
2019-07-31,43,Mumbai,7,2019,Good
2019-08-01,46,Mumbai,8,2019,Good
2019-08-02,44,Mumbai,8,2019,Good
2019-08-03,37,Mumbai,8,2019,Good
2019-08-04,41,Mumbai,8,2019,Good
2019-08-05,44,Mumbai,8,2019,Good
2019-08-06,51,Mumbai,8,2019,Satisfactory
2019-08-07,54,Mumbai,8,2019,Satisfactory
2019-08-08,69,Mumbai,8,2019,Satisfactory
2019-08-09,72,Mumbai,8,2019,Satisfactory
2019-08-10,68,Mumbai,8,2019,Satisfactory
2019-08-11,70,Mumbai,8,2019,Satisfactory
2019-08-12,65,Mumbai,8,2019,Satisfactory
2019-08-13,56,Mumbai,8,2019,Satisfactory
2019-08-14,62,Mumbai,8,2019,Satisfactory
2019-08-15,61,Mumbai,8,2019,Satisfactory
2019-08-16,52,Mumbai,8,2019,Satisfactory
2019-08-17,69,Mumbai,8,2019,Satisfactory
2019-08-18,60,Mumbai,8,2019,Satisfactory
2019-08-19,61,Mumbai,8,2019,Satisfactory
2019-08-20,67,Mumbai,8,2019,Satisfactory
2019-08-21,60,Mumbai,8,2019,Satisfactory
2019-08-22,57,Mumbai,8,2019,Satisfactory
2019-08-23,59,Mumbai,8,2019,Satisfactory
2019-08-24,59,Mumbai,8,2019,Satisfactory
2019-08-25,56,Mumbai,8,2019,Satisfactory
2019-08-26,69,Mumbai,8,2019,Satisfactory
2019-08-27,61,Mumbai,8,2019,Satisfactory
2019-08-28,45,Mumbai,8,2019,Good
2019-08-29,50,Mumbai,8,2019,Good
2019-08-30,49,Mumbai,8,2019,Good
2019-08-31,50,Mumbai,8,2019,Good
2019-09-01,43,Mumbai,9,2019,Good
2019-09-02,54,Mumbai,9,2019,Satisfactory
2019-09-03,39,Mumbai,9,2019,Good
2019-09-04,36,Mumbai,9,2019,Good
2019-09-05,36,Mumbai,9,2019,Good
2019-09-06,37,Mumbai,9,2019,Good
2019-09-07,41,Mumbai,9,2019,Good
2019-09-08,39,Mumbai,9,2019,Good
2019-09-09,45,Mumbai,9,2019,Good
2019-09-10,46,Mumbai,9,2019,Good
2019-09-11,50,Mumbai,9,2019,Good
2019-09-12,47,Mumbai,9,2019,Good
2019-09-13,39,Mumbai,9,2019,Good
2019-09-14,49,Mumbai,9,2019,Good
2019-09-15,46,Mumbai,9,2019,Good
2019-09-16,44,Mumbai,9,2019,Good
2019-09-17,44,Mumbai,9,2019,Good
2019-09-18,50,Mumbai,9,2019,Good
2019-09-19,66,Mumbai,9,2019,Satisfactory
2019-09-20,66,Mumbai,9,2019,Satisfactory
2019-09-21,40,Mumbai,9,2019,Good
2019-09-22,45,Mumbai,9,2019,Good
2019-09-23,58,Mumbai,9,2019,Satisfactory
2019-09-24,60,Mumbai,9,2019,Satisfactory
2019-09-25,44,Mumbai,9,2019,Good
2019-09-26,54,Mumbai,9,2019,Satisfactory
2019-09-27,32,Mumbai,9,2019,Good
2019-09-28,29,Mumbai,9,2019,Good
2019-09-29,33,Mumbai,9,2019,Good
2019-09-30,28,Mumbai,9,2019,Good
2019-10-01,37,Mumbai,10,2019,Good
2019-10-02,60,Mumbai,10,2019,Satisfactory
2019-10-03,55,Mumbai,10,2019,Satisfactory
2019-10-04,62,Mumbai,10,2019,Satisfactory
2019-10-05,82,Mumbai,10,2019,Satisfactory
2019-10-06,102,Mumbai,10,2019,Moderate
2019-10-07,91,Mumbai,10,2019,Satisfactory
2019-10-08,124,Mumbai,10,2019,Moderate
2019-10-09,64,Mumbai,10,2019,Satisfactory
2019-10-10,88,Mumbai,10,2019,Satisfactory
2019-10-11,106,Mumbai,10,2019,Moderate
2019-10-12,116,Mumbai,10,2019,Moderate
2019-10-13,109,Mumbai,10,2019,Moderate
2019-10-14,116,Mumbai,10,2019,Moderate
2019-10-15,106,Mumbai,10,2019,Moderate
2019-10-16,106,Mumbai,10,2019,Moderate
2019-10-17,146,Mumbai,10,2019,Moderate
2019-10-18,142,Mumbai,10,2019,Moderate
2019-10-19,69,Mumbai,10,2019,Satisfactory
2019-10-20,46,Mumbai,10,2019,Good
2019-10-21,50,Mumbai,10,2019,Good
2019-10-22,56,Mumbai,10,2019,Satisfactory
2019-10-23,50,Mumbai,10,2019,Good
2019-10-24,71,Mumbai,10,2019,Satisfactory
2019-10-25,62,Mumbai,10,2019,Satisfactory
2019-10-26,56,Mumbai,10,2019,Satisfactory
2019-10-27,92,Mumbai,10,2019,Satisfactory
2019-10-28,104,Mumbai,10,2019,Moderate
2019-10-29,112,Mumbai,10,2019,Moderate
2019-10-30,89,Mumbai,10,2019,Satisfactory
2019-10-31,76,Mumbai,10,2019,Satisfactory
2019-11-01,65,Mumbai,11,2019,Satisfactory
2019-11-02,43,Mumbai,11,2019,Good
2019-11-03,69,Mumbai,11,2019,Satisfactory
2019-11-04,71,Mumbai,11,2019,Satisfactory
2019-11-05,71,Mumbai,11,2019,Satisfactory
2019-11-06,109,Mumbai,11,2019,Moderate
2019-11-07,71,Mumbai,11,2019,Satisfactory
2019-11-08,46,Mumbai,11,2019,Good
2019-11-09,75,Mumbai,11,2019,Satisfactory
2019-11-10,92,Mumbai,11,2019,Satisfactory
2019-11-11,109,Mumbai,11,2019,Moderate
2019-11-12,138,Mumbai,11,2019,Moderate
2019-11-13,132,Mumbai,11,2019,Moderate
2019-11-14,115,Mumbai,11,2019,Moderate
2019-11-15,139,Mumbai,11,2019,Moderate
2019-11-16,151,Mumbai,11,2019,Moderate
2019-11-17,145,Mumbai,11,2019,Moderate
2019-11-18,135,Mumbai,11,2019,Moderate
2019-11-19,192,Mumbai,11,2019,Moderate
2019-11-20,207,Mumbai,11,2019,Poor
2019-11-21,202,Mumbai,11,2019,Poor
2019-11-22,205,Mumbai,11,2019,Poor
2019-11-23,180,Mumbai,11,2019,Moderate
2019-11-24,172,Mumbai,11,2019,Moderate
2019-11-25,205,Mumbai,11,2019,Poor
2019-11-26,184,Mumbai,11,2019,Moderate
2019-11-27,171,Mumbai,11,2019,Moderate
2019-11-28,153,Mumbai,11,2019,Moderate
2019-11-29,163,Mumbai,11,2019,Moderate
2019-11-30,190,Mumbai,11,2019,Moderate
2019-12-01,211,Mumbai,12,2019,Poor
2019-12-02,151,Mumbai,12,2019,Moderate
2019-12-03,104,Mumbai,12,2019,Moderate
2019-12-04,92,Mumbai,12,2019,Satisfactory
2019-12-05,112,Mumbai,12,2019,Moderate
2019-12-06,199,Mumbai,12,2019,Moderate
2019-12-07,145,Mumbai,12,2019,Moderate
2019-12-08,174,Mumbai,12,2019,Moderate
2019-12-09,206,Mumbai,12,2019,Poor
2019-12-10,174,Mumbai,12,2019,Moderate
2019-12-11,206,Mumbai,12,2019,Poor
2019-12-12,215,Mumbai,12,2019,Poor
2019-12-13,185,Mumbai,12,2019,Moderate
2019-12-14,99,Mumbai,12,2019,Satisfactory
2019-12-15,133,Mumbai,12,2019,Moderate
2019-12-16,191,Mumbai,12,2019,Moderate
2019-12-17,175,Mumbai,12,2019,Moderate
2019-12-18,161,Mumbai,12,2019,Moderate
2019-12-19,166,Mumbai,12,2019,Moderate
2019-12-20,197,Mumbai,12,2019,Moderate
2019-12-21,203,Mumbai,12,2019,Poor
2019-12-22,213,Mumbai,12,2019,Poor
2019-12-23,212,Mumbai,12,2019,Poor
2019-12-24,245,Mumbai,12,2019,Poor
2019-12-25,280,Mumbai,12,2019,Poor
2019-12-26,244,Mumbai,12,2019,Poor
2019-12-27,183,Mumbai,12,2019,Moderate
2019-12-28,162,Mumbai,12,2019,Moderate
2019-12-29,153,Mumbai,12,2019,Moderate
2019-12-30,197,Mumbai,12,2019,Moderate
2019-12-31,147,Mumbai,12,2019,Moderate
2020-01-01,198,Mumbai,1,2020,Moderate
2020-01-02,243,Mumbai,1,2020,Poor
2020-01-03,201,Mumbai,1,2020,Poor
2020-01-04,221,Mumbai,1,2020,Poor
2020-01-05,211,Mumbai,1,2020,Poor
2020-01-06,137,Mumbai,1,2020,Moderate
2020-01-07,189,Mumbai,1,2020,Moderate
2020-01-08,152,Mumbai,1,2020,Moderate
2020-01-09,124,Mumbai,1,2020,Moderate
2020-01-10,125,Mumbai,1,2020,Moderate
2020-01-11,155,Mumbai,1,2020,Moderate
2020-01-12,217,Mumbai,1,2020,Poor
2020-01-13,163,Mumbai,1,2020,Moderate
2020-01-14,84,Mumbai,1,2020,Satisfactory
2020-01-15,96,Mumbai,1,2020,Satisfactory
2020-01-16,81,Mumbai,1,2020,Satisfactory
2020-01-17,88,Mumbai,1,2020,Satisfactory
2020-01-18,188,Mumbai,1,2020,Moderate
2020-01-19,210,Mumbai,1,2020,Poor
2020-01-20,193,Mumbai,1,2020,Moderate
2020-01-21,229,Mumbai,1,2020,Poor
2020-01-22,174,Mumbai,1,2020,Moderate
2020-01-23,195,Mumbai,1,2020,Moderate
2020-01-24,171,Mumbai,1,2020,Moderate
2020-01-25,188,Mumbai,1,2020,Moderate
2020-01-26,250,Mumbai,1,2020,Poor
2020-01-27,148,Mumbai,1,2020,Moderate
2020-01-28,82,Mumbai,1,2020,Satisfactory
2020-01-29,82,Mumbai,1,2020,Satisfactory
2020-01-30,127,Mumbai,1,2020,Moderate
2020-01-31,146,Mumbai,1,2020,Moderate
2020-02-01,164,Mumbai,2,2020,Moderate
2020-02-02,179,Mumbai,2,2020,Moderate
2020-02-03,188,Mumbai,2,2020,Moderate
2020-02-04,176,Mumbai,2,2020,Moderate
2020-02-05,137,Mumbai,2,2020,Moderate
2020-02-06,123,Mumbai,2,2020,Moderate
2020-02-07,126,Mumbai,2,2020,Moderate
2020-02-08,135,Mumbai,2,2020,Moderate
2020-02-09,138,Mumbai,2,2020,Moderate
2020-02-10,134,Mumbai,2,2020,Moderate
2020-02-11,139,Mumbai,2,2020,Moderate
2020-02-12,133,Mumbai,2,2020,Moderate
2020-02-13,155,Mumbai,2,2020,Moderate
2020-02-14,136,Mumbai,2,2020,Moderate
2020-02-15,146,Mumbai,2,2020,Moderate
2020-02-16,150,Mumbai,2,2020,Moderate
2020-02-17,233,Mumbai,2,2020,Poor
2020-02-18,202,Mumbai,2,2020,Poor
2020-02-19,220,Mumbai,2,2020,Poor
2020-02-20,155,Mumbai,2,2020,Moderate
2020-02-21,98,Mumbai,2,2020,Satisfactory
2020-02-22,123,Mumbai,2,2020,Moderate
2020-02-23,193,Mumbai,2,2020,Moderate
2020-02-24,170,Mumbai,2,2020,Moderate
2020-02-25,150,Mumbai,2,2020,Moderate
2020-02-26,131,Mumbai,2,2020,Moderate
2020-02-27,131,Mumbai,2,2020,Moderate
2020-02-28,172,Mumbai,2,2020,Moderate
2020-03-01,107,Mumbai,3,2020,Moderate
2020-03-02,122,Mumbai,3,2020,Moderate
2020-03-03,125,Mumbai,3,2020,Moderate
2020-03-04,117,Mumbai,3,2020,Moderate
2020-03-05,104,Mumbai,3,2020,Moderate
2020-03-06,101,Mumbai,3,2020,Moderate
2020-03-07,108,Mumbai,3,2020,Moderate
2020-03-08,119,Mumbai,3,2020,Moderate
2020-03-09,123,Mumbai,3,2020,Moderate
2020-03-10,130,Mumbai,3,2020,Moderate
2020-03-11,73,Mumbai,3,2020,Satisfactory
2020-03-12,79,Mumbai,3,2020,Satisfactory
2020-03-13,84,Mumbai,3,2020,Satisfactory
2020-03-14,112,Mumbai,3,2020,Moderate
2020-03-15,158,Mumbai,3,2020,Moderate
2020-03-16,153,Mumbai,3,2020,Moderate
2020-03-17,197,Mumbai,3,2020,Moderate
2020-03-18,146,Mumbai,3,2020,Moderate
2020-03-19,102,Mumbai,3,2020,Moderate
2020-03-20,82,Mumbai,3,2020,Satisfactory
2020-03-21,72,Mumbai,3,2020,Satisfactory
2020-03-22,54,Mumbai,3,2020,Satisfactory
2020-03-23,64,Mumbai,3,2020,Satisfactory
2020-03-24,81,Mumbai,3,2020,Satisfactory
2020-03-25,87,Mumbai,3,2020,Satisfactory
2020-03-26,69,Mumbai,3,2020,Satisfactory
2020-03-27,66,Mumbai,3,2020,Satisfactory
2020-03-28,72,Mumbai,3,2020,Satisfactory
2020-03-29,71,Mumbai,3,2020,Satisfactory
2020-03-30,69,Mumbai,3,2020,Satisfactory
2020-03-31,67,Mumbai,3,2020,Satisfactory
2020-04-01,57,Mumbai,4,2020,Satisfactory
2020-04-02,72,Mumbai,4,2020,Satisfactory
2020-04-03,85,Mumbai,4,2020,Satisfactory
2020-04-04,81,Mumbai,4,2020,Satisfactory
2020-04-05,77,Mumbai,4,2020,Satisfactory
2020-04-06,58,Mumbai,4,2020,Satisfactory
2020-04-07,64,Mumbai,4,2020,Satisfactory
2020-04-08,97,Mumbai,4,2020,Satisfactory
2020-04-09,94,Mumbai,4,2020,Satisfactory
2020-04-10,83,Mumbai,4,2020,Satisfactory
2020-04-11,77,Mumbai,4,2020,Satisfactory
2020-04-12,87,Mumbai,4,2020,Satisfactory
2020-04-13,76,Mumbai,4,2020,Satisfactory
2020-04-14,81,Mumbai,4,2020,Satisfactory
2020-04-15,81,Mumbai,4,2020,Satisfactory
2020-04-16,65,Mumbai,4,2020,Satisfactory
2020-04-17,65,Mumbai,4,2020,Satisfactory
2020-04-18,68,Mumbai,4,2020,Satisfactory
2020-04-19,67,Mumbai,4,2020,Satisfactory
2020-04-20,82,Mumbai,4,2020,Satisfactory
2020-04-21,65,Mumbai,4,2020,Satisfactory
2020-04-22,51,Mumbai,4,2020,Satisfactory
2020-04-23,63,Mumbai,4,2020,Satisfactory
2020-04-24,50,Mumbai,4,2020,Good
2020-04-25,48,Mumbai,4,2020,Good
2020-04-26,57,Mumbai,4,2020,Satisfactory
2020-04-27,52,Mumbai,4,2020,Satisfactory
2020-04-28,53,Mumbai,4,2020,Satisfactory
2020-04-29,81,Mumbai,4,2020,Satisfactory
2020-04-30,60,Mumbai,4,2020,Satisfactory
2020-05-01,51,Mumbai,5,2020,Satisfactory
2020-05-02,43,Mumbai,5,2020,Good
2020-05-03,40,Mumbai,5,2020,Good
2020-05-04,37,Mumbai,5,2020,Good
2020-05-05,38,Mumbai,5,2020,Good
2020-05-06,50,Mumbai,5,2020,Good
2020-05-07,55,Mumbai,5,2020,Satisfactory
2020-05-08,67,Mumbai,5,2020,Satisfactory
2020-05-09,65,Mumbai,5,2020,Satisfactory
2020-05-10,64,Mumbai,5,2020,Satisfactory
2020-05-11,61,Mumbai,5,2020,Satisfactory
2020-05-12,67,Mumbai,5,2020,Satisfactory
2020-05-13,67,Mumbai,5,2020,Satisfactory
2020-05-14,54,Mumbai,5,2020,Satisfactory
2020-05-15,70,Mumbai,5,2020,Satisfactory
2020-05-16,76,Mumbai,5,2020,Satisfactory
2020-05-17,120,Mumbai,5,2020,Moderate
2020-05-18,78,Mumbai,5,2020,Satisfactory
2020-05-19,74,Mumbai,5,2020,Satisfactory
2020-05-20,48,Mumbai,5,2020,Good
2020-05-21,43,Mumbai,5,2020,Good
2020-05-22,42,Mumbai,5,2020,Good
2020-05-23,45,Mumbai,5,2020,Good
2020-05-24,40,Mumbai,5,2020,Good
2020-05-25,45,Mumbai,5,2020,Good
2020-05-26,51,Mumbai,5,2020,Satisfactory
2020-05-27,45,Mumbai,5,2020,Good
2020-05-28,45,Mumbai,5,2020,Good
2020-05-29,35,Mumbai,5,2020,Good
2020-05-30,37,Mumbai,5,2020,Good
2020-05-31,43,Mumbai,5,2020,Good
2020-06-01,34,Mumbai,6,2020,Good
2020-06-02,46,Mumbai,6,2020,Good
2020-06-03,32,Mumbai,6,2020,Good
2020-06-04,36,Mumbai,6,2020,Good
2020-06-05,41,Mumbai,6,2020,Good
2020-06-06,30,Mumbai,6,2020,Good
2020-06-07,41,Mumbai,6,2020,Good
2020-06-08,36,Mumbai,6,2020,Good
2020-06-09,34,Mumbai,6,2020,Good
2020-06-10,40,Mumbai,6,2020,Good
2020-06-11,35,Mumbai,6,2020,Good
2020-06-12,38,Mumbai,6,2020,Good
2020-06-13,33,Mumbai,6,2020,Good
2020-06-14,32,Mumbai,6,2020,Good
2020-06-15,31,Mumbai,6,2020,Good
2020-06-16,37,Mumbai,6,2020,Good
2020-06-17,36,Mumbai,6,2020,Good
2020-06-18,35,Mumbai,6,2020,Good
2020-06-19,42,Mumbai,6,2020,Good
2020-06-20,51,Mumbai,6,2020,Satisfactory
2020-06-21,43,Mumbai,6,2020,Good
2020-06-22,42,Mumbai,6,2020,Good
2020-06-23,41,Mumbai,6,2020,Good
2020-06-24,33,Mumbai,6,2020,Good
2020-06-25,36,Mumbai,6,2020,Good
2020-06-26,42,Mumbai,6,2020,Good
2020-06-27,50,Mumbai,6,2020,Good
2020-06-28,49,Mumbai,6,2020,Good
2020-06-29,36,Mumbai,6,2020,Good
2020-06-30,33,Mumbai,6,2020,Good
2020-07-01,31,Mumbai,7,2020,Good
2020-07-02,29,Mumbai,7,2020,Good
2020-07-03,34,Mumbai,7,2020,Good
2020-07-04,28,Mumbai,7,2020,Good
2020-07-05,33,Mumbai,7,2020,Good
2020-07-06,56,Mumbai,7,2020,Satisfactory
2020-07-07,38,Mumbai,7,2020,Good
2020-07-08,38,Mumbai,7,2020,Good
2020-07-09,45,Mumbai,7,2020,Good
2020-07-10,48,Mumbai,7,2020,Good
2020-07-11,45,Mumbai,7,2020,Good
2020-07-12,36,Mumbai,7,2020,Good
2020-07-13,36,Mumbai,7,2020,Good
2020-07-14,36,Mumbai,7,2020,Good
2020-07-15,31,Mumbai,7,2020,Good
2020-07-16,33,Mumbai,7,2020,Good
2020-07-17,34,Mumbai,7,2020,Good
2020-07-18,37,Mumbai,7,2020,Good
2020-07-19,46,Mumbai,7,2020,Good
2020-07-20,47,Mumbai,7,2020,Good
2020-07-21,49,Mumbai,7,2020,Good
2020-07-22,54,Mumbai,7,2020,Satisfactory
2020-07-23,39,Mumbai,7,2020,Good
2020-07-24,50,Mumbai,7,2020,Good
2020-07-25,44,Mumbai,7,2020,Good
2020-07-26,45,Mumbai,7,2020,Good
2020-07-27,26,Mumbai,7,2020,Good
2020-07-28,35,Mumbai,7,2020,Good
2020-07-29,37,Mumbai,7,2020,Good
2020-07-30,32,Mumbai,7,2020,Good
2020-07-31,35,Mumbai,7,2020,Good
2020-08-01,34,Mumbai,8,2020,Good
2020-08-02,27,Mumbai,8,2020,Good
2020-08-03,26,Mumbai,8,2020,Good
2020-08-04,25,Mumbai,8,2020,Good
2020-08-05,30,Mumbai,8,2020,Good
2020-08-06,36,Mumbai,8,2020,Good
2020-08-07,36,Mumbai,8,2020,Good
2020-08-08,49,Mumbai,8,2020,Good
2020-08-09,44,Mumbai,8,2020,Good
2020-08-10,42,Mumbai,8,2020,Good
2020-08-11,41,Mumbai,8,2020,Good
2020-08-12,38,Mumbai,8,2020,Good
2020-08-13,38,Mumbai,8,2020,Good
2020-08-14,35,Mumbai,8,2020,Good
2020-08-15,37,Mumbai,8,2020,Good
2020-08-16,47,Mumbai,8,2020,Good
2020-08-17,43,Mumbai,8,2020,Good
2020-08-18,28,Mumbai,8,2020,Good
2020-08-19,33,Mumbai,8,2020,Good
2020-08-20,41,Mumbai,8,2020,Good
2020-08-21,39,Mumbai,8,2020,Good
2020-08-22,35,Mumbai,8,2020,Good
2020-08-23,37,Mumbai,8,2020,Good
2020-08-24,36,Mumbai,8,2020,Good
2020-08-25,49,Mumbai,8,2020,Good
2020-08-26,36,Mumbai,8,2020,Good
2020-08-27,35,Mumbai,8,2020,Good
2020-08-28,32,Mumbai,8,2020,Good
2020-08-29,31,Mumbai,8,2020,Good
2020-08-30,28,Mumbai,8,2020,Good
2020-08-31,30,Mumbai,8,2020,Good
2020-09-01,36,Mumbai,9,2020,Good
2020-09-02,47,Mumbai,9,2020,Good
2020-09-03,57,Mumbai,9,2020,Satisfactory
2020-09-04,69,Mumbai,9,2020,Satisfactory
2020-09-05,84,Mumbai,9,2020,Satisfactory
2020-09-06,128,Mumbai,9,2020,Moderate
2020-09-07,55,Mumbai,9,2020,Satisfactory
2020-09-08,49,Mumbai,9,2020,Good
2020-09-09,55,Mumbai,9,2020,Satisfactory
2020-09-10,68,Mumbai,9,2020,Satisfactory
2020-09-11,68,Mumbai,9,2020,Satisfactory
2020-09-12,48,Mumbai,9,2020,Good
2020-09-13,39,Mumbai,9,2020,Good
2020-09-14,44,Mumbai,9,2020,Good
2020-09-15,40,Mumbai,9,2020,Good
2020-09-16,39,Mumbai,9,2020,Good
2020-09-17,40,Mumbai,9,2020,Good
2020-09-18,52,Mumbai,9,2020,Satisfactory
2020-09-19,59,Mumbai,9,2020,Satisfactory
2020-09-20,53,Mumbai,9,2020,Satisfactory
2020-09-21,58,Mumbai,9,2020,Satisfactory
2020-09-22,64,Mumbai,9,2020,Satisfactory
2020-09-23,42,Mumbai,9,2020,Good
2020-09-24,44,Mumbai,9,2020,Good
2020-09-25,53,Mumbai,9,2020,Satisfactory
2020-09-26,63,Mumbai,9,2020,Satisfactory
2020-09-27,65,Mumbai,9,2020,Satisfactory
2020-09-28,69,Mumbai,9,2020,Satisfactory
2020-09-29,75,Mumbai,9,2020,Satisfactory
2020-09-30,80,Mumbai,9,2020,Satisfactory
2020-10-01,75,Mumbai,10,2020,Satisfactory
2020-10-02,77,Mumbai,10,2020,Satisfactory
2020-10-03,100,Mumbai,10,2020,Satisfactory
2020-10-04,70,Mumbai,10,2020,Satisfactory
2020-10-05,55,Mumbai,10,2020,Satisfactory
2020-10-06,76,Mumbai,10,2020,Satisfactory
2020-10-07,93,Mumbai,10,2020,Satisfactory
2020-10-08,106,Mumbai,10,2020,Moderate
2020-10-09,124,Mumbai,10,2020,Moderate
2020-10-10,145,Mumbai,10,2020,Moderate
2020-10-11,110,Mumbai,10,2020,Moderate
2020-10-12,99,Mumbai,10,2020,Satisfactory
2020-10-13,110,Mumbai,10,2020,Moderate
2020-10-14,106,Mumbai,10,2020,Moderate
2020-10-15,68,Mumbai,10,2020,Satisfactory
2020-10-16,59,Mumbai,10,2020,Satisfactory
2020-10-17,71,Mumbai,10,2020,Satisfactory
2020-10-18,82,Mumbai,10,2020,Satisfactory
2020-10-19,78,Mumbai,10,2020,Satisfactory
2020-10-20,90,Mumbai,10,2020,Satisfactory
2020-10-21,83,Mumbai,10,2020,Satisfactory
2020-10-22,90,Mumbai,10,2020,Satisfactory
2020-10-23,82,Mumbai,10,2020,Satisfactory
2020-10-24,113,Mumbai,10,2020,Moderate
2020-10-25,83,Mumbai,10,2020,Satisfactory
2020-10-26,94,Mumbai,10,2020,Satisfactory
2020-10-27,100,Mumbai,10,2020,Satisfactory
2020-10-28,130,Mumbai,10,2020,Moderate
2020-10-29,146,Mumbai,10,2020,Moderate
2020-10-30,131,Mumbai,10,2020,Moderate
2020-10-31,119,Mumbai,10,2020,Moderate
2020-11-01,111,Mumbai,11,2020,Moderate
2020-11-02,125,Mumbai,11,2020,Moderate
2020-11-03,194,Mumbai,11,2020,Moderate
2020-11-04,160,Mumbai,11,2020,Moderate
2020-11-05,163,Mumbai,11,2020,Moderate
2020-11-06,128,Mumbai,11,2020,Moderate
2020-11-07,130,Mumbai,11,2020,Moderate
2020-11-08,142,Mumbai,11,2020,Moderate
2020-11-09,148,Mumbai,11,2020,Moderate
2020-11-10,146,Mumbai,11,2020,Moderate
2020-11-11,182,Mumbai,11,2020,Moderate
2020-11-12,170,Mumbai,11,2020,Moderate
2020-11-13,171,Mumbai,11,2020,Moderate
2020-11-14,131,Mumbai,11,2020,Moderate
2020-11-15,148,Mumbai,11,2020,Moderate
2020-11-16,143,Mumbai,11,2020,Moderate
2020-11-17,175,Mumbai,11,2020,Moderate
2020-11-18,167,Mumbai,11,2020,Moderate
2020-11-19,146,Mumbai,11,2020,Moderate
2020-11-20,143,Mumbai,11,2020,Moderate
2020-11-21,160,Mumbai,11,2020,Moderate
2020-11-22,170,Mumbai,11,2020,Moderate
2020-11-23,156,Mumbai,11,2020,Moderate
2020-11-24,139,Mumbai,11,2020,Moderate
2020-11-25,210,Mumbai,11,2020,Poor
2020-11-26,225,Mumbai,11,2020,Poor
2020-11-27,182,Mumbai,11,2020,Moderate
2020-11-28,139,Mumbai,11,2020,Moderate
2020-11-29,110,Mumbai,11,2020,Moderate
2020-11-30,125,Mumbai,11,2020,Moderate
2020-12-01,152,Mumbai,12,2020,Moderate
2020-12-02,163,Mumbai,12,2020,Moderate
2020-12-03,170,Mumbai,12,2020,Moderate
2020-12-04,167,Mumbai,12,2020,Moderate
2020-12-05,185,Mumbai,12,2020,Moderate
2020-12-06,149,Mumbai,12,2020,Moderate
2020-12-07,144,Mumbai,12,2020,Moderate
2020-12-08,157,Mumbai,12,2020,Moderate
2020-12-09,136,Mumbai,12,2020,Moderate
2020-12-10,143,Mumbai,12,2020,Moderate
2020-12-11,151,Mumbai,12,2020,Moderate
2020-12-12,139,Mumbai,12,2020,Moderate
2020-12-13,146,Mumbai,12,2020,Moderate
2020-12-14,105,Mumbai,12,2020,Moderate
2020-12-15,152,Mumbai,12,2020,Moderate
2020-12-16,194,Mumbai,12,2020,Moderate
2020-12-17,205,Mumbai,12,2020,Poor
2020-12-18,203,Mumbai,12,2020,Poor
2020-12-19,185,Mumbai,12,2020,Moderate
2020-12-20,178,Mumbai,12,2020,Moderate
2020-12-21,151,Mumbai,12,2020,Moderate
2020-12-22,141,Mumbai,12,2020,Moderate
2020-12-23,172,Mumbai,12,2020,Moderate
2020-12-24,193,Mumbai,12,2020,Moderate
2020-12-25,209,Mumbai,12,2020,Poor
2020-12-26,221,Mumbai,12,2020,Poor
2020-12-27,225,Mumbai,12,2020,Poor
2020-12-28,168,Mumbai,12,2020,Moderate
2020-12-29,192,Mumbai,12,2020,Moderate
2020-12-30,225,Mumbai,12,2020,Poor
2020-12-31,245,Mumbai,12,2020,Poor
2021-01-01,244,Mumbai,1,2021,Poor
2021-01-02,255,Mumbai,1,2021,Poor
2021-01-03,251,Mumbai,1,2021,Poor
2021-01-04,226,Mumbai,1,2021,Poor
2021-01-05,234,Mumbai,1,2021,Poor
2021-01-06,274,Mumbai,1,2021,Poor
2021-01-07,285,Mumbai,1,2021,Poor
2021-01-08,272,Mumbai,1,2021,Poor
2021-01-09,234,Mumbai,1,2021,Poor
2021-01-10,244,Mumbai,1,2021,Poor
2021-01-11,214,Mumbai,1,2021,Poor
2021-01-12,194,Mumbai,1,2021,Moderate
2021-01-13,193,Mumbai,1,2021,Moderate
2021-01-14,193,Mumbai,1,2021,Moderate
2021-01-15,145,Mumbai,1,2021,Moderate
2021-01-16,140,Mumbai,1,2021,Moderate
2021-01-17,173,Mumbai,1,2021,Moderate
2021-01-18,124,Mumbai,1,2021,Moderate
2021-01-19,153,Mumbai,1,2021,Moderate
2021-01-20,193,Mumbai,1,2021,Moderate
2021-01-21,189,Mumbai,1,2021,Moderate
2021-01-22,233,Mumbai,1,2021,Poor
2021-01-23,255,Mumbai,1,2021,Poor
2021-01-24,198,Mumbai,1,2021,Moderate
2021-01-25,207,Mumbai,1,2021,Poor
2021-01-26,223,Mumbai,1,2021,Poor
2021-01-27,231,Mumbai,1,2021,Poor
2021-01-28,247,Mumbai,1,2021,Poor
2021-01-29,224,Mumbai,1,2021,Poor
2021-01-30,218,Mumbai,1,2021,Poor
2021-01-31,196,Mumbai,1,2021,Moderate
2021-02-01,184,Mumbai,2,2021,Moderate
2021-02-02,180,Mumbai,2,2021,Moderate
2021-02-03,188,Mumbai,2,2021,Moderate
2021-02-04,182,Mumbai,2,2021,Moderate
2021-02-05,182,Mumbai,2,2021,Moderate
2021-02-06,149,Mumbai,2,2021,Moderate
2021-02-07,151,Mumbai,2,2021,Moderate
2021-02-08,150,Mumbai,2,2021,Moderate
2021-02-09,165,Mumbai,2,2021,Moderate
2021-02-10,196,Mumbai,2,2021,Moderate
2021-02-11,245,Mumbai,2,2021,Poor
2021-02-12,249,Mumbai,2,2021,Poor
2021-02-13,182,Mumbai,2,2021,Moderate
2021-02-14,132,Mumbai,2,2021,Moderate
2021-02-15,100,Mumbai,2,2021,Satisfactory
2021-02-16,99,Mumbai,2,2021,Satisfactory
2021-02-17,100,Mumbai,2,2021,Satisfactory
2021-02-18,206,Mumbai,2,2021,Poor
2021-02-19,120,Mumbai,2,2021,Moderate
2021-02-20,116,Mumbai,2,2021,Moderate
2021-02-21,119,Mumbai,2,2021,Moderate
2021-02-22,144,Mumbai,2,2021,Moderate
2021-02-23,169,Mumbai,2,2021,Moderate
2021-02-24,224,Mumbai,2,2021,Poor
2021-02-25,191,Mumbai,2,2021,Moderate
2021-02-26,127,Mumbai,2,2021,Moderate
2021-02-27,110,Mumbai,2,2021,Moderate
2021-02-28,139,Mumbai,2,2021,Moderate
2021-03-01,161,Mumbai,3,2021,Moderate
2021-03-02,175,Mumbai,3,2021,Moderate
2021-03-03,142,Mumbai,3,2021,Moderate
2021-03-04,185,Mumbai,3,2021,Moderate
2021-03-05,211,Mumbai,3,2021,Poor
2021-03-06,147,Mumbai,3,2021,Moderate
2021-03-07,128,Mumbai,3,2021,Moderate
2021-03-08,110,Mumbai,3,2021,Moderate
2021-03-09,137,Mumbai,3,2021,Moderate
2021-03-10,151,Mumbai,3,2021,Moderate
2021-03-11,120,Mumbai,3,2021,Moderate
2021-03-12,98,Mumbai,3,2021,Satisfactory
2021-03-13,152,Mumbai,3,2021,Moderate
2021-03-14,157,Mumbai,3,2021,Moderate
2021-03-15,156,Mumbai,3,2021,Moderate
2021-03-16,151,Mumbai,3,2021,Moderate
2021-03-17,158,Mumbai,3,2021,Moderate
2021-03-18,154,Mumbai,3,2021,Moderate
2021-03-19,145,Mumbai,3,2021,Moderate
2021-03-20,161,Mumbai,3,2021,Moderate
2021-03-21,171,Mumbai,3,2021,Moderate
2021-03-22,143,Mumbai,3,2021,Moderate
2021-03-23,160,Mumbai,3,2021,Moderate
2021-03-24,193,Mumbai,3,2021,Moderate
2021-03-25,170,Mumbai,3,2021,Moderate
2021-03-26,170,Mumbai,3,2021,Moderate
2021-03-27,177,Mumbai,3,2021,Moderate
2021-03-28,172,Mumbai,3,2021,Moderate
2021-03-29,130,Mumbai,3,2021,Moderate
2021-03-30,75,Mumbai,3,2021,Satisfactory
2021-03-31,81,Mumbai,3,2021,Satisfactory
2021-04-01,113,Mumbai,4,2021,Moderate
2021-04-02,162,Mumbai,4,2021,Moderate
2021-04-03,139,Mumbai,4,2021,Moderate
2021-04-04,102,Mumbai,4,2021,Moderate
2021-04-05,90,Mumbai,4,2021,Satisfactory
2021-04-06,115,Mumbai,4,2021,Moderate
2021-04-07,101,Mumbai,4,2021,Moderate
2021-04-08,99,Mumbai,4,2021,Satisfactory
2021-04-09,99,Mumbai,4,2021,Satisfactory
2021-04-10,137,Mumbai,4,2021,Moderate
2021-04-11,106,Mumbai,4,2021,Moderate
2021-04-12,92,Mumbai,4,2021,Satisfactory
2021-04-13,111,Mumbai,4,2021,Moderate
2021-04-14,94,Mumbai,4,2021,Satisfactory
2021-04-15,88,Mumbai,4,2021,Satisfactory
2021-04-16,79,Mumbai,4,2021,Satisfactory
2021-04-17,63,Mumbai,4,2021,Satisfactory
2021-04-18,72,Mumbai,4,2021,Satisfactory
2021-04-19,88,Mumbai,4,2021,Satisfactory
2021-04-20,67,Mumbai,4,2021,Satisfactory
2021-04-21,58,Mumbai,4,2021,Satisfactory
2021-04-22,70,Mumbai,4,2021,Satisfactory
2021-04-23,79,Mumbai,4,2021,Satisfactory
2021-04-24,75,Mumbai,4,2021,Satisfactory
2021-04-25,74,Mumbai,4,2021,Satisfactory
2021-04-26,129,Mumbai,4,2021,Moderate
2021-04-27,185,Mumbai,4,2021,Moderate
2021-04-28,125,Mumbai,4,2021,Moderate
2021-04-29,81,Mumbai,4,2021,Satisfactory
2021-04-30,72,Mumbai,4,2021,Satisfactory
2021-05-01,68,Mumbai,5,2021,Satisfactory
2021-05-02,71,Mumbai,5,2021,Satisfactory
2021-05-03,105,Mumbai,5,2021,Moderate
2021-05-04,80,Mumbai,5,2021,Satisfactory
2021-05-05,76,Mumbai,5,2021,Satisfactory
2021-05-06,72,Mumbai,5,2021,Satisfactory
2021-05-07,72,Mumbai,5,2021,Satisfactory
2021-05-08,69,Mumbai,5,2021,Satisfactory
2021-05-09,78,Mumbai,5,2021,Satisfactory
2021-05-10,68,Mumbai,5,2021,Satisfactory
2021-05-11,67,Mumbai,5,2021,Satisfactory
2021-05-12,59,Mumbai,5,2021,Satisfactory
2021-05-13,64,Mumbai,5,2021,Satisfactory
2021-05-14,65,Mumbai,5,2021,Satisfactory
2021-05-15,85,Mumbai,5,2021,Satisfactory
2021-05-16,80,Mumbai,5,2021,Satisfactory
2021-05-17,47,Mumbai,5,2021,Good
2021-05-18,48,Mumbai,5,2021,Good
2021-05-19,54,Mumbai,5,2021,Satisfactory
2021-05-20,88,Mumbai,5,2021,Satisfactory
2021-05-21,120,Mumbai,5,2021,Moderate
2021-05-22,92,Mumbai,5,2021,Satisfactory
2021-05-23,81,Mumbai,5,2021,Satisfactory
2021-05-24,71,Mumbai,5,2021,Satisfactory
2021-05-25,74,Mumbai,5,2021,Satisfactory
2021-05-26,71,Mumbai,5,2021,Satisfactory
2021-05-27,73,Mumbai,5,2021,Satisfactory
2021-05-28,65,Mumbai,5,2021,Satisfactory
2021-05-29,69,Mumbai,5,2021,Satisfactory
2021-05-30,55,Mumbai,5,2021,Satisfactory
2021-05-31,58,Mumbai,5,2021,Satisfactory
2021-06-01,61,Mumbai,6,2021,Satisfactory
2021-06-02,50,Mumbai,6,2021,Good
2021-06-03,53,Mumbai,6,2021,Satisfactory
2021-06-04,46,Mumbai,6,2021,Good
2021-06-05,51,Mumbai,6,2021,Satisfactory
2021-06-06,49,Mumbai,6,2021,Good
2021-06-07,42,Mumbai,6,2021,Good
2021-06-08,49,Mumbai,6,2021,Good
2021-06-09,39,Mumbai,6,2021,Good
2021-06-10,33,Mumbai,6,2021,Good
2021-06-11,45,Mumbai,6,2021,Good
2021-06-12,34,Mumbai,6,2021,Good
2021-06-13,41,Mumbai,6,2021,Good
2021-06-14,56,Mumbai,6,2021,Satisfactory
2021-06-15,64,Mumbai,6,2021,Satisfactory
2021-06-16,41,Mumbai,6,2021,Good
2021-06-17,70,Mumbai,6,2021,Satisfactory
2021-06-18,72,Mumbai,6,2021,Satisfactory
2021-06-19,68,Mumbai,6,2021,Satisfactory
2021-06-20,96,Mumbai,6,2021,Satisfactory
2021-06-21,117,Mumbai,6,2021,Moderate
2021-06-22,92,Mumbai,6,2021,Satisfactory
2021-06-23,93,Mumbai,6,2021,Satisfactory
2021-06-24,85,Mumbai,6,2021,Satisfactory
2021-06-25,56,Mumbai,6,2021,Satisfactory
2021-06-26,67,Mumbai,6,2021,Satisfactory
2021-06-27,66,Mumbai,6,2021,Satisfactory
2021-06-28,55,Mumbai,6,2021,Satisfactory
2021-06-29,60,Mumbai,6,2021,Satisfactory
2021-06-30,56,Mumbai,6,2021,Satisfactory
2021-07-01,70,Mumbai,7,2021,Satisfactory
2021-07-02,62,Mumbai,7,2021,Satisfactory
2021-07-03,60,Mumbai,7,2021,Satisfactory
2021-07-04,56,Mumbai,7,2021,Satisfactory
2021-07-05,64,Mumbai,7,2021,Satisfactory
2021-07-06,76,Mumbai,7,2021,Satisfactory
2021-07-07,74,Mumbai,7,2021,Satisfactory
2021-07-08,66,Mumbai,7,2021,Satisfactory
2021-07-09,52,Mumbai,7,2021,Satisfactory
2021-07-10,59,Mumbai,7,2021,Satisfactory
2021-07-11,50,Mumbai,7,2021,Good
2021-07-12,40,Mumbai,7,2021,Good
2021-07-13,56,Mumbai,7,2021,Satisfactory
2021-07-14,47,Mumbai,7,2021,Good
2021-07-15,42,Mumbai,7,2021,Good
2021-07-16,42,Mumbai,7,2021,Good
2021-07-17,42,Mumbai,7,2021,Good
2021-07-18,55,Mumbai,7,2021,Satisfactory
2021-07-19,52,Mumbai,7,2021,Satisfactory
2021-07-20,57,Mumbai,7,2021,Satisfactory
2021-07-21,54,Mumbai,7,2021,Satisfactory
2021-07-22,63,Mumbai,7,2021,Satisfactory
2021-07-23,78,Mumbai,7,2021,Satisfactory
2021-07-24,59,Mumbai,7,2021,Satisfactory
2021-07-25,63,Mumbai,7,2021,Satisfactory
2021-07-26,63,Mumbai,7,2021,Satisfactory
2021-07-27,63,Mumbai,7,2021,Satisfactory
2021-07-28,68,Mumbai,7,2021,Satisfactory
2021-07-29,68,Mumbai,7,2021,Satisfactory
2021-07-30,65,Mumbai,7,2021,Satisfactory
2021-07-31,66,Mumbai,7,2021,Satisfactory
2021-08-01,63,Mumbai,8,2021,Satisfactory
2021-08-02,58,Mumbai,8,2021,Satisfactory
2021-08-03,50,Mumbai,8,2021,Good
2021-08-04,53,Mumbai,8,2021,Satisfactory
2021-08-05,55,Mumbai,8,2021,Satisfactory
2021-08-06,63,Mumbai,8,2021,Satisfactory
2021-08-07,59,Mumbai,8,2021,Satisfactory
2021-08-08,71,Mumbai,8,2021,Satisfactory
2021-08-09,57,Mumbai,8,2021,Satisfactory
2021-08-10,68,Mumbai,8,2021,Satisfactory
2021-08-11,54,Mumbai,8,2021,Satisfactory
2021-08-12,58,Mumbai,8,2021,Satisfactory
2021-08-13,61,Mumbai,8,2021,Satisfactory
2021-08-14,53,Mumbai,8,2021,Satisfactory
2021-08-15,51,Mumbai,8,2021,Satisfactory
2021-08-16,58,Mumbai,8,2021,Satisfactory
2021-08-17,52,Mumbai,8,2021,Satisfactory
2021-08-18,48,Mumbai,8,2021,Good
2021-08-19,49,Mumbai,8,2021,Good
2021-08-20,45,Mumbai,8,2021,Good
2021-08-21,40,Mumbai,8,2021,Good
2021-08-22,50,Mumbai,8,2021,Good
2021-08-23,54,Mumbai,8,2021,Satisfactory
2021-08-24,48,Mumbai,8,2021,Good
2021-08-25,52,Mumbai,8,2021,Satisfactory
2021-08-26,47,Mumbai,8,2021,Good
2021-08-27,56,Mumbai,8,2021,Satisfactory
2021-08-28,69,Mumbai,8,2021,Satisfactory
2021-08-29,66,Mumbai,8,2021,Satisfactory
2021-08-30,74,Mumbai,8,2021,Satisfactory
2021-08-31,59,Mumbai,8,2021,Satisfactory
2021-09-01,54,Mumbai,9,2021,Satisfactory
2021-09-02,52,Mumbai,9,2021,Satisfactory
2021-09-03,53,Mumbai,9,2021,Satisfactory
2021-09-04,54,Mumbai,9,2021,Satisfactory
2021-09-05,53,Mumbai,9,2021,Satisfactory
2021-09-06,64,Mumbai,9,2021,Satisfactory
2021-09-07,58,Mumbai,9,2021,Satisfactory
2021-09-08,47,Mumbai,9,2021,Good
2021-09-09,46,Mumbai,9,2021,Good
2021-09-10,49,Mumbai,9,2021,Good
2021-09-11,48,Mumbai,9,2021,Good
2021-09-12,44,Mumbai,9,2021,Good
2021-09-13,52,Mumbai,9,2021,Satisfactory
2021-09-14,67,Mumbai,9,2021,Satisfactory
2021-09-15,66,Mumbai,9,2021,Satisfactory
2021-09-16,75,Mumbai,9,2021,Satisfactory
2021-09-17,68,Mumbai,9,2021,Satisfactory
2021-09-18,58,Mumbai,9,2021,Satisfactory
2021-09-19,46,Mumbai,9,2021,Good
2021-09-20,48,Mumbai,9,2021,Good
2021-09-21,47,Mumbai,9,2021,Good
2021-09-22,53,Mumbai,9,2021,Satisfactory
2021-09-23,58,Mumbai,9,2021,Satisfactory
2021-09-24,66,Mumbai,9,2021,Satisfactory
2021-09-25,72,Mumbai,9,2021,Satisfactory
2021-09-26,64,Mumbai,9,2021,Satisfactory
2021-09-27,61,Mumbai,9,2021,Satisfactory
2021-09-28,62,Mumbai,9,2021,Satisfactory
2021-09-29,45,Mumbai,9,2021,Good
2021-09-30,48,Mumbai,9,2021,Good
2021-10-01,76,Mumbai,10,2021,Satisfactory
2021-10-02,77,Mumbai,10,2021,Satisfactory
2021-10-03,78,Mumbai,10,2021,Satisfactory
2021-10-04,78,Mumbai,10,2021,Satisfactory
2021-10-05,71,Mumbai,10,2021,Satisfactory
2021-10-06,74,Mumbai,10,2021,Satisfactory
2021-10-07,61,Mumbai,10,2021,Satisfactory
2021-10-08,64,Mumbai,10,2021,Satisfactory
2021-10-09,54,Mumbai,10,2021,Satisfactory
2021-10-10,58,Mumbai,10,2021,Satisfactory
2021-10-11,63,Mumbai,10,2021,Satisfactory
2021-10-12,69,Mumbai,10,2021,Satisfactory
2021-10-13,84,Mumbai,10,2021,Satisfactory
2021-10-14,140,Mumbai,10,2021,Moderate
2021-10-15,141,Mumbai,10,2021,Moderate
2021-10-16,107,Mumbai,10,2021,Moderate
2021-10-17,153,Mumbai,10,2021,Moderate
2021-10-18,102,Mumbai,10,2021,Moderate
2021-10-19,94,Mumbai,10,2021,Satisfactory
2021-10-20,87,Mumbai,10,2021,Satisfactory
2021-10-21,106,Mumbai,10,2021,Moderate
2021-10-22,143,Mumbai,10,2021,Moderate
2021-10-23,111,Mumbai,10,2021,Moderate
2021-10-24,74,Mumbai,10,2021,Satisfactory
2021-10-25,58,Mumbai,10,2021,Satisfactory
2021-10-26,96,Mumbai,10,2021,Satisfactory
2021-10-27,119,Mumbai,10,2021,Moderate
2021-10-28,130,Mumbai,10,2021,Moderate
2021-10-29,126,Mumbai,10,2021,Moderate
2021-10-30,128,Mumbai,10,2021,Moderate
2021-10-31,155,Mumbai,10,2021,Moderate
2021-11-01,188,Mumbai,11,2021,Moderate
2021-11-02,211,Mumbai,11,2021,Poor
2021-11-03,179,Mumbai,11,2021,Moderate
2021-11-04,164,Mumbai,11,2021,Moderate
2021-11-05,199,Mumbai,11,2021,Moderate
2021-11-06,117,Mumbai,11,2021,Moderate
2021-11-07,110,Mumbai,11,2021,Moderate
2021-11-08,176,Mumbai,11,2021,Moderate
2021-11-09,172,Mumbai,11,2021,Moderate
2021-11-10,164,Mumbai,11,2021,Moderate
2021-11-11,174,Mumbai,11,2021,Moderate
2021-11-12,171,Mumbai,11,2021,Moderate
2021-11-13,195,Mumbai,11,2021,Moderate
2021-11-14,201,Mumbai,11,2021,Poor
2021-11-15,200,Mumbai,11,2021,Moderate
2021-11-16,222,Mumbai,11,2021,Poor
2021-11-17,153,Mumbai,11,2021,Moderate
2021-11-18,81,Mumbai,11,2021,Satisfactory
2021-11-19,84,Mumbai,11,2021,Satisfactory
2021-11-20,102,Mumbai,11,2021,Moderate
2021-11-21,84,Mumbai,11,2021,Satisfactory
2021-11-22,66,Mumbai,11,2021,Satisfactory
2021-11-23,76,Mumbai,11,2021,Satisfactory
2021-11-24,94,Mumbai,11,2021,Satisfactory
2021-11-25,149,Mumbai,11,2021,Moderate
2021-11-26,136,Mumbai,11,2021,Moderate
2021-11-27,152,Mumbai,11,2021,Moderate
2021-11-28,145,Mumbai,11,2021,Moderate
2021-11-29,120,Mumbai,11,2021,Moderate
2021-11-30,150,Mumbai,11,2021,Moderate
2021-12-01,154,Mumbai,12,2021,Moderate
2021-12-02,78,Mumbai,12,2021,Satisfactory
2021-12-03,93,Mumbai,12,2021,Satisfactory
2021-12-04,116,Mumbai,12,2021,Moderate
2021-12-05,109,Mumbai,12,2021,Moderate
2021-12-06,95,Mumbai,12,2021,Satisfactory
2021-12-07,218,Mumbai,12,2021,Poor
2021-12-08,216,Mumbai,12,2021,Poor
2021-12-09,211,Mumbai,12,2021,Poor
2021-12-10,193,Mumbai,12,2021,Moderate
2021-12-11,173,Mumbai,12,2021,Moderate
2021-12-12,184,Mumbai,12,2021,Moderate
2021-12-13,181,Mumbai,12,2021,Moderate
2021-12-14,119,Mumbai,12,2021,Moderate
2021-12-15,176,Mumbai,12,2021,Moderate
2021-12-16,223,Mumbai,12,2021,Poor
2021-12-17,241,Mumbai,12,2021,Poor
2021-12-18,236,Mumbai,12,2021,Poor
2021-12-19,214,Mumbai,12,2021,Poor
2021-12-20,199,Mumbai,12,2021,Moderate
2021-12-21,232,Mumbai,12,2021,Poor
2021-12-22,230,Mumbai,12,2021,Poor
2021-12-23,214,Mumbai,12,2021,Poor
2021-12-24,180,Mumbai,12,2021,Moderate
2021-12-25,110,Mumbai,12,2021,Moderate
2021-12-26,182,Mumbai,12,2021,Moderate
2021-12-27,215,Mumbai,12,2021,Poor
2021-12-28,201,Mumbai,12,2021,Poor
2021-12-29,138,Mumbai,12,2021,Moderate
2021-12-30,155,Mumbai,12,2021,Moderate
2021-12-31,176,Mumbai,12,2021,Moderate
2022-01-01,173,Mumbai,1,2022,Moderate
2022-01-02,150,Mumbai,1,2022,Moderate
2022-01-03,156,Mumbai,1,2022,Moderate
2022-01-04,184,Mumbai,1,2022,Moderate
2022-01-05,219,Mumbai,1,2022,Poor
2022-01-06,170,Mumbai,1,2022,Moderate
2022-01-07,204,Mumbai,1,2022,Poor
2022-01-08,134,Mumbai,1,2022,Moderate
2022-01-09,88,Mumbai,1,2022,Satisfactory
2022-01-10,74,Mumbai,1,2022,Satisfactory
2022-01-11,137,Mumbai,1,2022,Moderate
2022-01-12,132,Mumbai,1,2022,Moderate
2022-01-13,172,Mumbai,1,2022,Moderate
2022-01-14,208,Mumbai,1,2022,Poor
2022-01-15,182,Mumbai,1,2022,Moderate
2022-01-16,160,Mumbai,1,2022,Moderate
2022-01-17,147,Mumbai,1,2022,Moderate
2022-01-18,171,Mumbai,1,2022,Moderate
2022-01-19,181,Mumbai,1,2022,Moderate
2022-01-20,154,Mumbai,1,2022,Moderate
2022-01-21,110,Mumbai,1,2022,Moderate
2022-01-22,99,Mumbai,1,2022,Satisfactory
2022-01-23,247,Mumbai,1,2022,Poor
2022-01-24,381,Mumbai,1,2022,Very Poor
2022-01-25,268,Mumbai,1,2022,Poor
2022-01-26,267,Mumbai,1,2022,Poor
2022-01-27,212,Mumbai,1,2022,Poor
2022-01-28,160,Mumbai,1,2022,Moderate
2022-01-29,162,Mumbai,1,2022,Moderate
2022-01-30,168,Mumbai,1,2022,Moderate
2022-01-31,176,Mumbai,1,2022,Moderate
2022-02-01,177,Mumbai,2,2022,Moderate
2022-02-02,179,Mumbai,2,2022,Moderate
2022-02-03,187,Mumbai,2,2022,Moderate
2022-02-04,162,Mumbai,2,2022,Moderate
2022-02-05,276,Mumbai,2,2022,Poor
2022-02-06,228,Mumbai,2,2022,Poor
2022-02-07,181,Mumbai,2,2022,Moderate
2022-02-08,116,Mumbai,2,2022,Moderate
2022-02-09,103,Mumbai,2,2022,Moderate
2022-02-10,138,Mumbai,2,2022,Moderate
2022-02-11,159,Mumbai,2,2022,Moderate
2022-02-12,153,Mumbai,2,2022,Moderate
2022-02-13,174,Mumbai,2,2022,Moderate
2022-02-14,128,Mumbai,2,2022,Moderate
2022-02-15,105,Mumbai,2,2022,Moderate
2022-02-16,93,Mumbai,2,2022,Satisfactory
2022-02-17,88,Mumbai,2,2022,Satisfactory
2022-02-18,111,Mumbai,2,2022,Moderate
2022-02-19,143,Mumbai,2,2022,Moderate
2022-02-20,132,Mumbai,2,2022,Moderate
2022-02-21,154,Mumbai,2,2022,Moderate
2022-02-22,158,Mumbai,2,2022,Moderate
2022-02-23,119,Mumbai,2,2022,Moderate
2022-02-24,166,Mumbai,2,2022,Moderate
2022-02-25,219,Mumbai,2,2022,Poor
2022-02-26,223,Mumbai,2,2022,Poor
2022-02-27,156,Mumbai,2,2022,Moderate
2022-02-28,215,Mumbai,2,2022,Poor
2022-03-01,187,Mumbai,3,2022,Moderate
2022-03-02,216,Mumbai,3,2022,Poor
2022-03-03,204,Mumbai,3,2022,Poor
2022-03-04,177,Mumbai,3,2022,Moderate
2022-03-05,167,Mumbai,3,2022,Moderate
2022-03-06,185,Mumbai,3,2022,Moderate
2022-03-07,170,Mumbai,3,2022,Moderate
2022-03-08,204,Mumbai,3,2022,Poor
2022-03-09,210,Mumbai,3,2022,Poor
2022-03-10,206,Mumbai,3,2022,Poor
2022-03-11,195,Mumbai,3,2022,Moderate
2022-03-12,168,Mumbai,3,2022,Moderate
2022-03-13,170,Mumbai,3,2022,Moderate
2022-03-14,167,Mumbai,3,2022,Moderate
2022-03-15,198,Mumbai,3,2022,Moderate
2022-03-16,184,Mumbai,3,2022,Moderate
2022-03-17,189,Mumbai,3,2022,Moderate
2022-03-18,187,Mumbai,3,2022,Moderate
2022-03-19,111,Mumbai,3,2022,Moderate
2022-03-20,106,Mumbai,3,2022,Moderate
2022-03-21,159,Mumbai,3,2022,Moderate
2022-03-22,152,Mumbai,3,2022,Moderate
2022-03-23,155,Mumbai,3,2022,Moderate
2022-03-24,211,Mumbai,3,2022,Poor
2022-03-25,132,Mumbai,3,2022,Moderate
2022-03-26,109,Mumbai,3,2022,Moderate
2022-03-27,110,Mumbai,3,2022,Moderate
2022-03-28,113,Mumbai,3,2022,Moderate
2022-03-29,127,Mumbai,3,2022,Moderate
2022-03-30,128,Mumbai,3,2022,Moderate
2022-03-31,105,Mumbai,3,2022,Moderate
2022-04-01,196,Mumbai,4,2022,Moderate
2022-04-02,214,Mumbai,4,2022,Poor
2022-04-03,172,Mumbai,4,2022,Moderate
2022-04-04,142,Mumbai,4,2022,Moderate
2022-04-05,108,Mumbai,4,2022,Moderate
2022-04-06,98,Mumbai,4,2022,Satisfactory
2022-04-07,104,Mumbai,4,2022,Moderate
2022-04-08,106,Mumbai,4,2022,Moderate
2022-04-09,81,Mumbai,4,2022,Satisfactory
2022-04-10,75,Mumbai,4,2022,Satisfactory
2022-04-11,71,Mumbai,4,2022,Satisfactory
2022-04-12,94,Mumbai,4,2022,Satisfactory
2022-04-13,90,Mumbai,4,2022,Satisfactory
2022-04-14,88,Mumbai,4,2022,Satisfactory
2022-04-15,72,Mumbai,4,2022,Satisfactory
2022-04-16,89,Mumbai,4,2022,Satisfactory
2022-04-17,94,Mumbai,4,2022,Satisfactory
2022-04-18,83,Mumbai,4,2022,Satisfactory
2022-04-19,80,Mumbai,4,2022,Satisfactory
2022-04-20,81,Mumbai,4,2022,Satisfactory
2022-04-21,125,Mumbai,4,2022,Moderate
2022-04-22,127,Mumbai,4,2022,Moderate
2022-04-23,139,Mumbai,4,2022,Moderate
2022-04-24,104,Mumbai,4,2022,Moderate
2022-04-25,91,Mumbai,4,2022,Satisfactory
2022-04-26,101,Mumbai,4,2022,Moderate
2022-04-27,85,Mumbai,4,2022,Satisfactory
2022-04-28,114,Mumbai,4,2022,Moderate
2022-04-29,102,Mumbai,4,2022,Moderate
2022-04-30,86,Mumbai,4,2022,Satisfactory
2022-05-01,89,Mumbai,5,2022,Satisfactory
2022-05-02,103,Mumbai,5,2022,Moderate
2022-05-03,91,Mumbai,5,2022,Satisfactory
2022-05-04,103,Mumbai,5,2022,Moderate
2022-05-05,118,Mumbai,5,2022,Moderate
2022-05-06,139,Mumbai,5,2022,Moderate
2022-05-07,189,Mumbai,5,2022,Moderate
2022-05-08,169,Mumbai,5,2022,Moderate
2022-05-09,117,Mumbai,5,2022,Moderate
2022-05-10,114,Mumbai,5,2022,Moderate
2022-05-11,118,Mumbai,5,2022,Moderate
2022-05-12,122,Mumbai,5,2022,Moderate
2022-05-13,123,Mumbai,5,2022,Moderate
2022-05-14,132,Mumbai,5,2022,Moderate
2022-05-15,118,Mumbai,5,2022,Moderate
2022-05-16,131,Mumbai,5,2022,Moderate
2022-05-17,157,Mumbai,5,2022,Moderate
2022-05-18,212,Mumbai,5,2022,Poor
2022-05-19,238,Mumbai,5,2022,Poor
2022-05-20,179,Mumbai,5,2022,Moderate
2022-05-21,147,Mumbai,5,2022,Moderate
2022-05-22,106,Mumbai,5,2022,Moderate
2022-05-23,83,Mumbai,5,2022,Satisfactory
2022-05-24,88,Mumbai,5,2022,Satisfactory
2022-05-25,97,Mumbai,5,2022,Satisfactory
2022-05-26,95,Mumbai,5,2022,Satisfactory
2022-05-27,76,Mumbai,5,2022,Satisfactory
2022-05-28,86,Mumbai,5,2022,Satisfactory
2022-05-29,83,Mumbai,5,2022,Satisfactory
2022-05-30,66,Mumbai,5,2022,Satisfactory
2022-05-31,87,Mumbai,5,2022,Satisfactory
2022-06-01,79,Mumbai,6,2022,Satisfactory
2022-06-02,99,Mumbai,6,2022,Satisfactory
2022-06-03,108,Mumbai,6,2022,Moderate
2022-06-04,77,Mumbai,6,2022,Satisfactory
2022-06-05,69,Mumbai,6,2022,Satisfactory
2022-06-06,70,Mumbai,6,2022,Satisfactory
2022-06-07,71,Mumbai,6,2022,Satisfactory
2022-06-08,70,Mumbai,6,2022,Satisfactory
2022-06-09,56,Mumbai,6,2022,Satisfactory
2022-06-10,62,Mumbai,6,2022,Satisfactory
2022-06-11,59,Mumbai,6,2022,Satisfactory
2022-06-12,55,Mumbai,6,2022,Satisfactory
2022-06-13,56,Mumbai,6,2022,Satisfactory
2022-06-14,65,Mumbai,6,2022,Satisfactory
2022-06-15,56,Mumbai,6,2022,Satisfactory
2022-06-16,51,Mumbai,6,2022,Satisfactory
2022-06-17,65,Mumbai,6,2022,Satisfactory
2022-06-18,60,Mumbai,6,2022,Satisfactory
2022-06-19,45,Mumbai,6,2022,Good
2022-06-20,44,Mumbai,6,2022,Good
2022-06-21,48,Mumbai,6,2022,Good
2022-06-22,58,Mumbai,6,2022,Satisfactory
2022-06-23,52,Mumbai,6,2022,Satisfactory
2022-06-24,48,Mumbai,6,2022,Good
2022-06-25,49,Mumbai,6,2022,Good
2022-06-26,55,Mumbai,6,2022,Satisfactory
2022-06-27,54,Mumbai,6,2022,Satisfactory
2022-06-28,51,Mumbai,6,2022,Satisfactory
2022-06-29,59,Mumbai,6,2022,Satisfactory
2022-06-30,58,Mumbai,6,2022,Satisfactory
2022-07-01,58,Mumbai,7,2022,Satisfactory
2022-07-02,67,Mumbai,7,2022,Satisfactory
2022-07-03,72,Mumbai,7,2022,Satisfactory
2022-07-04,65,Mumbai,7,2022,Satisfactory
2022-07-05,60,Mumbai,7,2022,Satisfactory
2022-07-06,61,Mumbai,7,2022,Satisfactory
2022-07-07,56,Mumbai,7,2022,Satisfactory
2022-07-08,68,Mumbai,7,2022,Satisfactory
2022-07-09,68,Mumbai,7,2022,Satisfactory
2022-07-10,65,Mumbai,7,2022,Satisfactory
2022-07-11,68,Mumbai,7,2022,Satisfactory
2022-07-12,54,Mumbai,7,2022,Satisfactory
2022-07-14,53,Mumbai,7,2022,Satisfactory
2022-07-15,56,Mumbai,7,2022,Satisfactory
2022-07-16,62,Mumbai,7,2022,Satisfactory
2022-07-17,64,Mumbai,7,2022,Satisfactory
2022-07-18,85,Mumbai,7,2022,Satisfactory
2022-07-19,83,Mumbai,7,2022,Satisfactory
2022-07-20,58,Mumbai,7,2022,Satisfactory
2022-07-21,63,Mumbai,7,2022,Satisfactory
2022-07-22,63,Mumbai,7,2022,Satisfactory
2022-07-23,60,Mumbai,7,2022,Satisfactory
2022-07-24,48,Mumbai,7,2022,Good
2022-07-25,49,Mumbai,7,2022,Good
2022-07-26,50,Mumbai,7,2022,Good
2022-07-27,67,Mumbai,7,2022,Satisfactory
2022-07-28,73,Mumbai,7,2022,Satisfactory
2022-07-29,81,Mumbai,7,2022,Satisfactory
2022-07-30,71,Mumbai,7,2022,Satisfactory
2022-07-31,74,Mumbai,7,2022,Satisfactory
2022-08-01,65,Mumbai,8,2022,Satisfactory
2022-08-02,63,Mumbai,8,2022,Satisfactory
2022-08-03,89,Mumbai,8,2022,Satisfactory
2022-08-04,61,Mumbai,8,2022,Satisfactory
2022-08-05,71,Mumbai,8,2022,Satisfactory
2022-08-06,50,Mumbai,8,2022,Good
2022-08-07,51,Mumbai,8,2022,Satisfactory
2022-08-08,48,Mumbai,8,2022,Good
2022-08-09,45,Mumbai,8,2022,Good
2022-08-10,46,Mumbai,8,2022,Good
2022-08-11,43,Mumbai,8,2022,Good
2022-08-12,46,Mumbai,8,2022,Good
2022-08-13,45,Mumbai,8,2022,Good
2022-08-14,68,Mumbai,8,2022,Satisfactory
2022-08-15,79,Mumbai,8,2022,Satisfactory
2022-08-16,80,Mumbai,8,2022,Satisfactory
2022-08-17,67,Mumbai,8,2022,Satisfactory
2022-08-18,55,Mumbai,8,2022,Satisfactory
2022-08-19,56,Mumbai,8,2022,Satisfactory
2022-08-20,55,Mumbai,8,2022,Satisfactory
2022-08-21,56,Mumbai,8,2022,Satisfactory
2022-08-22,58,Mumbai,8,2022,Satisfactory
2022-08-23,53,Mumbai,8,2022,Satisfactory
2022-08-24,53,Mumbai,8,2022,Satisfactory
2022-08-25,71,Mumbai,8,2022,Satisfactory
2022-08-26,63,Mumbai,8,2022,Satisfactory
2022-08-27,73,Mumbai,8,2022,Satisfactory
2022-08-28,71,Mumbai,8,2022,Satisfactory
2022-08-29,67,Mumbai,8,2022,Satisfactory
2022-08-30,86,Mumbai,8,2022,Satisfactory
2022-08-31,80,Mumbai,8,2022,Satisfactory
2022-09-01,61,Mumbai,9,2022,Satisfactory
2022-09-02,73,Mumbai,9,2022,Satisfactory
2022-09-03,79,Mumbai,9,2022,Satisfactory
2022-09-04,67,Mumbai,9,2022,Satisfactory
2022-09-05,59,Mumbai,9,2022,Satisfactory
2022-09-06,59,Mumbai,9,2022,Satisfactory
2022-09-07,68,Mumbai,9,2022,Satisfactory
2022-09-08,62,Mumbai,9,2022,Satisfactory
2022-09-09,71,Mumbai,9,2022,Satisfactory
2022-09-10,66,Mumbai,9,2022,Satisfactory
2022-09-11,71,Mumbai,9,2022,Satisfactory
2022-09-12,65,Mumbai,9,2022,Satisfactory
2022-09-13,60,Mumbai,9,2022,Satisfactory
2022-09-14,53,Mumbai,9,2022,Satisfactory
2022-09-15,51,Mumbai,9,2022,Satisfactory
2022-09-16,50,Mumbai,9,2022,Good
2022-09-17,46,Mumbai,9,2022,Good
2022-09-18,39,Mumbai,9,2022,Good
2022-09-19,45,Mumbai,9,2022,Good
2022-09-20,60,Mumbai,9,2022,Satisfactory
2022-09-21,53,Mumbai,9,2022,Satisfactory
2022-09-22,50,Mumbai,9,2022,Good
2022-09-23,61,Mumbai,9,2022,Satisfactory
2022-09-24,47,Mumbai,9,2022,Good
2022-09-25,54,Mumbai,9,2022,Satisfactory
2022-09-26,58,Mumbai,9,2022,Satisfactory
2022-09-27,65,Mumbai,9,2022,Satisfactory
2022-09-28,66,Mumbai,9,2022,Satisfactory
2022-09-29,73,Mumbai,9,2022,Satisfactory
2022-09-30,70,Mumbai,9,2022,Satisfactory
2022-10-01,78,Mumbai,10,2022,Satisfactory
2022-10-02,57,Mumbai,10,2022,Satisfactory
2022-10-03,56,Mumbai,10,2022,Satisfactory
2022-10-04,66,Mumbai,10,2022,Satisfactory
2022-10-05,75,Mumbai,10,2022,Satisfactory
2022-10-06,66,Mumbai,10,2022,Satisfactory
2022-10-07,69,Mumbai,10,2022,Satisfactory
2022-10-08,68,Mumbai,10,2022,Satisfactory
2022-10-09,60,Mumbai,10,2022,Satisfactory
2022-10-10,71,Mumbai,10,2022,Satisfactory
2022-10-11,67,Mumbai,10,2022,Satisfactory
2022-10-12,73,Mumbai,10,2022,Satisfactory
2022-10-13,81,Mumbai,10,2022,Satisfactory
2022-10-14,79,Mumbai,10,2022,Satisfactory
2022-10-15,82,Mumbai,10,2022,Satisfactory
2022-10-16,107,Mumbai,10,2022,Moderate
2022-10-17,99,Mumbai,10,2022,Satisfactory
2022-10-18,85,Mumbai,10,2022,Satisfactory
2022-10-19,80,Mumbai,10,2022,Satisfactory
2022-10-20,87,Mumbai,10,2022,Satisfactory
2022-10-21,100,Mumbai,10,2022,Satisfactory
2022-10-22,82,Mumbai,10,2022,Satisfactory
2022-10-23,123,Mumbai,10,2022,Moderate
2022-10-24,136,Mumbai,10,2022,Moderate
2022-10-25,213,Mumbai,10,2022,Poor
2022-10-26,159,Mumbai,10,2022,Moderate
2022-10-27,163,Mumbai,10,2022,Moderate
2022-10-28,151,Mumbai,10,2022,Moderate
2022-10-29,144,Mumbai,10,2022,Moderate
2022-10-30,127,Mumbai,10,2022,Moderate
2022-10-31,130,Mumbai,10,2022,Moderate
2022-11-01,152,Mumbai,11,2022,Moderate
2022-11-02,169,Mumbai,11,2022,Moderate
2022-11-03,141,Mumbai,11,2022,Moderate
2022-11-04,145,Mumbai,11,2022,Moderate
2022-11-05,159,Mumbai,11,2022,Moderate
2022-11-06,158,Mumbai,11,2022,Moderate
2022-11-07,146,Mumbai,11,2022,Moderate
2022-11-08,168,Mumbai,11,2022,Moderate
2022-11-09,192,Mumbai,11,2022,Moderate
2022-11-10,179,Mumbai,11,2022,Moderate
2022-11-11,158,Mumbai,11,2022,Moderate
2022-11-12,156,Mumbai,11,2022,Moderate
2022-11-13,161,Mumbai,11,2022,Moderate
2022-11-14,178,Mumbai,11,2022,Moderate
2022-11-15,220,Mumbai,11,2022,Poor
2022-11-16,190,Mumbai,11,2022,Moderate
2022-11-17,167,Mumbai,11,2022,Moderate
2022-11-18,128,Mumbai,11,2022,Moderate
2022-11-19,134,Mumbai,11,2022,Moderate
2022-11-20,143,Mumbai,11,2022,Moderate
2022-11-21,138,Mumbai,11,2022,Moderate
2022-11-22,173,Mumbai,11,2022,Moderate
2022-11-23,195,Mumbai,11,2022,Moderate
2022-11-24,211,Mumbai,11,2022,Poor
2022-11-25,231,Mumbai,11,2022,Poor
2022-11-26,243,Mumbai,11,2022,Poor
2022-11-27,238,Mumbai,11,2022,Poor
2022-11-28,167,Mumbai,11,2022,Moderate
2022-11-29,158,Mumbai,11,2022,Moderate
2022-11-30,198,Mumbai,11,2022,Moderate
2022-12-01,213,Mumbai,12,2022,Poor
2022-12-02,216,Mumbai,12,2022,Poor
2022-12-03,219,Mumbai,12,2022,Poor
2022-12-04,249,Mumbai,12,2022,Poor
2022-12-05,272,Mumbai,12,2022,Poor
2022-12-06,275,Mumbai,12,2022,Poor
2022-12-07,271,Mumbai,12,2022,Poor
2022-12-08,255,Mumbai,12,2022,Poor
2022-12-09,190,Mumbai,12,2022,Moderate
2022-12-10,170,Mumbai,12,2022,Moderate
2022-12-11,198,Mumbai,12,2022,Moderate
2022-12-12,168,Mumbai,12,2022,Moderate
2022-12-13,169,Mumbai,12,2022,Moderate
2022-12-14,127,Mumbai,12,2022,Moderate
2022-12-15,117,Mumbai,12,2022,Moderate
2022-12-16,142,Mumbai,12,2022,Moderate
2022-12-17,152,Mumbai,12,2022,Moderate
2022-12-18,165,Mumbai,12,2022,Moderate
2022-12-19,138,Mumbai,12,2022,Moderate
2022-12-20,161,Mumbai,12,2022,Moderate
2022-12-21,189,Mumbai,12,2022,Moderate
2022-12-22,242,Mumbai,12,2022,Poor
2022-12-23,238,Mumbai,12,2022,Poor
2022-12-24,175,Mumbai,12,2022,Moderate
2022-12-25,186,Mumbai,12,2022,Moderate
2022-12-26,198,Mumbai,12,2022,Moderate
2022-12-27,241,Mumbai,12,2022,Poor
2022-12-28,240,Mumbai,12,2022,Poor
2022-12-29,238,Mumbai,12,2022,Poor
2022-12-30,229,Mumbai,12,2022,Poor
2022-12-31,222,Mumbai,12,2022,Poor
2023-01-01,147,Mumbai,1,2023,Moderate
2023-01-02,188,Mumbai,1,2023,Moderate
2023-01-03,214,Mumbai,1,2023,Poor
2023-01-04,204,Mumbai,1,2023,Poor
2023-01-05,223,Mumbai,1,2023,Poor
2023-01-06,255,Mumbai,1,2023,Poor
2023-01-07,204,Mumbai,1,2023,Poor
2023-01-08,198,Mumbai,1,2023,Moderate
2023-01-09,137,Mumbai,1,2023,Moderate
2023-01-10,158,Mumbai,1,2023,Moderate
2023-01-11,213,Mumbai,1,2023,Poor
2023-01-12,196,Mumbai,1,2023,Moderate
2023-01-13,134,Mumbai,1,2023,Moderate
2023-01-14,240,Mumbai,1,2023,Poor
2023-01-15,198,Mumbai,1,2023,Moderate
2023-01-16,214,Mumbai,1,2023,Poor
2023-01-17,236,Mumbai,1,2023,Poor
2023-01-18,264,Mumbai,1,2023,Poor
2023-01-19,256,Mumbai,1,2023,Poor
2023-01-20,231,Mumbai,1,2023,Poor
2023-01-21,175,Mumbai,1,2023,Moderate
2023-01-22,168,Mumbai,1,2023,Moderate
2023-01-23,170,Mumbai,1,2023,Moderate
2023-01-24,175,Mumbai,1,2023,Moderate
2023-01-25,209,Mumbai,1,2023,Poor
2023-01-26,232,Mumbai,1,2023,Poor
2023-01-27,254,Mumbai,1,2023,Poor
2023-01-28,244,Mumbai,1,2023,Poor
2023-01-29,176,Mumbai,1,2023,Moderate
2023-01-30,154,Mumbai,1,2023,Moderate
2023-01-31,225,Mumbai,1,2023,Poor
2023-02-01,227,Mumbai,2,2023,Poor
2023-02-02,180,Mumbai,2,2023,Moderate
2023-02-03,198,Mumbai,2,2023,Moderate
2023-02-04,201,Mumbai,2,2023,Poor
2023-02-05,226,Mumbai,2,2023,Poor
2023-02-06,185,Mumbai,2,2023,Moderate
2023-02-07,177,Mumbai,2,2023,Moderate
2023-02-08,233,Mumbai,2,2023,Poor
2023-02-09,236,Mumbai,2,2023,Poor
2023-02-10,200,Mumbai,2,2023,Moderate
2023-02-11,172,Mumbai,2,2023,Moderate
2023-02-12,165,Mumbai,2,2023,Moderate
2023-02-13,146,Mumbai,2,2023,Moderate
2023-02-14,203,Mumbai,2,2023,Poor
2023-02-15,224,Mumbai,2,2023,Poor
2023-02-16,199,Mumbai,2,2023,Moderate
2023-02-17,201,Mumbai,2,2023,Poor
2023-02-18,185,Mumbai,2,2023,Moderate
2023-02-19,191,Mumbai,2,2023,Moderate
2023-02-20,183,Mumbai,2,2023,Moderate
2023-02-21,201,Mumbai,2,2023,Poor
2023-02-22,123,Mumbai,2,2023,Moderate
2023-02-23,172,Mumbai,2,2023,Moderate
2023-02-24,219,Mumbai,2,2023,Poor
2023-02-25,197,Mumbai,2,2023,Moderate
2023-02-26,208,Mumbai,2,2023,Poor
2023-02-27,194,Mumbai,2,2023,Moderate
2023-02-28,188,Mumbai,2,2023,Moderate
2023-03-01,174,Mumbai,3,2023,Moderate
2023-03-02,205,Mumbai,3,2023,Poor
2023-03-03,262,Mumbai,3,2023,Poor
2023-03-04,281,Mumbai,3,2023,Poor
2023-03-05,260,Mumbai,3,2023,Poor
2023-03-06,246,Mumbai,3,2023,Poor
2023-03-07,139,Mumbai,3,2023,Moderate
2023-03-08,136,Mumbai,3,2023,Moderate
2023-03-09,156,Mumbai,3,2023,Moderate
2023-03-10,145,Mumbai,3,2023,Moderate
2023-03-11,163,Mumbai,3,2023,Moderate
2023-03-12,186,Mumbai,3,2023,Moderate
2023-03-13,213,Mumbai,3,2023,Poor
2023-03-14,199,Mumbai,3,2023,Moderate
2023-03-15,165,Mumbai,3,2023,Moderate
2023-03-16,146,Mumbai,3,2023,Moderate
2023-03-17,117,Mumbai,3,2023,Moderate
2023-03-18,118,Mumbai,3,2023,Moderate
2023-03-19,97,Mumbai,3,2023,Satisfactory
2023-03-20,90,Mumbai,3,2023,Satisfactory
2023-03-21,91,Mumbai,3,2023,Satisfactory
2023-03-22,96,Mumbai,3,2023,Satisfactory
2023-03-23,86,Mumbai,3,2023,Satisfactory
2023-03-24,73,Mumbai,3,2023,Satisfactory
2023-03-25,88,Mumbai,3,2023,Satisfactory
2023-03-26,98,Mumbai,3,2023,Satisfactory
2023-03-27,97,Mumbai,3,2023,Satisfactory
2023-03-28,117,Mumbai,3,2023,Moderate
2023-03-29,125,Mumbai,3,2023,Moderate
2023-03-30,106,Mumbai,3,2023,Moderate
2023-03-31,82,Mumbai,3,2023,Satisfactory
2023-04-01,108,Mumbai,4,2023,Moderate
2023-04-02,93,Mumbai,4,2023,Satisfactory
2023-04-03,86,Mumbai,4,2023,Satisfactory
2023-04-04,86,Mumbai,4,2023,Satisfactory
2023-04-05,87,Mumbai,4,2023,Satisfactory
2023-04-06,99,Mumbai,4,2023,Satisfactory
2023-04-07,149,Mumbai,4,2023,Moderate
2023-04-08,182,Mumbai,4,2023,Moderate
2023-04-09,156,Mumbai,4,2023,Moderate
2023-04-10,132,Mumbai,4,2023,Moderate
2023-04-11,112,Mumbai,4,2023,Moderate
2023-04-12,134,Mumbai,4,2023,Moderate
2023-04-13,130,Mumbai,4,2023,Moderate
2023-04-14,126,Mumbai,4,2023,Moderate
2023-04-15,110,Mumbai,4,2023,Moderate
2023-04-16,100,Mumbai,4,2023,Satisfactory
2023-04-17,95,Mumbai,4,2023,Satisfactory
2023-04-18,103,Mumbai,4,2023,Moderate
2023-04-19,125,Mumbai,4,2023,Moderate
2023-04-20,106,Mumbai,4,2023,Moderate
2023-04-21,79,Mumbai,4,2023,Satisfactory
2023-04-22,74,Mumbai,4,2023,Satisfactory
2023-04-23,86,Mumbai,4,2023,Satisfactory
2023-04-24,77,Mumbai,4,2023,Satisfactory
2023-04-25,101,Mumbai,4,2023,Moderate
2023-04-26,94,Mumbai,4,2023,Satisfactory
2023-04-27,92,Mumbai,4,2023,Satisfactory
2023-04-28,71,Mumbai,4,2023,Satisfactory
2023-04-29,81,Mumbai,4,2023,Satisfactory
2023-04-30,81,Mumbai,4,2023,Satisfactory
2023-05-01,74,Mumbai,5,2023,Satisfactory
2023-05-02,78,Mumbai,5,2023,Satisfactory
2023-05-03,80,Mumbai,5,2023,Satisfactory
2023-05-04,76,Mumbai,5,2023,Satisfactory
2023-05-05,75,Mumbai,5,2023,Satisfactory
2023-05-06,74,Mumbai,5,2023,Satisfactory
2023-05-07,84,Mumbai,5,2023,Satisfactory
2023-05-08,82,Mumbai,5,2023,Satisfactory
2023-05-09,91,Mumbai,5,2023,Satisfactory
2023-05-10,112,Mumbai,5,2023,Moderate
2023-05-11,121,Mumbai,5,2023,Moderate
2023-05-12,120,Mumbai,5,2023,Moderate
2023-05-13,99,Mumbai,5,2023,Satisfactory
2023-05-14,52,Mumbai,5,2023,Satisfactory
2023-05-15,68,Mumbai,5,2023,Satisfactory
2023-05-16,67,Mumbai,5,2023,Satisfactory
2023-05-17,69,Mumbai,5,2023,Satisfactory
2023-05-18,75,Mumbai,5,2023,Satisfactory
2023-05-19,76,Mumbai,5,2023,Satisfactory
2023-05-20,80,Mumbai,5,2023,Satisfactory
2023-05-21,73,Mumbai,5,2023,Satisfactory
2023-05-22,70,Mumbai,5,2023,Satisfactory
2023-05-23,79,Mumbai,5,2023,Satisfactory
2023-05-24,69,Mumbai,5,2023,Satisfactory
2023-05-25,68,Mumbai,5,2023,Satisfactory
2023-05-26,67,Mumbai,5,2023,Satisfactory
2023-05-27,73,Mumbai,5,2023,Satisfactory
2023-05-28,75,Mumbai,5,2023,Satisfactory
2023-05-29,78,Mumbai,5,2023,Satisfactory
2023-05-30,80,Mumbai,5,2023,Satisfactory
2023-05-31,97,Mumbai,5,2023,Satisfactory
2023-06-01,89,Mumbai,6,2023,Satisfactory
2023-06-02,84,Mumbai,6,2023,Satisfactory
2023-06-03,74,Mumbai,6,2023,Satisfactory
2023-06-04,72,Mumbai,6,2023,Satisfactory
2023-06-05,73,Mumbai,6,2023,Satisfactory
2023-06-06,81,Mumbai,6,2023,Satisfactory
2023-06-07,87,Mumbai,6,2023,Satisfactory
2023-06-08,89,Mumbai,6,2023,Satisfactory
2023-06-09,81,Mumbai,6,2023,Satisfactory
2023-06-10,85,Mumbai,6,2023,Satisfactory
2023-06-11,85,Mumbai,6,2023,Satisfactory
2023-06-12,90,Mumbai,6,2023,Satisfactory
2023-06-13,83,Mumbai,6,2023,Satisfactory
2023-06-14,78,Mumbai,6,2023,Satisfactory
2023-06-15,83,Mumbai,6,2023,Satisfactory
2023-06-16,84,Mumbai,6,2023,Satisfactory
2023-06-17,89,Mumbai,6,2023,Satisfactory
2023-06-18,98,Mumbai,6,2023,Satisfactory
2023-06-19,92,Mumbai,6,2023,Satisfactory
2023-06-20,93,Mumbai,6,2023,Satisfactory
2023-06-21,100,Mumbai,6,2023,Satisfactory
2023-06-22,97,Mumbai,6,2023,Satisfactory
2023-06-23,77,Mumbai,6,2023,Satisfactory
2023-06-24,73,Mumbai,6,2023,Satisfactory
2023-06-25,61,Mumbai,6,2023,Satisfactory
2023-06-26,73,Mumbai,6,2023,Satisfactory
2023-06-27,58,Mumbai,6,2023,Satisfactory
2023-06-28,61,Mumbai,6,2023,Satisfactory
2023-06-29,53,Mumbai,6,2023,Satisfactory
2023-06-30,56,Mumbai,6,2023,Satisfactory
2023-07-01,67,Mumbai,7,2023,Satisfactory
2023-07-02,54,Mumbai,7,2023,Satisfactory
2023-07-03,62,Mumbai,7,2023,Satisfactory
2023-07-04,65,Mumbai,7,2023,Satisfactory
2023-07-05,65,Mumbai,7,2023,Satisfactory
2023-07-06,51,Mumbai,7,2023,Satisfactory
2023-07-07,54,Mumbai,7,2023,Satisfactory
2023-07-08,91,Mumbai,7,2023,Satisfactory
2023-07-09,70,Mumbai,7,2023,Satisfactory
2023-07-10,65,Mumbai,7,2023,Satisfactory
2023-07-11,73,Mumbai,7,2023,Satisfactory
2023-07-12,77,Mumbai,7,2023,Satisfactory
2023-07-13,108,Mumbai,7,2023,Moderate
2023-07-14,87,Mumbai,7,2023,Satisfactory
2023-07-15,82,Mumbai,7,2023,Satisfactory
2023-07-16,87,Mumbai,7,2023,Satisfactory
2023-07-17,83,Mumbai,7,2023,Satisfactory
2023-07-18,80,Mumbai,7,2023,Satisfactory
2023-07-19,86,Mumbai,7,2023,Satisfactory
2023-07-20,86,Mumbai,7,2023,Satisfactory
2023-07-21,87,Mumbai,7,2023,Satisfactory
2023-07-22,88,Mumbai,7,2023,Satisfactory
2023-07-23,88,Mumbai,7,2023,Satisfactory
2023-07-24,87,Mumbai,7,2023,Satisfactory
2023-07-25,81,Mumbai,7,2023,Satisfactory
2023-07-26,48,Mumbai,7,2023,Good
2023-07-27,45,Mumbai,7,2023,Good
2023-07-28,49,Mumbai,7,2023,Good
2023-07-29,51,Mumbai,7,2023,Satisfactory
2023-07-30,52,Mumbai,7,2023,Satisfactory
2023-07-31,53,Mumbai,7,2023,Satisfactory
2023-08-01,54,Mumbai,8,2023,Satisfactory
2023-08-02,58,Mumbai,8,2023,Satisfactory
2023-08-03,62,Mumbai,8,2023,Satisfactory
2023-08-04,73,Mumbai,8,2023,Satisfactory
2023-08-05,62,Mumbai,8,2023,Satisfactory
2023-08-06,68,Mumbai,8,2023,Satisfactory
2023-08-07,70,Mumbai,8,2023,Satisfactory
2023-08-08,71,Mumbai,8,2023,Satisfactory
2023-08-09,78,Mumbai,8,2023,Satisfactory
2023-08-10,65,Mumbai,8,2023,Satisfactory
2023-08-11,61,Mumbai,8,2023,Satisfactory
2023-08-12,65,Mumbai,8,2023,Satisfactory
2023-08-13,68,Mumbai,8,2023,Satisfactory
2023-08-14,67,Mumbai,8,2023,Satisfactory
2023-08-15,62,Mumbai,8,2023,Satisfactory
2023-08-16,56,Mumbai,8,2023,Satisfactory
2023-08-17,55,Mumbai,8,2023,Satisfactory
2023-08-18,55,Mumbai,8,2023,Satisfactory
2023-08-19,50,Mumbai,8,2023,Good
2023-08-20,53,Mumbai,8,2023,Satisfactory
2023-08-21,51,Mumbai,8,2023,Satisfactory
2023-08-22,50,Mumbai,8,2023,Good
2023-08-23,52,Mumbai,8,2023,Satisfactory
2023-08-24,53,Mumbai,8,2023,Satisfactory
2023-08-25,54,Mumbai,8,2023,Satisfactory
2023-08-26,61,Mumbai,8,2023,Satisfactory
2023-08-27,60,Mumbai,8,2023,Satisfactory
2023-08-28,56,Mumbai,8,2023,Satisfactory
2023-08-29,64,Mumbai,8,2023,Satisfactory
2023-08-30,87,Mumbai,8,2023,Satisfactory
2023-08-31,91,Mumbai,8,2023,Satisfactory
2023-09-01,84,Mumbai,9,2023,Satisfactory
2023-09-02,81,Mumbai,9,2023,Satisfactory
2023-09-03,80,Mumbai,9,2023,Satisfactory
2023-09-04,86,Mumbai,9,2023,Satisfactory
2023-09-05,81,Mumbai,9,2023,Satisfactory
2023-09-06,78,Mumbai,9,2023,Satisfactory
2023-09-07,71,Mumbai,9,2023,Satisfactory
2023-09-08,65,Mumbai,9,2023,Satisfactory
2023-09-09,61,Mumbai,9,2023,Satisfactory
2023-09-10,54,Mumbai,9,2023,Satisfactory
2023-09-11,54,Mumbai,9,2023,Satisfactory
2023-09-12,59,Mumbai,9,2023,Satisfactory
2023-09-13,58,Mumbai,9,2023,Satisfactory
2023-09-14,63,Mumbai,9,2023,Satisfactory
2023-09-15,65,Mumbai,9,2023,Satisfactory
2023-09-16,60,Mumbai,9,2023,Satisfactory
2023-09-17,57,Mumbai,9,2023,Satisfactory
2023-09-18,58,Mumbai,9,2023,Satisfactory
2023-09-19,53,Mumbai,9,2023,Satisfactory
2023-09-20,51,Mumbai,9,2023,Satisfactory
2023-09-21,59,Mumbai,9,2023,Satisfactory
2023-09-22,59,Mumbai,9,2023,Satisfactory
2023-09-23,58,Mumbai,9,2023,Satisfactory
2023-09-24,53,Mumbai,9,2023,Satisfactory
2023-09-25,59,Mumbai,9,2023,Satisfactory
2023-09-26,67,Mumbai,9,2023,Satisfactory
2023-09-27,68,Mumbai,9,2023,Satisfactory
2023-09-28,77,Mumbai,9,2023,Satisfactory
2023-09-29,94,Mumbai,9,2023,Satisfactory
2023-09-30,72,Mumbai,9,2023,Satisfactory
2023-10-01,87,Mumbai,10,2023,Satisfactory
2023-10-02,97,Mumbai,10,2023,Satisfactory
2023-10-03,116,Mumbai,10,2023,Moderate
2023-10-04,121,Mumbai,10,2023,Moderate
2023-10-05,120,Mumbai,10,2023,Moderate
2023-10-06,131,Mumbai,10,2023,Moderate
2023-10-07,120,Mumbai,10,2023,Moderate
2023-10-08,110,Mumbai,10,2023,Moderate
2023-10-09,144,Mumbai,10,2023,Moderate
2023-10-10,109,Mumbai,10,2023,Moderate
2023-10-11,88,Mumbai,10,2023,Satisfactory
2023-10-12,100,Mumbai,10,2023,Satisfactory
2023-10-13,159,Mumbai,10,2023,Moderate
2023-10-14,177,Mumbai,10,2023,Moderate
2023-10-15,150,Mumbai,10,2023,Moderate
2023-10-16,185,Mumbai,10,2023,Moderate
2023-10-17,189,Mumbai,10,2023,Moderate
2023-10-18,199,Mumbai,10,2023,Moderate
2023-10-19,156,Mumbai,10,2023,Moderate
2023-10-20,185,Mumbai,10,2023,Moderate
2023-10-21,155,Mumbai,10,2023,Moderate
2023-10-22,172,Mumbai,10,2023,Moderate
2023-10-23,177,Mumbai,10,2023,Moderate
2023-10-24,182,Mumbai,10,2023,Moderate
2023-10-25,157,Mumbai,10,2023,Moderate
2023-10-26,157,Mumbai,10,2023,Moderate
2023-10-27,139,Mumbai,10,2023,Moderate
2023-10-28,153,Mumbai,10,2023,Moderate
2023-10-29,152,Mumbai,10,2023,Moderate
2023-10-30,157,Mumbai,10,2023,Moderate
2023-10-31,168,Mumbai,10,2023,Moderate
2023-11-01,175,Mumbai,11,2023,Moderate
2023-11-02,169,Mumbai,11,2023,Moderate
2023-11-03,178,Mumbai,11,2023,Moderate
2023-11-04,180,Mumbai,11,2023,Moderate
2023-11-05,198,Mumbai,11,2023,Moderate
2023-11-06,198,Mumbai,11,2023,Moderate
2023-11-07,186,Mumbai,11,2023,Moderate
2023-11-08,131,Mumbai,11,2023,Moderate
2023-11-09,111,Mumbai,11,2023,Moderate
2023-11-10,87,Mumbai,11,2023,Satisfactory
2023-11-11,90,Mumbai,11,2023,Satisfactory
2023-11-12,154,Mumbai,11,2023,Moderate
2023-11-13,193,Mumbai,11,2023,Moderate
2023-11-14,168,Mumbai,11,2023,Moderate
2023-11-15,201,Mumbai,11,2023,Poor
2023-11-16,168,Mumbai,11,2023,Moderate
2023-11-17,140,Mumbai,11,2023,Moderate
2023-11-18,162,Mumbai,11,2023,Moderate
2023-11-19,159,Mumbai,11,2023,Moderate
2023-11-20,115,Mumbai,11,2023,Moderate
2023-11-21,132,Mumbai,11,2023,Moderate
2023-11-22,123,Mumbai,11,2023,Moderate
2023-11-23,137,Mumbai,11,2023,Moderate
2023-11-24,152,Mumbai,11,2023,Moderate
2023-11-25,124,Mumbai,11,2023,Moderate
2023-11-26,98,Mumbai,11,2023,Satisfactory
2023-11-27,59,Mumbai,11,2023,Satisfactory
2023-11-28,61,Mumbai,11,2023,Satisfactory
2023-11-29,94,Mumbai,11,2023,Satisfactory
2023-11-30,102,Mumbai,11,2023,Moderate
2023-12-01,127,Mumbai,12,2023,Moderate
2023-12-02,138,Mumbai,12,2023,Moderate
2023-12-03,144,Mumbai,12,2023,Moderate
2023-12-04,128,Mumbai,12,2023,Moderate
2023-12-05,136,Mumbai,12,2023,Moderate
2023-12-06,154,Mumbai,12,2023,Moderate
2023-12-07,125,Mumbai,12,2023,Moderate
2023-12-08,117,Mumbai,12,2023,Moderate
2023-12-09,114,Mumbai,12,2023,Moderate
2023-12-10,114,Mumbai,12,2023,Moderate
2023-12-11,108,Mumbai,12,2023,Moderate
2023-12-12,114,Mumbai,12,2023,Moderate
2023-12-13,115,Mumbai,12,2023,Moderate
2023-12-14,134,Mumbai,12,2023,Moderate
2023-12-15,139,Mumbai,12,2023,Moderate
2023-12-16,133,Mumbai,12,2023,Moderate
2023-12-17,126,Mumbai,12,2023,Moderate
2023-12-18,136,Mumbai,12,2023,Moderate
2023-12-19,138,Mumbai,12,2023,Moderate
2023-12-20,134,Mumbai,12,2023,Moderate
2023-12-21,157,Mumbai,12,2023,Moderate
2023-12-22,189,Mumbai,12,2023,Moderate
2023-12-23,190,Mumbai,12,2023,Moderate
2023-12-24,166,Mumbai,12,2023,Moderate
2023-12-25,155,Mumbai,12,2023,Moderate
2023-12-26,178,Mumbai,12,2023,Moderate
2023-12-27,174,Mumbai,12,2023,Moderate
2023-12-28,194,Mumbai,12,2023,Moderate
2023-12-29,181,Mumbai,12,2023,Moderate
2023-12-30,161,Mumbai,12,2023,Moderate
2023-12-31,143,Mumbai,12,2023,Moderate
2024-01-01,132,Mumbai,1,2024,Moderate
2024-01-02,133,Mumbai,1,2024,Moderate
2024-01-03,117,Mumbai,1,2024,Moderate
2024-01-04,129,Mumbai,1,2024,Moderate
2024-01-05,123,Mumbai,1,2024,Moderate
2024-01-06,128,Mumbai,1,2024,Moderate
2024-01-07,124,Mumbai,1,2024,Moderate
2024-01-08,97,Mumbai,1,2024,Satisfactory
2024-01-09,115,Mumbai,1,2024,Moderate
2024-01-10,82,Mumbai,1,2024,Satisfactory
2024-01-11,128,Mumbai,1,2024,Moderate
2024-01-12,146,Mumbai,1,2024,Moderate
2024-01-13,135,Mumbai,1,2024,Moderate
2024-01-14,111,Mumbai,1,2024,Moderate
2024-01-15,76,Mumbai,1,2024,Satisfactory
2024-01-16,74,Mumbai,1,2024,Satisfactory
2024-01-17,101,Mumbai,1,2024,Moderate
2024-01-18,100,Mumbai,1,2024,Satisfactory
2024-01-19,110,Mumbai,1,2024,Moderate
2024-01-20,151,Mumbai,1,2024,Moderate
2024-01-21,103,Mumbai,1,2024,Moderate
2024-01-22,128,Mumbai,1,2024,Moderate
2024-01-23,116,Mumbai,1,2024,Moderate
2024-01-24,100,Mumbai,1,2024,Satisfactory
2024-01-25,107,Mumbai,1,2024,Moderate
2024-01-26,144,Mumbai,1,2024,Moderate
2024-01-27,123,Mumbai,1,2024,Moderate
2024-01-28,121,Mumbai,1,2024,Moderate
2024-01-29,116,Mumbai,1,2024,Moderate
2024-01-30,114,Mumbai,1,2024,Moderate
2024-01-31,120,Mumbai,1,2024,Moderate
2024-02-01,93,Mumbai,2,2024,Satisfactory
2024-02-02,63,Mumbai,2,2024,Satisfactory
2024-02-03,122,Mumbai,2,2024,Moderate
2024-02-04,158,Mumbai,2,2024,Moderate
2024-02-05,154,Mumbai,2,2024,Moderate
2024-02-06,127,Mumbai,2,2024,Moderate
2024-02-07,115,Mumbai,2,2024,Moderate
2024-02-08,131,Mumbai,2,2024,Moderate
2024-02-09,127,Mumbai,2,2024,Moderate
2024-02-10,120,Mumbai,2,2024,Moderate
2024-02-11,121,Mumbai,2,2024,Moderate
2024-02-12,128,Mumbai,2,2024,Moderate
2024-02-13,130,Mumbai,2,2024,Moderate
2024-02-14,116,Mumbai,2,2024,Moderate
2024-02-15,124,Mumbai,2,2024,Moderate
2024-02-16,191,Mumbai,2,2024,Moderate
2024-02-17,174,Mumbai,2,2024,Moderate
2024-02-18,146,Mumbai,2,2024,Moderate
2024-02-19,111,Mumbai,2,2024,Moderate
2024-02-20,76,Mumbai,2,2024,Satisfactory
2024-02-21,60,Mumbai,2,2024,Satisfactory
2024-02-22,64,Mumbai,2,2024,Satisfactory
2024-02-23,77,Mumbai,2,2024,Satisfactory
2024-02-24,100,Mumbai,2,2024,Satisfactory
2024-02-25,118,Mumbai,2,2024,Moderate
2024-02-26,158,Mumbai,2,2024,Moderate
2024-02-27,148,Mumbai,2,2024,Moderate
2024-02-28,112,Mumbai,2,2024,Moderate
2024-02-29,165,Mumbai,2,2024,Moderate
2024-03-01,118,Mumbai,3,2024,Moderate
2024-03-02,71,Mumbai,3,2024,Satisfactory
2024-03-03,55,Mumbai,3,2024,Satisfactory
2024-03-04,72,Mumbai,3,2024,Satisfactory
2024-03-05,109,Mumbai,3,2024,Moderate
2024-03-06,119,Mumbai,3,2024,Moderate
2024-03-07,108,Mumbai,3,2024,Moderate
2024-03-08,124,Mumbai,3,2024,Moderate
2024-03-09,122,Mumbai,3,2024,Moderate
2024-03-10,113,Mumbai,3,2024,Moderate
2024-03-11,111,Mumbai,3,2024,Moderate
2024-03-12,111,Mumbai,3,2024,Moderate
2024-03-13,87,Mumbai,3,2024,Satisfactory
2024-03-14,74,Mumbai,3,2024,Satisfactory
2024-03-15,125,Mumbai,3,2024,Moderate
2024-03-16,122,Mumbai,3,2024,Moderate
2024-03-17,97,Mumbai,3,2024,Satisfactory
2024-03-18,86,Mumbai,3,2024,Satisfactory
2024-03-19,106,Mumbai,3,2024,Moderate
2024-03-20,120,Mumbai,3,2024,Moderate
2024-03-21,130,Mumbai,3,2024,Moderate
2024-03-22,144,Mumbai,3,2024,Moderate
2024-03-23,102,Mumbai,3,2024,Moderate
2024-03-24,73,Mumbai,3,2024,Satisfactory
2024-03-25,74,Mumbai,3,2024,Satisfactory
2024-03-26,63,Mumbai,3,2024,Satisfactory
2024-03-27,74,Mumbai,3,2024,Satisfactory
2024-03-28,75,Mumbai,3,2024,Satisfactory
2024-03-29,88,Mumbai,3,2024,Satisfactory
2024-03-30,93,Mumbai,3,2024,Satisfactory
2024-03-31,95,Mumbai,3,2024,Satisfactory
2024-04-01,106,Mumbai,4,2024,Moderate
2024-04-02,160,Mumbai,4,2024,Moderate
2024-04-03,128,Mumbai,4,2024,Moderate
2024-04-04,89,Mumbai,4,2024,Satisfactory
2024-04-05,91,Mumbai,4,2024,Satisfactory
2024-04-06,131,Mumbai,4,2024,Moderate
2024-04-07,95,Mumbai,4,2024,Satisfactory
2024-04-08,74,Mumbai,4,2024,Satisfactory
2024-04-09,93,Mumbai,4,2024,Satisfactory
2024-04-10,88,Mumbai,4,2024,Satisfactory
2024-04-11,88,Mumbai,4,2024,Satisfactory
2024-04-12,79,Mumbai,4,2024,Satisfactory
2024-04-13,68,Mumbai,4,2024,Satisfactory
2024-04-14,69,Mumbai,4,2024,Satisfactory
2024-04-15,80,Mumbai,4,2024,Satisfactory
2024-04-16,136,Mumbai,4,2024,Moderate
2024-04-17,107,Mumbai,4,2024,Moderate
2024-04-18,98,Mumbai,4,2024,Satisfactory
2024-04-19,80,Mumbai,4,2024,Satisfactory
2024-04-20,108,Mumbai,4,2024,Moderate
2024-04-21,82,Mumbai,4,2024,Satisfactory
2024-04-22,69,Mumbai,4,2024,Satisfactory
2024-04-23,72,Mumbai,4,2024,Satisfactory
2024-04-24,93,Mumbai,4,2024,Satisfactory
2024-04-25,100,Mumbai,4,2024,Satisfactory
2024-04-26,84,Mumbai,4,2024,Satisfactory
2024-04-27,88,Mumbai,4,2024,Satisfactory
2024-04-28,155,Mumbai,4,2024,Moderate
2024-04-29,133,Mumbai,4,2024,Moderate
2024-04-30,118,Mumbai,4,2024,Moderate
2024-05-01,102,Mumbai,5,2024,Moderate
2024-05-02,92,Mumbai,5,2024,Satisfactory
2024-05-03,117,Mumbai,5,2024,Moderate
2024-05-04,89,Mumbai,5,2024,Satisfactory
2024-05-05,79,Mumbai,5,2024,Satisfactory
2024-05-06,68,Mumbai,5,2024,Satisfactory
2024-05-07,65,Mumbai,5,2024,Satisfactory
2024-05-08,77,Mumbai,5,2024,Satisfactory
2024-05-09,70,Mumbai,5,2024,Satisfactory
2024-05-10,67,Mumbai,5,2024,Satisfactory
2024-05-11,68,Mumbai,5,2024,Satisfactory
2024-05-12,77,Mumbai,5,2024,Satisfactory
2024-05-13,73,Mumbai,5,2024,Satisfactory
2024-05-14,132,Mumbai,5,2024,Moderate
2024-05-15,137,Mumbai,5,2024,Moderate
2024-05-16,96,Mumbai,5,2024,Satisfactory
2024-05-17,97,Mumbai,5,2024,Satisfactory
2024-05-18,90,Mumbai,5,2024,Satisfactory
2024-05-19,89,Mumbai,5,2024,Satisfactory
2024-05-20,68,Mumbai,5,2024,Satisfactory
2024-05-21,66,Mumbai,5,2024,Satisfactory
2024-05-22,74,Mumbai,5,2024,Satisfactory
2024-05-23,75,Mumbai,5,2024,Satisfactory
2024-05-24,70,Mumbai,5,2024,Satisfactory
2024-05-25,64,Mumbai,5,2024,Satisfactory
2024-05-26,61,Mumbai,5,2024,Satisfactory
2024-05-27,69,Mumbai,5,2024,Satisfactory
2024-05-28,69,Mumbai,5,2024,Satisfactory
2024-05-29,71,Mumbai,5,2024,Satisfactory
2024-05-30,82,Mumbai,5,2024,Satisfactory
2024-05-31,71,Mumbai,5,2024,Satisfactory
2024-06-01,62,Mumbai,6,2024,Satisfactory
2024-06-02,50,Mumbai,6,2024,Good
2024-06-03,68,Mumbai,6,2024,Satisfactory
2024-06-04,82,Mumbai,6,2024,Satisfactory
2024-06-05,69,Mumbai,6,2024,Satisfactory
2024-06-06,59,Mumbai,6,2024,Satisfactory
2024-06-07,62,Mumbai,6,2024,Satisfactory
2024-06-08,57,Mumbai,6,2024,Satisfactory
2024-06-09,56,Mumbai,6,2024,Satisfactory
2024-06-10,48,Mumbai,6,2024,Good
2024-06-11,48,Mumbai,6,2024,Good
2024-06-12,52,Mumbai,6,2024,Satisfactory
2024-06-13,50,Mumbai,6,2024,Good
2024-06-14,45,Mumbai,6,2024,Good
2024-06-15,48,Mumbai,6,2024,Good
2024-06-16,49,Mumbai,6,2024,Good
2024-06-17,64,Mumbai,6,2024,Satisfactory
2024-06-18,54,Mumbai,6,2024,Satisfactory
2024-06-19,46,Mumbai,6,2024,Good
2024-06-20,50,Mumbai,6,2024,Good
2024-06-21,64,Mumbai,6,2024,Satisfactory
2024-06-22,48,Mumbai,6,2024,Good
2024-06-23,64,Mumbai,6,2024,Satisfactory
2024-06-24,44,Mumbai,6,2024,Good
2024-06-25,45,Mumbai,6,2024,Good
2024-06-26,43,Mumbai,6,2024,Good
2024-06-27,36,Mumbai,6,2024,Good
2024-06-28,38,Mumbai,6,2024,Good
2024-06-29,58,Mumbai,6,2024,Satisfactory
2024-06-30,52,Mumbai,6,2024,Satisfactory
2024-07-01,60,Mumbai,7,2024,Satisfactory
2024-07-02,54,Mumbai,7,2024,Satisfactory
2024-07-03,61,Mumbai,7,2024,Satisfactory
2024-07-04,59,Mumbai,7,2024,Satisfactory
2024-07-05,51,Mumbai,7,2024,Satisfactory
2024-07-06,56,Mumbai,7,2024,Satisfactory
2024-07-07,74,Mumbai,7,2024,Satisfactory
2024-07-08,47,Mumbai,7,2024,Good
2024-07-09,36,Mumbai,7,2024,Good
2024-07-10,42,Mumbai,7,2024,Good
2024-07-11,38,Mumbai,7,2024,Good
2024-07-12,36,Mumbai,7,2024,Good
2024-07-13,37,Mumbai,7,2024,Good
2024-07-14,35,Mumbai,7,2024,Good
2024-07-15,47,Mumbai,7,2024,Good
2024-07-16,34,Mumbai,7,2024,Good
2024-07-17,40,Mumbai,7,2024,Good
2024-07-18,33,Mumbai,7,2024,Good
2024-07-19,30,Mumbai,7,2024,Good
2024-07-20,32,Mumbai,7,2024,Good
2024-07-21,36,Mumbai,7,2024,Good
2024-07-22,33,Mumbai,7,2024,Good
2024-07-23,34,Mumbai,7,2024,Good
2024-07-24,42,Mumbai,7,2024,Good
2024-07-25,34,Mumbai,7,2024,Good
2024-07-26,42,Mumbai,7,2024,Good
2024-07-27,47,Mumbai,7,2024,Good
2024-07-28,62,Mumbai,7,2024,Satisfactory
2024-07-29,51,Mumbai,7,2024,Satisfactory
2024-07-30,52,Mumbai,7,2024,Satisfactory
2024-07-31,42,Mumbai,7,2024,Good
2024-08-01,41,Mumbai,8,2024,Good
2024-08-02,32,Mumbai,8,2024,Good
2024-08-03,31,Mumbai,8,2024,Good
2024-08-04,36,Mumbai,8,2024,Good
2024-08-05,37,Mumbai,8,2024,Good
2024-08-06,35,Mumbai,8,2024,Good
2024-08-07,34,Mumbai,8,2024,Good
2024-08-08,38,Mumbai,8,2024,Good
2024-08-09,39,Mumbai,8,2024,Good
2024-08-10,37,Mumbai,8,2024,Good
2024-08-11,36,Mumbai,8,2024,Good
2024-08-12,42,Mumbai,8,2024,Good
2024-08-13,43,Mumbai,8,2024,Good
2024-08-14,45,Mumbai,8,2024,Good
2024-08-15,48,Mumbai,8,2024,Good
2024-08-16,44,Mumbai,8,2024,Good
2024-08-17,51,Mumbai,8,2024,Satisfactory
2024-08-18,58,Mumbai,8,2024,Satisfactory
2024-08-19,56,Mumbai,8,2024,Satisfactory
2024-08-20,59,Mumbai,8,2024,Satisfactory
2024-08-21,55,Mumbai,8,2024,Satisfactory
2024-08-22,63,Mumbai,8,2024,Satisfactory
2024-08-23,41,Mumbai,8,2024,Good
2024-08-24,34,Mumbai,8,2024,Good
2024-08-25,32,Mumbai,8,2024,Good
2024-08-26,39,Mumbai,8,2024,Good
2024-08-27,41,Mumbai,8,2024,Good
2024-08-28,39,Mumbai,8,2024,Good
2024-08-29,43,Mumbai,8,2024,Good
2024-08-30,45,Mumbai,8,2024,Good
2024-08-31,38,Mumbai,8,2024,Good
2024-09-01,39,Mumbai,9,2024,Good
2024-09-02,45,Mumbai,9,2024,Good
2024-09-03,43,Mumbai,9,2024,Good
2024-09-04,46,Mumbai,9,2024,Good
2024-09-05,36,Mumbai,9,2024,Good
2024-09-06,40,Mumbai,9,2024,Good
2024-09-07,37,Mumbai,9,2024,Good
2024-09-08,34,Mumbai,9,2024,Good
2024-09-09,37,Mumbai,9,2024,Good
2024-09-10,31,Mumbai,9,2024,Good
2024-09-11,40,Mumbai,9,2024,Good
2024-09-12,43,Mumbai,9,2024,Good
2024-09-13,59,Mumbai,9,2024,Satisfactory
2024-09-14,51,Mumbai,9,2024,Satisfactory
2024-09-15,43,Mumbai,9,2024,Good
2024-09-16,65,Mumbai,9,2024,Satisfactory
2024-09-17,60,Mumbai,9,2024,Satisfactory
2024-09-18,65,Mumbai,9,2024,Satisfactory
2024-09-19,66,Mumbai,9,2024,Satisfactory
2024-09-20,76,Mumbai,9,2024,Satisfactory
2024-09-21,64,Mumbai,9,2024,Satisfactory
2024-09-22,56,Mumbai,9,2024,Satisfactory
2024-09-23,53,Mumbai,9,2024,Satisfactory
2024-09-24,44,Mumbai,9,2024,Good
2024-09-25,50,Mumbai,9,2024,Good
2024-09-26,38,Mumbai,9,2024,Good
2024-09-27,34,Mumbai,9,2024,Good
2024-09-28,30,Mumbai,9,2024,Good
2024-09-29,33,Mumbai,9,2024,Good
2024-09-30,43,Mumbai,9,2024,Good
2024-10-01,66,Mumbai,10,2024,Satisfactory
2024-10-02,101,Mumbai,10,2024,Moderate
2024-10-03,58,Mumbai,10,2024,Satisfactory
2024-10-04,54,Mumbai,10,2024,Satisfactory
2024-10-05,54,Mumbai,10,2024,Satisfactory
2024-10-06,61,Mumbai,10,2024,Satisfactory
2024-10-07,116,Mumbai,10,2024,Moderate
2024-10-08,115,Mumbai,10,2024,Moderate
2024-10-09,84,Mumbai,10,2024,Satisfactory
2024-10-10,59,Mumbai,10,2024,Satisfactory
2024-10-11,55,Mumbai,10,2024,Satisfactory
2024-10-12,68,Mumbai,10,2024,Satisfactory
2024-10-13,56,Mumbai,10,2024,Satisfactory
2024-10-14,67,Mumbai,10,2024,Satisfactory
2024-10-15,58,Mumbai,10,2024,Satisfactory
2024-10-16,77,Mumbai,10,2024,Satisfactory
2024-10-17,75,Mumbai,10,2024,Satisfactory
2024-10-18,87,Mumbai,10,2024,Satisfactory
2024-10-19,45,Mumbai,10,2024,Good
2024-10-20,76,Mumbai,10,2024,Satisfactory
2024-10-21,51,Mumbai,10,2024,Satisfactory
2024-10-22,86,Mumbai,10,2024,Satisfactory
2024-10-23,71,Mumbai,10,2024,Satisfactory
2024-10-24,102,Mumbai,10,2024,Moderate
2024-10-25,124,Mumbai,10,2024,Moderate
2024-10-26,112,Mumbai,10,2024,Moderate
2024-10-27,144,Mumbai,10,2024,Moderate
2024-10-28,132,Mumbai,10,2024,Moderate
2024-10-29,96,Mumbai,10,2024,Satisfactory
2024-10-30,94,Mumbai,10,2024,Satisfactory
2024-10-31,167,Mumbai,10,2024,Moderate
2024-11-01,169,Mumbai,11,2024,Moderate
2024-11-02,208,Mumbai,11,2024,Poor
2024-11-03,157,Mumbai,11,2024,Moderate
2024-11-04,159,Mumbai,11,2024,Moderate
2024-11-05,150,Mumbai,11,2024,Moderate
2024-11-06,158,Mumbai,11,2024,Moderate
2024-11-07,137,Mumbai,11,2024,Moderate
2024-11-08,146,Mumbai,11,2024,Moderate
2024-11-09,144,Mumbai,11,2024,Moderate
2024-11-10,141,Mumbai,11,2024,Moderate
2024-11-11,152,Mumbai,11,2024,Moderate
2024-11-12,144,Mumbai,11,2024,Moderate
2024-11-13,132,Mumbai,11,2024,Moderate
2024-11-14,138,Mumbai,11,2024,Moderate
2024-11-15,141,Mumbai,11,2024,Moderate
2024-11-16,154,Mumbai,11,2024,Moderate
2024-11-17,179,Mumbai,11,2024,Moderate
2024-11-18,144,Mumbai,11,2024,Moderate
2024-11-19,123,Mumbai,11,2024,Moderate
2024-11-20,140,Mumbai,11,2024,Moderate
2024-11-21,150,Mumbai,11,2024,Moderate
2024-11-22,170,Mumbai,11,2024,Moderate
2024-11-23,190,Mumbai,11,2024,Moderate
2024-11-24,204,Mumbai,11,2024,Poor
2024-11-25,184,Mumbai,11,2024,Moderate
2024-11-26,156,Mumbai,11,2024,Moderate
2024-11-27,137,Mumbai,11,2024,Moderate
2024-11-28,133,Mumbai,11,2024,Moderate
2024-11-29,134,Mumbai,11,2024,Moderate
2024-11-30,135,Mumbai,11,2024,Moderate
2024-12-01,167,Mumbai,12,2024,Moderate
2024-12-02,174,Mumbai,12,2024,Moderate
2024-12-03,129,Mumbai,12,2024,Moderate
2024-12-04,139,Mumbai,12,2024,Moderate
2024-12-05,154,Mumbai,12,2024,Moderate
2024-12-06,148,Mumbai,12,2024,Moderate
2024-12-07,126,Mumbai,12,2024,Moderate
2024-12-08,125,Mumbai,12,2024,Moderate
2024-12-09,112,Mumbai,12,2024,Moderate
2024-12-10,131,Mumbai,12,2024,Moderate
2024-12-11,139,Mumbai,12,2024,Moderate
2024-12-12,137,Mumbai,12,2024,Moderate
2024-12-13,128,Mumbai,12,2024,Moderate
2024-12-14,134,Mumbai,12,2024,Moderate
2024-12-15,159,Mumbai,12,2024,Moderate
2024-12-16,158,Mumbai,12,2024,Moderate
2024-12-17,188,Mumbai,12,2024,Moderate
2024-12-18,199,Mumbai,12,2024,Moderate
2024-12-19,198,Mumbai,12,2024,Moderate
2024-12-20,180,Mumbai,12,2024,Moderate
2024-12-21,194,Mumbai,12,2024,Moderate
2024-12-22,178,Mumbai,12,2024,Moderate
2024-12-23,131,Mumbai,12,2024,Moderate
2024-12-24,146,Mumbai,12,2024,Moderate
2024-12-25,186,Mumbai,12,2024,Moderate
2024-12-26,160,Mumbai,12,2024,Moderate
2024-12-27,154,Mumbai,12,2024,Moderate
2024-12-28,188,Mumbai,12,2024,Moderate
2024-12-29,186,Mumbai,12,2024,Moderate
2024-12-30,121,Mumbai,12,2024,Moderate
2024-12-31,124,Mumbai,12,2024,Moderate
2025-01-01,140,Mumbai,1,2025,Moderate
2025-01-02,119,Mumbai,1,2025,Moderate
2025-01-03,126,Mumbai,1,2025,Moderate
2025-01-04,154,Mumbai,1,2025,Moderate
2025-01-05,162,Mumbai,1,2025,Moderate
2025-01-06,132,Mumbai,1,2025,Moderate
2025-01-07,143,Mumbai,1,2025,Moderate
2025-01-08,137,Mumbai,1,2025,Moderate
2025-01-09,133,Mumbai,1,2025,Moderate
2025-01-10,141,Mumbai,1,2025,Moderate
2025-01-11,147,Mumbai,1,2025,Moderate
2025-01-12,107,Mumbai,1,2025,Moderate
2025-01-13,128,Mumbai,1,2025,Moderate
2025-01-14,132,Mumbai,1,2025,Moderate
2025-01-15,140,Mumbai,1,2025,Moderate
2025-01-16,132,Mumbai,1,2025,Moderate
2025-01-17,140,Mumbai,1,2025,Moderate
2025-01-18,132,Mumbai,1,2025,Moderate
2025-01-19,155,Mumbai,1,2025,Moderate
2025-01-20,149,Mumbai,1,2025,Moderate
2025-01-21,144,Mumbai,1,2025,Moderate
2025-01-22,154,Mumbai,1,2025,Moderate
2025-01-23,134,Mumbai,1,2025,Moderate
2025-01-24,126,Mumbai,1,2025,Moderate
2025-01-25,154,Mumbai,1,2025,Moderate
2025-01-26,159,Mumbai,1,2025,Moderate
2025-01-27,148,Mumbai,1,2025,Moderate
2025-01-28,120,Mumbai,1,2025,Moderate
2025-01-29,117,Mumbai,1,2025,Moderate
2025-01-30,124,Mumbai,1,2025,Moderate
2025-01-31,109,Mumbai,1,2025,Moderate
2025-02-01,89,Mumbai,2,2025,Satisfactory
2025-02-02,122,Mumbai,2,2025,Moderate
2025-02-03,128,Mumbai,2,2025,Moderate
2025-02-04,111,Mumbai,2,2025,Moderate
2025-02-05,113,Mumbai,2,2025,Moderate
2025-02-06,128,Mumbai,2,2025,Moderate
2025-02-07,166,Mumbai,2,2025,Moderate
2025-02-08,163,Mumbai,2,2025,Moderate
2025-02-09,141,Mumbai,2,2025,Moderate
2025-02-10,114,Mumbai,2,2025,Moderate
2025-02-11,115,Mumbai,2,2025,Moderate
2025-02-12,109,Mumbai,2,2025,Moderate
2025-02-13,121,Mumbai,2,2025,Moderate
2025-02-14,122,Mumbai,2,2025,Moderate
2025-02-15,129,Mumbai,2,2025,Moderate
2025-02-16,127,Mumbai,2,2025,Moderate
2025-02-17,91,Mumbai,2,2025,Satisfactory
2025-02-18,110,Mumbai,2,2025,Moderate
2025-02-19,122,Mumbai,2,2025,Moderate
2025-02-20,118,Mumbai,2,2025,Moderate
2025-02-21,109,Mumbai,2,2025,Moderate
2025-02-22,113,Mumbai,2,2025,Moderate
2025-02-23,120,Mumbai,2,2025,Moderate
2025-02-24,112,Mumbai,2,2025,Moderate
2025-02-25,123,Mumbai,2,2025,Moderate
2025-02-26,132,Mumbai,2,2025,Moderate
2025-02-27,141,Mumbai,2,2025,Moderate
2025-02-28,137,Mumbai,2,2025,Moderate
2025-03-01,109,Mumbai,3,2025,Moderate
2025-03-02,109,Mumbai,3,2025,Moderate
2025-03-03,111,Mumbai,3,2025,Moderate
2025-03-04,120,Mumbai,3,2025,Moderate
2025-03-05,117,Mumbai,3,2025,Moderate
2025-03-06,121,Mumbai,3,2025,Moderate
2025-03-07,130,Mumbai,3,2025,Moderate
2025-03-08,126,Mumbai,3,2025,Moderate
2025-03-09,98,Mumbai,3,2025,Satisfactory
2025-03-10,117,Mumbai,3,2025,Moderate
2025-03-11,159,Mumbai,3,2025,Moderate
2025-03-12,147,Mumbai,3,2025,Moderate
2025-03-13,121,Mumbai,3,2025,Moderate
2025-03-14,120,Mumbai,3,2025,Moderate
2025-03-15,71,Mumbai,3,2025,Satisfactory
2025-03-16,83,Mumbai,3,2025,Satisfactory
2025-03-17,101,Mumbai,3,2025,Moderate
2025-03-18,87,Mumbai,3,2025,Satisfactory
2025-03-19,84,Mumbai,3,2025,Satisfactory
2025-03-20,88,Mumbai,3,2025,Satisfactory
2025-03-21,86,Mumbai,3,2025,Satisfactory
2025-03-22,74,Mumbai,3,2025,Satisfactory
2025-03-23,82,Mumbai,3,2025,Satisfactory
2025-03-24,92,Mumbai,3,2025,Satisfactory
2025-03-25,96,Mumbai,3,2025,Satisfactory
2025-03-26,74,Mumbai,3,2025,Satisfactory
2025-03-27,59,Mumbai,3,2025,Satisfactory
2025-03-28,73,Mumbai,3,2025,Satisfactory
2025-03-29,131,Mumbai,3,2025,Moderate
2025-03-30,129,Mumbai,3,2025,Moderate
2025-03-31,109,Mumbai,3,2025,Moderate
