Date,AQI,City
01-01-2019,118,Bengaluru
02-01-2019,92,Bengaluru
03-01-2019,93,Bengaluru
04-01-2019,104,Bengaluru
05-01-2019,102,Bengaluru
06-01-2019,115,Bengaluru
07-01-2019,113,Bengaluru
08-01-2019,108,Bengaluru
09-01-2019,133,Bengaluru
10-01-2019,125,Bengaluru
11-01-2019,135,Bengaluru
12-01-2019,133,Bengaluru
13-01-2019,127,Bengaluru
14-01-2019,108,Bengaluru
15-01-2019,105,Bengaluru
16-01-2019,113,Bengaluru
17-01-2019,116,Bengaluru
18-01-2019,152,Bengaluru
19-01-2019,116,Bengaluru
20-01-2019,84,Bengaluru
21-01-2019,103,Bengaluru
22-01-2019,162,Bengaluru
23-01-2019,125,Bengaluru
24-01-2019,122,Bengaluru
25-01-2019,93,Bengaluru
26-01-2019,101,Bengaluru
27-01-2019,96,Bengaluru
28-01-2019,82,Bengaluru
29-01-2019,59,Bengaluru
30-01-2019,95,Bengaluru
31-01-2019,112,Bengaluru
01-02-2019,93,Bengaluru
02-02-2019,101,Bengaluru
03-02-2019,95,Bengaluru
04-02-2019,67,Bengaluru
05-02-2019,81,Bengaluru
06-02-2019,107,Bengaluru
07-02-2019,152,Bengaluru
08-02-2019,106,Bengaluru
09-02-2019,165,Bengaluru
10-02-2019,107,Bengaluru
11-02-2019,72,Bengaluru
12-02-2019,83,Bengaluru
13-02-2019,100,Bengaluru
14-02-2019,78,Bengaluru
15-02-2019,125,Bengaluru
16-02-2019,94,Bengaluru
17-02-2019,119,Bengaluru
18-02-2019,104,Bengaluru
19-02-2019,112,Bengaluru
20-02-2019,77,Bengaluru
21-02-2019,84,Bengaluru
22-02-2019,92,Bengaluru
23-02-2019,106,Bengaluru
24-02-2019,102,Bengaluru
25-02-2019,94,Bengaluru
26-02-2019,128,Bengaluru
27-02-2019,111,Bengaluru
28-02-2019,127,Bengaluru
01-03-2019,149,Bengaluru
02-03-2019,104,Bengaluru
03-03-2019,141,Bengaluru
04-03-2019,130,Bengaluru
05-03-2019,110,Bengaluru
06-03-2019,116,Bengaluru
07-03-2019,143,Bengaluru
08-03-2019,164,Bengaluru
09-03-2019,144,Bengaluru
10-03-2019,95,Bengaluru
11-03-2019,81,Bengaluru
12-03-2019,103,Bengaluru
13-03-2019,115,Bengaluru
14-03-2019,114,Bengaluru
15-03-2019,98,Bengaluru
16-03-2019,107,Bengaluru
17-03-2019,104,Bengaluru
18-03-2019,128,Bengaluru
19-03-2019,117,Bengaluru
20-03-2019,92,Bengaluru
21-03-2019,142,Bengaluru
22-03-2019,129,Bengaluru
23-03-2019,121,Bengaluru
24-03-2019,111,Bengaluru
25-03-2019,98,Bengaluru
26-03-2019,115,Bengaluru
27-03-2019,121,Bengaluru
28-03-2019,140,Bengaluru
29-03-2019,158,Bengaluru
30-03-2019,134,Bengaluru
31-03-2019,139,Bengaluru
01-04-2019,126,Bengaluru
02-04-2019,151,Bengaluru
03-04-2019,122,Bengaluru
04-04-2019,120,Bengaluru
05-04-2019,113,Bengaluru
06-04-2019,120,Bengaluru
07-04-2019,120,Bengaluru
08-04-2019,109,Bengaluru
09-04-2019,122,Bengaluru
10-04-2019,119,Bengaluru
11-04-2019,103,Bengaluru
12-04-2019,118,Bengaluru
13-04-2019,112,Bengaluru
14-04-2019,104,Bengaluru
15-04-2019,111,Bengaluru
16-04-2019,105,Bengaluru
17-04-2019,104,Bengaluru
18-04-2019,101,Bengaluru
19-04-2019,93,Bengaluru
20-04-2019,127,Bengaluru
21-04-2019,104,Bengaluru
22-04-2019,88,Bengaluru
23-04-2019,106,Bengaluru
24-04-2019,97,Bengaluru
25-04-2019,119,Bengaluru
26-04-2019,135,Bengaluru
27-04-2019,134,Bengaluru
28-04-2019,132,Bengaluru
29-04-2019,132,Bengaluru
30-04-2019,113,Bengaluru
01-05-2019,95,Bengaluru
02-05-2019,102,Bengaluru
03-05-2019,112,Bengaluru
04-05-2019,131,Bengaluru
05-05-2019,135,Bengaluru
06-05-2019,146,Bengaluru
07-05-2019,101,Bengaluru
08-05-2019,69,Bengaluru
09-05-2019,80,Bengaluru
10-05-2019,97,Bengaluru
11-05-2019,95,Bengaluru
12-05-2019,80,Bengaluru
13-05-2019,89,Bengaluru
14-05-2019,77,Bengaluru
15-05-2019,80,Bengaluru
16-05-2019,86,Bengaluru
17-05-2019,91,Bengaluru
18-05-2019,103,Bengaluru
19-05-2019,112,Bengaluru
20-05-2019,96,Bengaluru
21-05-2019,102,Bengaluru
22-05-2019,108,Bengaluru
23-05-2019,86,Bengaluru
24-05-2019,81,Bengaluru
25-05-2019,66,Bengaluru
26-05-2019,89,Bengaluru
27-05-2019,84,Bengaluru
28-05-2019,77,Bengaluru
29-05-2019,97,Bengaluru
30-05-2019,75,Bengaluru
31-05-2019,84,Bengaluru
01-06-2019,58,Bengaluru
02-06-2019,79,Bengaluru
03-06-2019,69,Bengaluru
04-06-2019,58,Bengaluru
05-06-2019,65,Bengaluru
06-06-2019,58,Bengaluru
07-06-2019,80,Bengaluru
08-06-2019,53,Bengaluru
09-06-2019,55,Bengaluru
10-06-2019,43,Bengaluru
11-06-2019,41,Bengaluru
12-06-2019,47,Bengaluru
13-06-2019,39,Bengaluru
14-06-2019,52,Bengaluru
15-06-2019,55,Bengaluru
16-06-2019,57,Bengaluru
17-06-2019,52,Bengaluru
18-06-2019,64,Bengaluru
19-06-2019,76,Bengaluru
20-06-2019,61,Bengaluru
21-06-2019,55,Bengaluru
22-06-2019,55,Bengaluru
23-06-2019,57,Bengaluru
24-06-2019,48,Bengaluru
25-06-2019,62,Bengaluru
26-06-2019,67,Bengaluru
27-06-2019,65,Bengaluru
28-06-2019,69,Bengaluru
29-06-2019,78,Bengaluru
30-06-2019,62,Bengaluru
01-07-2019,62,Bengaluru
02-07-2019,62,Bengaluru
03-07-2019,57,Bengaluru
04-07-2019,54,Bengaluru
05-07-2019,60,Bengaluru
06-07-2019,53,Bengaluru
07-07-2019,62,Bengaluru
08-07-2019,57,Bengaluru
09-07-2019,58,Bengaluru
10-07-2019,54,Bengaluru
11-07-2019,70,Bengaluru
12-07-2019,63,Bengaluru
13-07-2019,56,Bengaluru
14-07-2019,58,Bengaluru
15-07-2019,58,Bengaluru
16-07-2019,51,Bengaluru
17-07-2019,58,Bengaluru
18-07-2019,64,Bengaluru
19-07-2019,53,Bengaluru
20-07-2019,37,Bengaluru
21-07-2019,58,Bengaluru
22-07-2019,45,Bengaluru
23-07-2019,42,Bengaluru
24-07-2019,54,Bengaluru
25-07-2019,56,Bengaluru
26-07-2019,54,Bengaluru
27-07-2019,52,Bengaluru
28-07-2019,53,Bengaluru
29-07-2019,53,Bengaluru
30-07-2019,50,Bengaluru
31-07-2019,55,Bengaluru
01-08-2019,54,Bengaluru
02-08-2019,51,Bengaluru
03-08-2019,44,Bengaluru
04-08-2019,47,Bengaluru
05-08-2019,38,Bengaluru
06-08-2019,42,Bengaluru
07-08-2019,45,Bengaluru
08-08-2019,36,Bengaluru
09-08-2019,38,Bengaluru
10-08-2019,42,Bengaluru
11-08-2019,43,Bengaluru
12-08-2019,41,Bengaluru
13-08-2019,47,Bengaluru
14-08-2019,61,Bengaluru
15-08-2019,47,Bengaluru
16-08-2019,38,Bengaluru
17-08-2019,53,Bengaluru
18-08-2019,54,Bengaluru
19-08-2019,48,Bengaluru
20-08-2019,61,Bengaluru
21-08-2019,64,Bengaluru
22-08-2019,57,Bengaluru
23-08-2019,51,Bengaluru
24-08-2019,47,Bengaluru
25-08-2019,69,Bengaluru
26-08-2019,40,Bengaluru
27-08-2019,50,Bengaluru
28-08-2019,50,Bengaluru
29-08-2019,44,Bengaluru
30-08-2019,44,Bengaluru
31-08-2019,57,Bengaluru
01-09-2019,57,Bengaluru
02-09-2019,42,Bengaluru
03-09-2019,42,Bengaluru
04-09-2019,40,Bengaluru
05-09-2019,46,Bengaluru
06-09-2019,48,Bengaluru
07-09-2019,48,Bengaluru
08-09-2019,50,Bengaluru
09-09-2019,46,Bengaluru
10-09-2019,59,Bengaluru
11-09-2019,52,Bengaluru
12-09-2019,59,Bengaluru
13-09-2019,55,Bengaluru
14-09-2019,60,Bengaluru
15-09-2019,56,Bengaluru
16-09-2019,48,Bengaluru
17-09-2019,91,Bengaluru
18-09-2019,54,Bengaluru
19-09-2019,60,Bengaluru
20-09-2019,53,Bengaluru
21-09-2019,64,Bengaluru
22-09-2019,54,Bengaluru
23-09-2019,67,Bengaluru
24-09-2019,97,Bengaluru
25-09-2019,50,Bengaluru
26-09-2019,43,Bengaluru
27-09-2019,68,Bengaluru
28-09-2019,78,Bengaluru
29-09-2019,91,Bengaluru
30-09-2019,54,Bengaluru
01-10-2019,68,Bengaluru
02-10-2019,55,Bengaluru
03-10-2019,61,Bengaluru
04-10-2019,73,Bengaluru
05-10-2019,78,Bengaluru
06-10-2019,68,Bengaluru
07-10-2019,71,Bengaluru
08-10-2019,76,Bengaluru
09-10-2019,76,Bengaluru
10-10-2019,106,Bengaluru
11-10-2019,77,Bengaluru
12-10-2019,78,Bengaluru
13-10-2019,55,Bengaluru
14-10-2019,52,Bengaluru
15-10-2019,60,Bengaluru
16-10-2019,61,Bengaluru
17-10-2019,58,Bengaluru
18-10-2019,50,Bengaluru
19-10-2019,55,Bengaluru
20-10-2019,50,Bengaluru
21-10-2019,52,Bengaluru
22-10-2019,56,Bengaluru
23-10-2019,49,Bengaluru
24-10-2019,41,Bengaluru
25-10-2019,50,Bengaluru
26-10-2019,45,Bengaluru
27-10-2019,62,Bengaluru
28-10-2019,84,Bengaluru
29-10-2019,80,Bengaluru
30-10-2019,66,Bengaluru
31-10-2019,56,Bengaluru
01-11-2019,77,Bengaluru
02-11-2019,60,Bengaluru
03-11-2019,82,Bengaluru
04-11-2019,84,Bengaluru
05-11-2019,138,Bengaluru
06-11-2019,161,Bengaluru
07-11-2019,156,Bengaluru
08-11-2019,144,Bengaluru
09-11-2019,99,Bengaluru
10-11-2019,90,Bengaluru
11-11-2019,134,Bengaluru
12-11-2019,72,Bengaluru
13-11-2019,77,Bengaluru
14-11-2019,64,Bengaluru
15-11-2019,65,Bengaluru
16-11-2019,60,Bengaluru
17-11-2019,63,Bengaluru
18-11-2019,64,Bengaluru
19-11-2019,54,Bengaluru
20-11-2019,60,Bengaluru
21-11-2019,64,Bengaluru
22-11-2019,85,Bengaluru
23-11-2019,73,Bengaluru
24-11-2019,68,Bengaluru
25-11-2019,69,Bengaluru
26-11-2019,71,Bengaluru
27-11-2019,67,Bengaluru
28-11-2019,63,Bengaluru
29-11-2019,60,Bengaluru
30-11-2019,60,Bengaluru
01-12-2019,50,Bengaluru
02-12-2019,48,Bengaluru
03-12-2019,62,Bengaluru
04-12-2019,75,Bengaluru
05-12-2019,86,Bengaluru
06-12-2019,107,Bengaluru
07-12-2019,84,Bengaluru
08-12-2019,50,Bengaluru
09-12-2019,54,Bengaluru
10-12-2019,59,Bengaluru
11-12-2019,63,Bengaluru
12-12-2019,62,Bengaluru
13-12-2019,65,Bengaluru
14-12-2019,61,Bengaluru
15-12-2019,59,Bengaluru
16-12-2019,64,Bengaluru
17-12-2019,55,Bengaluru
18-12-2019,79,Bengaluru
19-12-2019,70,Bengaluru
20-12-2019,82,Bengaluru
21-12-2019,88,Bengaluru
22-12-2019,80,Bengaluru
23-12-2019,82,Bengaluru
24-12-2019,77,Bengaluru
25-12-2019,62,Bengaluru
26-12-2019,101,Bengaluru
27-12-2019,86,Bengaluru
28-12-2019,72,Bengaluru
29-12-2019,77,Bengaluru
30-12-2019,90,Bengaluru
31-12-2019,81,Bengaluru
01-01-2020,76,Bengaluru
02-01-2020,69,Bengaluru
03-01-2020,68,Bengaluru
04-01-2020,85,Bengaluru
05-01-2020,120,Bengaluru
06-01-2020,67,Bengaluru
07-01-2020,60,Bengaluru
08-01-2020,95,Bengaluru
09-01-2020,84,Bengaluru
10-01-2020,84,Bengaluru
11-01-2020,67,Bengaluru
12-01-2020,71,Bengaluru
13-01-2020,106,Bengaluru
14-01-2020,121,Bengaluru
15-01-2020,100,Bengaluru
16-01-2020,119,Bengaluru
17-01-2020,95,Bengaluru
18-01-2020,74,Bengaluru
19-01-2020,62,Bengaluru
20-01-2020,72,Bengaluru
21-01-2020,85,Bengaluru
22-01-2020,68,Bengaluru
23-01-2020,66,Bengaluru
24-01-2020,94,Bengaluru
25-01-2020,89,Bengaluru
26-01-2020,87,Bengaluru
27-01-2020,81,Bengaluru
28-01-2020,96,Bengaluru
29-01-2020,116,Bengaluru
30-01-2020,102,Bengaluru
31-01-2020,111,Bengaluru
01-02-2020,99,Bengaluru
02-02-2020,86,Bengaluru
03-02-2020,71,Bengaluru
04-02-2020,72,Bengaluru
05-02-2020,72,Bengaluru
06-02-2020,90,Bengaluru
07-02-2020,92,Bengaluru
08-02-2020,105,Bengaluru
09-02-2020,93,Bengaluru
10-02-2020,87,Bengaluru
11-02-2020,66,Bengaluru
12-02-2020,73,Bengaluru
13-02-2020,76,Bengaluru
14-02-2020,107,Bengaluru
15-02-2020,123,Bengaluru
16-02-2020,110,Bengaluru
17-02-2020,92,Bengaluru
18-02-2020,91,Bengaluru
19-02-2020,89,Bengaluru
20-02-2020,89,Bengaluru
21-02-2020,76,Bengaluru
22-02-2020,74,Bengaluru
23-02-2020,80,Bengaluru
24-02-2020,72,Bengaluru
25-02-2020,102,Bengaluru
26-02-2020,94,Bengaluru
27-02-2020,91,Bengaluru
28-02-2020,90,Bengaluru
01-03-2020,86,Bengaluru
02-03-2020,128,Bengaluru
03-03-2020,161,Bengaluru
04-03-2020,129,Bengaluru
05-03-2020,121,Bengaluru
06-03-2020,91,Bengaluru
07-03-2020,86,Bengaluru
08-03-2020,85,Bengaluru
09-03-2020,90,Bengaluru
10-03-2020,84,Bengaluru
11-03-2020,88,Bengaluru
12-03-2020,85,Bengaluru
13-03-2020,81,Bengaluru
14-03-2020,76,Bengaluru
15-03-2020,80,Bengaluru
16-03-2020,67,Bengaluru
17-03-2020,75,Bengaluru
18-03-2020,71,Bengaluru
19-03-2020,84,Bengaluru
20-03-2020,94,Bengaluru
21-03-2020,105,Bengaluru
22-03-2020,79,Bengaluru
23-03-2020,78,Bengaluru
24-03-2020,111,Bengaluru
25-03-2020,57,Bengaluru
26-03-2020,58,Bengaluru
27-03-2020,54,Bengaluru
28-03-2020,53,Bengaluru
29-03-2020,57,Bengaluru
30-03-2020,63,Bengaluru
31-03-2020,55,Bengaluru
01-04-2020,52,Bengaluru
02-04-2020,59,Bengaluru
03-04-2020,69,Bengaluru
04-04-2020,64,Bengaluru
05-04-2020,64,Bengaluru
06-04-2020,58,Bengaluru
07-04-2020,48,Bengaluru
08-04-2020,52,Bengaluru
09-04-2020,54,Bengaluru
10-04-2020,55,Bengaluru
11-04-2020,49,Bengaluru
12-04-2020,58,Bengaluru
13-04-2020,49,Bengaluru
14-04-2020,58,Bengaluru
15-04-2020,64,Bengaluru
16-04-2020,52,Bengaluru
17-04-2020,66,Bengaluru
18-04-2020,68,Bengaluru
19-04-2020,52,Bengaluru
20-04-2020,41,Bengaluru
21-04-2020,59,Bengaluru
22-04-2020,55,Bengaluru
23-04-2020,59,Bengaluru
24-04-2020,65,Bengaluru
25-04-2020,58,Bengaluru
26-04-2020,58,Bengaluru
27-04-2020,43,Bengaluru
28-04-2020,60,Bengaluru
29-04-2020,48,Bengaluru
30-04-2020,50,Bengaluru
01-05-2020,61,Bengaluru
02-05-2020,58,Bengaluru
03-05-2020,56,Bengaluru
04-05-2020,66,Bengaluru
05-05-2020,78,Bengaluru
06-05-2020,71,Bengaluru
07-05-2020,70,Bengaluru
08-05-2020,58,Bengaluru
09-05-2020,64,Bengaluru
10-05-2020,68,Bengaluru
11-05-2020,60,Bengaluru
12-05-2020,75,Bengaluru
13-05-2020,51,Bengaluru
14-05-2020,56,Bengaluru
15-05-2020,50,Bengaluru
16-05-2020,59,Bengaluru
17-05-2020,55,Bengaluru
18-05-2020,54,Bengaluru
19-05-2020,66,Bengaluru
20-05-2020,78,Bengaluru
21-05-2020,56,Bengaluru
22-05-2020,55,Bengaluru
23-05-2020,56,Bengaluru
24-05-2020,57,Bengaluru
25-05-2020,55,Bengaluru
26-05-2020,58,Bengaluru
27-05-2020,60,Bengaluru
28-05-2020,58,Bengaluru
29-05-2020,49,Bengaluru
30-05-2020,56,Bengaluru
31-05-2020,54,Bengaluru
01-06-2020,36,Bengaluru
02-06-2020,32,Bengaluru
03-06-2020,36,Bengaluru
04-06-2020,34,Bengaluru
05-06-2020,51,Bengaluru
06-06-2020,60,Bengaluru
07-06-2020,50,Bengaluru
08-06-2020,47,Bengaluru
09-06-2020,53,Bengaluru
10-06-2020,72,Bengaluru
11-06-2020,42,Bengaluru
12-06-2020,42,Bengaluru
13-06-2020,45,Bengaluru
14-06-2020,42,Bengaluru
15-06-2020,36,Bengaluru
16-06-2020,53,Bengaluru
17-06-2020,54,Bengaluru
18-06-2020,62,Bengaluru
19-06-2020,60,Bengaluru
20-06-2020,52,Bengaluru
21-06-2020,46,Bengaluru
22-06-2020,41,Bengaluru
23-06-2020,47,Bengaluru
24-06-2020,57,Bengaluru
25-06-2020,44,Bengaluru
26-06-2020,40,Bengaluru
27-06-2020,35,Bengaluru
28-06-2020,46,Bengaluru
29-06-2020,51,Bengaluru
30-06-2020,36,Bengaluru
01-07-2020,41,Bengaluru
02-07-2020,36,Bengaluru
03-07-2020,38,Bengaluru
04-07-2020,36,Bengaluru
05-07-2020,42,Bengaluru
06-07-2020,38,Bengaluru
07-07-2020,42,Bengaluru
08-07-2020,44,Bengaluru
09-07-2020,35,Bengaluru
10-07-2020,34,Bengaluru
11-07-2020,40,Bengaluru
12-07-2020,36,Bengaluru
13-07-2020,38,Bengaluru
14-07-2020,38,Bengaluru
15-07-2020,34,Bengaluru
16-07-2020,30,Bengaluru
17-07-2020,34,Bengaluru
18-07-2020,35,Bengaluru
19-07-2020,33,Bengaluru
20-07-2020,40,Bengaluru
21-07-2020,31,Bengaluru
22-07-2020,47,Bengaluru
23-07-2020,49,Bengaluru
24-07-2020,40,Bengaluru
25-07-2020,40,Bengaluru
26-07-2020,37,Bengaluru
27-07-2020,39,Bengaluru
28-07-2020,40,Bengaluru
29-07-2020,43,Bengaluru
30-07-2020,53,Bengaluru
31-07-2020,36,Bengaluru
01-08-2020,29,Bengaluru
02-08-2020,43,Bengaluru
03-08-2020,36,Bengaluru
04-08-2020,35,Bengaluru
05-08-2020,35,Bengaluru
06-08-2020,41,Bengaluru
07-08-2020,41,Bengaluru
08-08-2020,42,Bengaluru
09-08-2020,36,Bengaluru
10-08-2020,34,Bengaluru
11-08-2020,55,Bengaluru
12-08-2020,48,Bengaluru
13-08-2020,60,Bengaluru
14-08-2020,60,Bengaluru
15-08-2020,54,Bengaluru
16-08-2020,55,Bengaluru
17-08-2020,49,Bengaluru
18-08-2020,43,Bengaluru
19-08-2020,46,Bengaluru
20-08-2020,51,Bengaluru
21-08-2020,52,Bengaluru
22-08-2020,47,Bengaluru
23-08-2020,39,Bengaluru
24-08-2020,49,Bengaluru
25-08-2020,46,Bengaluru
26-08-2020,55,Bengaluru
27-08-2020,55,Bengaluru
28-08-2020,55,Bengaluru
29-08-2020,65,Bengaluru
30-08-2020,57,Bengaluru
31-08-2020,61,Bengaluru
01-09-2020,52,Bengaluru
02-09-2020,76,Bengaluru
03-09-2020,50,Bengaluru
04-09-2020,47,Bengaluru
05-09-2020,64,Bengaluru
06-09-2020,69,Bengaluru
07-09-2020,48,Bengaluru
08-09-2020,39,Bengaluru
09-09-2020,35,Bengaluru
10-09-2020,34,Bengaluru
11-09-2020,34,Bengaluru
12-09-2020,33,Bengaluru
13-09-2020,66,Bengaluru
14-09-2020,40,Bengaluru
15-09-2020,47,Bengaluru
16-09-2020,40,Bengaluru
17-09-2020,56,Bengaluru
18-09-2020,46,Bengaluru
19-09-2020,47,Bengaluru
20-09-2020,38,Bengaluru
21-09-2020,32,Bengaluru
22-09-2020,41,Bengaluru
23-09-2020,48,Bengaluru
24-09-2020,65,Bengaluru
25-09-2020,46,Bengaluru
26-09-2020,50,Bengaluru
27-09-2020,49,Bengaluru
28-09-2020,55,Bengaluru
29-09-2020,62,Bengaluru
30-09-2020,50,Bengaluru
01-10-2020,50,Bengaluru
02-10-2020,56,Bengaluru
03-10-2020,48,Bengaluru
04-10-2020,59,Bengaluru
05-10-2020,47,Bengaluru
06-10-2020,63,Bengaluru
07-10-2020,60,Bengaluru
08-10-2020,72,Bengaluru
09-10-2020,76,Bengaluru
10-10-2020,57,Bengaluru
11-10-2020,42,Bengaluru
12-10-2020,43,Bengaluru
13-10-2020,51,Bengaluru
14-10-2020,43,Bengaluru
15-10-2020,45,Bengaluru
16-10-2020,58,Bengaluru
17-10-2020,80,Bengaluru
18-10-2020,72,Bengaluru
19-10-2020,70,Bengaluru
20-10-2020,76,Bengaluru
21-10-2020,56,Bengaluru
22-10-2020,59,Bengaluru
23-10-2020,50,Bengaluru
24-10-2020,44,Bengaluru
25-10-2020,67,Bengaluru
26-10-2020,78,Bengaluru
27-10-2020,89,Bengaluru
28-10-2020,96,Bengaluru
29-10-2020,95,Bengaluru
30-10-2020,77,Bengaluru
31-10-2020,101,Bengaluru
01-11-2020,114,Bengaluru
02-11-2020,140,Bengaluru
03-11-2020,119,Bengaluru
04-11-2020,94,Bengaluru
05-11-2020,73,Bengaluru
06-11-2020,74,Bengaluru
07-11-2020,53,Bengaluru
08-11-2020,59,Bengaluru
09-11-2020,108,Bengaluru
10-11-2020,93,Bengaluru
11-11-2020,87,Bengaluru
12-11-2020,63,Bengaluru
13-11-2020,55,Bengaluru
14-11-2020,48,Bengaluru
15-11-2020,58,Bengaluru
16-11-2020,42,Bengaluru
17-11-2020,43,Bengaluru
18-11-2020,46,Bengaluru
19-11-2020,57,Bengaluru
20-11-2020,52,Bengaluru
21-11-2020,68,Bengaluru
22-11-2020,73,Bengaluru
23-11-2020,72,Bengaluru
24-11-2020,67,Bengaluru
25-11-2020,84,Bengaluru
26-11-2020,44,Bengaluru
27-11-2020,48,Bengaluru
28-11-2020,50,Bengaluru
29-11-2020,57,Bengaluru
30-11-2020,53,Bengaluru
01-12-2020,63,Bengaluru
02-12-2020,65,Bengaluru
03-12-2020,62,Bengaluru
04-12-2020,63,Bengaluru
05-12-2020,49,Bengaluru
06-12-2020,51,Bengaluru
07-12-2020,44,Bengaluru
08-12-2020,52,Bengaluru
09-12-2020,50,Bengaluru
10-12-2020,57,Bengaluru
11-12-2020,81,Bengaluru
12-12-2020,83,Bengaluru
13-12-2020,103,Bengaluru
14-12-2020,104,Bengaluru
15-12-2020,104,Bengaluru
16-12-2020,84,Bengaluru
17-12-2020,68,Bengaluru
18-12-2020,69,Bengaluru
19-12-2020,92,Bengaluru
20-12-2020,106,Bengaluru
21-12-2020,120,Bengaluru
22-12-2020,117,Bengaluru
23-12-2020,94,Bengaluru
24-12-2020,90,Bengaluru
25-12-2020,102,Bengaluru
26-12-2020,88,Bengaluru
27-12-2020,110,Bengaluru
28-12-2020,111,Bengaluru
29-12-2020,122,Bengaluru
30-12-2020,101,Bengaluru
31-12-2020,81,Bengaluru
01-01-2021,98,Bengaluru
02-01-2021,107,Bengaluru
03-01-2021,80,Bengaluru
04-01-2021,80,Bengaluru
05-01-2021,58,Bengaluru
06-01-2021,38,Bengaluru
07-01-2021,43,Bengaluru
08-01-2021,58,Bengaluru
09-01-2021,48,Bengaluru
10-01-2021,81,Bengaluru
11-01-2021,64,Bengaluru
12-01-2021,63,Bengaluru
13-01-2021,82,Bengaluru
14-01-2021,75,Bengaluru
15-01-2021,82,Bengaluru
16-01-2021,87,Bengaluru
17-01-2021,84,Bengaluru
18-01-2021,71,Bengaluru
19-01-2021,80,Bengaluru
20-01-2021,96,Bengaluru
21-01-2021,98,Bengaluru
22-01-2021,79,Bengaluru
23-01-2021,104,Bengaluru
24-01-2021,94,Bengaluru
25-01-2021,85,Bengaluru
26-01-2021,76,Bengaluru
27-01-2021,80,Bengaluru
28-01-2021,110,Bengaluru
29-01-2021,106,Bengaluru
30-01-2021,111,Bengaluru
31-01-2021,103,Bengaluru
01-02-2021,87,Bengaluru
02-02-2021,92,Bengaluru
03-02-2021,107,Bengaluru
04-02-2021,91,Bengaluru
05-02-2021,84,Bengaluru
06-02-2021,88,Bengaluru
07-02-2021,86,Bengaluru
08-02-2021,87,Bengaluru
09-02-2021,85,Bengaluru
10-02-2021,86,Bengaluru
11-02-2021,101,Bengaluru
12-02-2021,95,Bengaluru
13-02-2021,86,Bengaluru
14-02-2021,106,Bengaluru
15-02-2021,92,Bengaluru
16-02-2021,95,Bengaluru
17-02-2021,85,Bengaluru
18-02-2021,79,Bengaluru
19-02-2021,88,Bengaluru
20-02-2021,57,Bengaluru
21-02-2021,47,Bengaluru
22-02-2021,49,Bengaluru
23-02-2021,56,Bengaluru
24-02-2021,77,Bengaluru
25-02-2021,80,Bengaluru
26-02-2021,109,Bengaluru
27-02-2021,102,Bengaluru
28-02-2021,89,Bengaluru
01-03-2021,79,Bengaluru
02-03-2021,88,Bengaluru
03-03-2021,102,Bengaluru
04-03-2021,86,Bengaluru
05-03-2021,70,Bengaluru
06-03-2021,75,Bengaluru
07-03-2021,84,Bengaluru
08-03-2021,58,Bengaluru
09-03-2021,55,Bengaluru
10-03-2021,50,Bengaluru
11-03-2021,55,Bengaluru
12-03-2021,62,Bengaluru
13-03-2021,68,Bengaluru
14-03-2021,67,Bengaluru
15-03-2021,65,Bengaluru
16-03-2021,84,Bengaluru
17-03-2021,84,Bengaluru
18-03-2021,92,Bengaluru
19-03-2021,101,Bengaluru
20-03-2021,90,Bengaluru
21-03-2021,96,Bengaluru
22-03-2021,96,Bengaluru
23-03-2021,93,Bengaluru
24-03-2021,84,Bengaluru
25-03-2021,79,Bengaluru
26-03-2021,94,Bengaluru
27-03-2021,96,Bengaluru
28-03-2021,104,Bengaluru
29-03-2021,92,Bengaluru
30-03-2021,82,Bengaluru
31-03-2021,108,Bengaluru
01-04-2021,94,Bengaluru
02-04-2021,83,Bengaluru
03-04-2021,104,Bengaluru
04-04-2021,114,Bengaluru
05-04-2021,111,Bengaluru
06-04-2021,114,Bengaluru
07-04-2021,101,Bengaluru
08-04-2021,105,Bengaluru
09-04-2021,102,Bengaluru
10-04-2021,103,Bengaluru
11-04-2021,82,Bengaluru
12-04-2021,67,Bengaluru
13-04-2021,59,Bengaluru
14-04-2021,65,Bengaluru
15-04-2021,72,Bengaluru
16-04-2021,64,Bengaluru
17-04-2021,78,Bengaluru
18-04-2021,78,Bengaluru
19-04-2021,75,Bengaluru
20-04-2021,89,Bengaluru
21-04-2021,101,Bengaluru
22-04-2021,80,Bengaluru
23-04-2021,87,Bengaluru
24-04-2021,62,Bengaluru
25-04-2021,65,Bengaluru
26-04-2021,82,Bengaluru
27-04-2021,95,Bengaluru
28-04-2021,104,Bengaluru
29-04-2021,88,Bengaluru
30-04-2021,80,Bengaluru
01-05-2021,93,Bengaluru
02-05-2021,78,Bengaluru
03-05-2021,54,Bengaluru
04-05-2021,64,Bengaluru
05-05-2021,68,Bengaluru
06-05-2021,61,Bengaluru
07-05-2021,52,Bengaluru
08-05-2021,61,Bengaluru
09-05-2021,51,Bengaluru
10-05-2021,53,Bengaluru
11-05-2021,54,Bengaluru
12-05-2021,57,Bengaluru
13-05-2021,46,Bengaluru
14-05-2021,43,Bengaluru
15-05-2021,43,Bengaluru
16-05-2021,48,Bengaluru
17-05-2021,43,Bengaluru
18-05-2021,54,Bengaluru
19-05-2021,33,Bengaluru
20-05-2021,35,Bengaluru
21-05-2021,33,Bengaluru
22-05-2021,38,Bengaluru
23-05-2021,38,Bengaluru
24-05-2021,50,Bengaluru
25-05-2021,46,Bengaluru
26-05-2021,44,Bengaluru
27-05-2021,62,Bengaluru
28-05-2021,59,Bengaluru
29-05-2021,49,Bengaluru
30-05-2021,45,Bengaluru
31-05-2021,38,Bengaluru
01-06-2021,38,Bengaluru
02-06-2021,42,Bengaluru
03-06-2021,52,Bengaluru
04-06-2021,44,Bengaluru
05-06-2021,32,Bengaluru
06-06-2021,39,Bengaluru
07-06-2021,46,Bengaluru
08-06-2021,51,Bengaluru
09-06-2021,46,Bengaluru
10-06-2021,42,Bengaluru
11-06-2021,42,Bengaluru
12-06-2021,47,Bengaluru
13-06-2021,48,Bengaluru
14-06-2021,36,Bengaluru
15-06-2021,36,Bengaluru
16-06-2021,57,Bengaluru
17-06-2021,61,Bengaluru
18-06-2021,67,Bengaluru
19-06-2021,78,Bengaluru
20-06-2021,80,Bengaluru
21-06-2021,64,Bengaluru
22-06-2021,64,Bengaluru
23-06-2021,95,Bengaluru
24-06-2021,81,Bengaluru
25-06-2021,90,Bengaluru
26-06-2021,67,Bengaluru
27-06-2021,41,Bengaluru
28-06-2021,45,Bengaluru
29-06-2021,63,Bengaluru
30-06-2021,52,Bengaluru
01-07-2021,53,Bengaluru
02-07-2021,50,Bengaluru
03-07-2021,54,Bengaluru
04-07-2021,47,Bengaluru
05-07-2021,42,Bengaluru
06-07-2021,46,Bengaluru
07-07-2021,61,Bengaluru
08-07-2021,54,Bengaluru
09-07-2021,70,Bengaluru
10-07-2021,52,Bengaluru
11-07-2021,51,Bengaluru
12-07-2021,51,Bengaluru
13-07-2021,59,Bengaluru
14-07-2021,47,Bengaluru
15-07-2021,43,Bengaluru
16-07-2021,45,Bengaluru
17-07-2021,47,Bengaluru
18-07-2021,47,Bengaluru
19-07-2021,43,Bengaluru
20-07-2021,57,Bengaluru
21-07-2021,58,Bengaluru
22-07-2021,47,Bengaluru
23-07-2021,54,Bengaluru
24-07-2021,57,Bengaluru
25-07-2021,40,Bengaluru
26-07-2021,50,Bengaluru
27-07-2021,58,Bengaluru
28-07-2021,55,Bengaluru
29-07-2021,66,Bengaluru
30-07-2021,57,Bengaluru
31-07-2021,69,Bengaluru
01-08-2021,57,Bengaluru
02-08-2021,66,Bengaluru
03-08-2021,67,Bengaluru
04-08-2021,60,Bengaluru
05-08-2021,52,Bengaluru
06-08-2021,64,Bengaluru
07-08-2021,57,Bengaluru
08-08-2021,48,Bengaluru
09-08-2021,69,Bengaluru
10-08-2021,53,Bengaluru
11-08-2021,59,Bengaluru
12-08-2021,78,Bengaluru
13-08-2021,60,Bengaluru
14-08-2021,69,Bengaluru
15-08-2021,61,Bengaluru
16-08-2021,57,Bengaluru
17-08-2021,58,Bengaluru
18-08-2021,58,Bengaluru
19-08-2021,51,Bengaluru
20-08-2021,57,Bengaluru
21-08-2021,64,Bengaluru
22-08-2021,61,Bengaluru
23-08-2021,54,Bengaluru
24-08-2021,51,Bengaluru
25-08-2021,53,Bengaluru
26-08-2021,56,Bengaluru
27-08-2021,62,Bengaluru
28-08-2021,43,Bengaluru
29-08-2021,38,Bengaluru
30-08-2021,43,Bengaluru
31-08-2021,63,Bengaluru
01-09-2021,67,Bengaluru
02-09-2021,59,Bengaluru
03-09-2021,45,Bengaluru
04-09-2021,55,Bengaluru
05-09-2021,46,Bengaluru
06-09-2021,40,Bengaluru
07-09-2021,41,Bengaluru
08-09-2021,47,Bengaluru
09-09-2021,63,Bengaluru
10-09-2021,58,Bengaluru
11-09-2021,61,Bengaluru
12-09-2021,55,Bengaluru
13-09-2021,50,Bengaluru
14-09-2021,57,Bengaluru
15-09-2021,65,Bengaluru
16-09-2021,65,Bengaluru
17-09-2021,74,Bengaluru
18-09-2021,74,Bengaluru
19-09-2021,83,Bengaluru
20-09-2021,63,Bengaluru
21-09-2021,54,Bengaluru
22-09-2021,45,Bengaluru
23-09-2021,55,Bengaluru
24-09-2021,52,Bengaluru
25-09-2021,64,Bengaluru
26-09-2021,42,Bengaluru
27-09-2021,42,Bengaluru
28-09-2021,50,Bengaluru
29-09-2021,66,Bengaluru
30-09-2021,63,Bengaluru
01-10-2021,67,Bengaluru
02-10-2021,70,Bengaluru
03-10-2021,51,Bengaluru
04-10-2021,56,Bengaluru
05-10-2021,64,Bengaluru
06-10-2021,52,Bengaluru
07-10-2021,49,Bengaluru
08-10-2021,57,Bengaluru
09-10-2021,48,Bengaluru
10-10-2021,46,Bengaluru
11-10-2021,51,Bengaluru
12-10-2021,39,Bengaluru
13-10-2021,53,Bengaluru
14-10-2021,50,Bengaluru
15-10-2021,128,Bengaluru
16-10-2021,117,Bengaluru
17-10-2021,62,Bengaluru
18-10-2021,72,Bengaluru
19-10-2021,76,Bengaluru
20-10-2021,102,Bengaluru
21-10-2021,84,Bengaluru
22-10-2021,77,Bengaluru
23-10-2021,73,Bengaluru
24-10-2021,49,Bengaluru
25-10-2021,60,Bengaluru
26-10-2021,92,Bengaluru
27-10-2021,106,Bengaluru
28-10-2021,125,Bengaluru
29-10-2021,111,Bengaluru
30-10-2021,52,Bengaluru
31-10-2021,67,Bengaluru
01-11-2021,56,Bengaluru
02-11-2021,50,Bengaluru
03-11-2021,56,Bengaluru
04-11-2021,58,Bengaluru
05-11-2021,57,Bengaluru
06-11-2021,70,Bengaluru
07-11-2021,77,Bengaluru
08-11-2021,101,Bengaluru
09-11-2021,106,Bengaluru
10-11-2021,104,Bengaluru
11-11-2021,91,Bengaluru
12-11-2021,64,Bengaluru
13-11-2021,58,Bengaluru
14-11-2021,49,Bengaluru
15-11-2021,51,Bengaluru
16-11-2021,58,Bengaluru
17-11-2021,59,Bengaluru
18-11-2021,61,Bengaluru
19-11-2021,74,Bengaluru
20-11-2021,47,Bengaluru
21-11-2021,71,Bengaluru
22-11-2021,62,Bengaluru
23-11-2021,65,Bengaluru
24-11-2021,63,Bengaluru
25-11-2021,65,Bengaluru
26-11-2021,74,Bengaluru
27-11-2021,82,Bengaluru
28-11-2021,74,Bengaluru
29-11-2021,55,Bengaluru
30-11-2021,54,Bengaluru
01-12-2021,60,Bengaluru
02-12-2021,86,Bengaluru
03-12-2021,98,Bengaluru
04-12-2021,95,Bengaluru
05-12-2021,86,Bengaluru
06-12-2021,86,Bengaluru
07-12-2021,113,Bengaluru
08-12-2021,81,Bengaluru
09-12-2021,66,Bengaluru
10-12-2021,51,Bengaluru
11-12-2021,61,Bengaluru
12-12-2021,47,Bengaluru
13-12-2021,48,Bengaluru
14-12-2021,46,Bengaluru
15-12-2021,69,Bengaluru
16-12-2021,88,Bengaluru
17-12-2021,106,Bengaluru
18-12-2021,121,Bengaluru
19-12-2021,113,Bengaluru
20-12-2021,92,Bengaluru
21-12-2021,112,Bengaluru
22-12-2021,152,Bengaluru
23-12-2021,144,Bengaluru
24-12-2021,145,Bengaluru
25-12-2021,132,Bengaluru
26-12-2021,112,Bengaluru
27-12-2021,92,Bengaluru
28-12-2021,74,Bengaluru
29-12-2021,67,Bengaluru
30-12-2021,73,Bengaluru
31-12-2021,52,Bengaluru
01-01-2022,51,Bengaluru
02-01-2022,43,Bengaluru
03-01-2022,55,Bengaluru
04-01-2022,86,Bengaluru
05-01-2022,88,Bengaluru
06-01-2022,86,Bengaluru
07-01-2022,79,Bengaluru
08-01-2022,77,Bengaluru
09-01-2022,71,Bengaluru
10-01-2022,75,Bengaluru
11-01-2022,74,Bengaluru
12-01-2022,73,Bengaluru
13-01-2022,76,Bengaluru
14-01-2022,87,Bengaluru
15-01-2022,88,Bengaluru
16-01-2022,74,Bengaluru
17-01-2022,52,Bengaluru
18-01-2022,65,Bengaluru
19-01-2022,84,Bengaluru
20-01-2022,97,Bengaluru
21-01-2022,102,Bengaluru
22-01-2022,119,Bengaluru
23-01-2022,100,Bengaluru
24-01-2022,74,Bengaluru
25-01-2022,103,Bengaluru
26-01-2022,87,Bengaluru
27-01-2022,72,Bengaluru
28-01-2022,91,Bengaluru
29-01-2022,108,Bengaluru
30-01-2022,101,Bengaluru
31-01-2022,104,Bengaluru
01-02-2022,118,Bengaluru
02-02-2022,108,Bengaluru
03-02-2022,111,Bengaluru
04-02-2022,102,Bengaluru
05-02-2022,114,Bengaluru
06-02-2022,96,Bengaluru
07-02-2022,80,Bengaluru
08-02-2022,100,Bengaluru
09-02-2022,91,Bengaluru
10-02-2022,90,Bengaluru
11-02-2022,113,Bengaluru
12-02-2022,74,Bengaluru
13-02-2022,78,Bengaluru
14-02-2022,77,Bengaluru
15-02-2022,86,Bengaluru
16-02-2022,97,Bengaluru
17-02-2022,109,Bengaluru
18-02-2022,99,Bengaluru
19-02-2022,86,Bengaluru
20-02-2022,98,Bengaluru
21-02-2022,114,Bengaluru
22-02-2022,124,Bengaluru
23-02-2022,84,Bengaluru
24-02-2022,69,Bengaluru
25-02-2022,78,Bengaluru
26-02-2022,96,Bengaluru
27-02-2022,96,Bengaluru
28-02-2022,73,Bengaluru
01-03-2022,96,Bengaluru
02-03-2022,88,Bengaluru
03-03-2022,96,Bengaluru
04-03-2022,100,Bengaluru
05-03-2022,76,Bengaluru
06-03-2022,78,Bengaluru
07-03-2022,69,Bengaluru
08-03-2022,81,Bengaluru
09-03-2022,119,Bengaluru
10-03-2022,104,Bengaluru
11-03-2022,96,Bengaluru
12-03-2022,108,Bengaluru
13-03-2022,116,Bengaluru
14-03-2022,113,Bengaluru
15-03-2022,121,Bengaluru
16-03-2022,127,Bengaluru
17-03-2022,142,Bengaluru
18-03-2022,122,Bengaluru
19-03-2022,106,Bengaluru
20-03-2022,87,Bengaluru
21-03-2022,90,Bengaluru
22-03-2022,86,Bengaluru
23-03-2022,111,Bengaluru
24-03-2022,99,Bengaluru
25-03-2022,106,Bengaluru
26-03-2022,99,Bengaluru
27-03-2022,112,Bengaluru
28-03-2022,109,Bengaluru
29-03-2022,88,Bengaluru
30-03-2022,100,Bengaluru
31-03-2022,102,Bengaluru
01-04-2022,97,Bengaluru
02-04-2022,91,Bengaluru
03-04-2022,104,Bengaluru
04-04-2022,98,Bengaluru
05-04-2022,94,Bengaluru
06-04-2022,99,Bengaluru
07-04-2022,99,Bengaluru
08-04-2022,97,Bengaluru
09-04-2022,76,Bengaluru
10-04-2022,71,Bengaluru
11-04-2022,73,Bengaluru
12-04-2022,81,Bengaluru
13-04-2022,65,Bengaluru
14-04-2022,64,Bengaluru
15-04-2022,72,Bengaluru
16-04-2022,83,Bengaluru
17-04-2022,77,Bengaluru
18-04-2022,76,Bengaluru
19-04-2022,73,Bengaluru
20-04-2022,93,Bengaluru
21-04-2022,122,Bengaluru
22-04-2022,96,Bengaluru
23-04-2022,76,Bengaluru
24-04-2022,71,Bengaluru
25-04-2022,103,Bengaluru
26-04-2022,86,Bengaluru
27-04-2022,108,Bengaluru
28-04-2022,96,Bengaluru
29-04-2022,96,Bengaluru
30-04-2022,82,Bengaluru
01-05-2022,87,Bengaluru
02-05-2022,68,Bengaluru
03-05-2022,77,Bengaluru
04-05-2022,73,Bengaluru
05-05-2022,68,Bengaluru
06-05-2022,86,Bengaluru
07-05-2022,77,Bengaluru
08-05-2022,79,Bengaluru
09-05-2022,76,Bengaluru
10-05-2022,84,Bengaluru
11-05-2022,74,Bengaluru
12-05-2022,57,Bengaluru
13-05-2022,65,Bengaluru
14-05-2022,83,Bengaluru
15-05-2022,70,Bengaluru
16-05-2022,84,Bengaluru
17-05-2022,61,Bengaluru
18-05-2022,58,Bengaluru
19-05-2022,57,Bengaluru
20-05-2022,76,Bengaluru
21-05-2022,58,Bengaluru
22-05-2022,77,Bengaluru
23-05-2022,70,Bengaluru
24-05-2022,73,Bengaluru
25-05-2022,74,Bengaluru
26-05-2022,84,Bengaluru
27-05-2022,73,Bengaluru
28-05-2022,84,Bengaluru
29-05-2022,64,Bengaluru
30-05-2022,64,Bengaluru
31-05-2022,65,Bengaluru
01-06-2022,67,Bengaluru
02-06-2022,67,Bengaluru
03-06-2022,79,Bengaluru
04-06-2022,78,Bengaluru
05-06-2022,76,Bengaluru
06-06-2022,62,Bengaluru
07-06-2022,62,Bengaluru
08-06-2022,59,Bengaluru
09-06-2022,66,Bengaluru
10-06-2022,68,Bengaluru
11-06-2022,68,Bengaluru
12-06-2022,56,Bengaluru
13-06-2022,52,Bengaluru
14-06-2022,61,Bengaluru
15-06-2022,52,Bengaluru
16-06-2022,57,Bengaluru
17-06-2022,56,Bengaluru
18-06-2022,51,Bengaluru
19-06-2022,45,Bengaluru
20-06-2022,45,Bengaluru
21-06-2022,51,Bengaluru
22-06-2022,46,Bengaluru
23-06-2022,54,Bengaluru
24-06-2022,53,Bengaluru
25-06-2022,62,Bengaluru
26-06-2022,65,Bengaluru
27-06-2022,65,Bengaluru
28-06-2022,61,Bengaluru
29-06-2022,62,Bengaluru
30-06-2022,55,Bengaluru
01-07-2022,56,Bengaluru
02-07-2022,77,Bengaluru
03-07-2022,79,Bengaluru
04-07-2022,51,Bengaluru
05-07-2022,52,Bengaluru
06-07-2022,57,Bengaluru
07-07-2022,53,Bengaluru
08-07-2022,57,Bengaluru
09-07-2022,60,Bengaluru
10-07-2022,48,Bengaluru
11-07-2022,56,Bengaluru
12-07-2022,62,Bengaluru
14-07-2022,57,Bengaluru
15-07-2022,65,Bengaluru
16-07-2022,73,Bengaluru
17-07-2022,57,Bengaluru
18-07-2022,52,Bengaluru
19-07-2022,57,Bengaluru
20-07-2022,69,Bengaluru
21-07-2022,86,Bengaluru
22-07-2022,79,Bengaluru
23-07-2022,76,Bengaluru
24-07-2022,65,Bengaluru
25-07-2022,67,Bengaluru
26-07-2022,65,Bengaluru
27-07-2022,73,Bengaluru
28-07-2022,67,Bengaluru
29-07-2022,84,Bengaluru
30-07-2022,70,Bengaluru
31-07-2022,58,Bengaluru
01-08-2022,67,Bengaluru
02-08-2022,51,Bengaluru
03-08-2022,50,Bengaluru
04-08-2022,56,Bengaluru
05-08-2022,51,Bengaluru
06-08-2022,86,Bengaluru
07-08-2022,43,Bengaluru
08-08-2022,53,Bengaluru
09-08-2022,57,Bengaluru
10-08-2022,65,Bengaluru
11-08-2022,65,Bengaluru
12-08-2022,58,Bengaluru
13-08-2022,62,Bengaluru
14-08-2022,62,Bengaluru
15-08-2022,62,Bengaluru
16-08-2022,68,Bengaluru
17-08-2022,79,Bengaluru
18-08-2022,62,Bengaluru
19-08-2022,56,Bengaluru
20-08-2022,53,Bengaluru
21-08-2022,63,Bengaluru
22-08-2022,43,Bengaluru
23-08-2022,46,Bengaluru
24-08-2022,48,Bengaluru
25-08-2022,44,Bengaluru
26-08-2022,46,Bengaluru
27-08-2022,44,Bengaluru
28-08-2022,40,Bengaluru
29-08-2022,63,Bengaluru
30-08-2022,58,Bengaluru
31-08-2022,65,Bengaluru
01-09-2022,51,Bengaluru
02-09-2022,74,Bengaluru
03-09-2022,70,Bengaluru
04-09-2022,54,Bengaluru
05-09-2022,46,Bengaluru
06-09-2022,57,Bengaluru
07-09-2022,44,Bengaluru
08-09-2022,44,Bengaluru
09-09-2022,51,Bengaluru
10-09-2022,62,Bengaluru
11-09-2022,48,Bengaluru
12-09-2022,42,Bengaluru
13-09-2022,50,Bengaluru
14-09-2022,50,Bengaluru
15-09-2022,56,Bengaluru
16-09-2022,85,Bengaluru
17-09-2022,66,Bengaluru
18-09-2022,58,Bengaluru
19-09-2022,64,Bengaluru
20-09-2022,80,Bengaluru
21-09-2022,60,Bengaluru
22-09-2022,76,Bengaluru
23-09-2022,74,Bengaluru
24-09-2022,65,Bengaluru
25-09-2022,58,Bengaluru
26-09-2022,67,Bengaluru
27-09-2022,65,Bengaluru
28-09-2022,61,Bengaluru
29-09-2022,42,Bengaluru
30-09-2022,66,Bengaluru
01-10-2022,74,Bengaluru
02-10-2022,54,Bengaluru
03-10-2022,132,Bengaluru
04-10-2022,126,Bengaluru
05-10-2022,104,Bengaluru
06-10-2022,80,Bengaluru
07-10-2022,107,Bengaluru
08-10-2022,73,Bengaluru
09-10-2022,69,Bengaluru
10-10-2022,58,Bengaluru
11-10-2022,50,Bengaluru
12-10-2022,64,Bengaluru
13-10-2022,57,Bengaluru
14-10-2022,66,Bengaluru
15-10-2022,55,Bengaluru
16-10-2022,36,Bengaluru
17-10-2022,41,Bengaluru
18-10-2022,54,Bengaluru
19-10-2022,57,Bengaluru
20-10-2022,89,Bengaluru
21-10-2022,69,Bengaluru
22-10-2022,74,Bengaluru
23-10-2022,102,Bengaluru
24-10-2022,99,Bengaluru
25-10-2022,142,Bengaluru
26-10-2022,151,Bengaluru
27-10-2022,130,Bengaluru
28-10-2022,95,Bengaluru
29-10-2022,71,Bengaluru
30-10-2022,74,Bengaluru
31-10-2022,95,Bengaluru
01-11-2022,105,Bengaluru
02-11-2022,53,Bengaluru
03-11-2022,54,Bengaluru
04-11-2022,54,Bengaluru
05-11-2022,49,Bengaluru
06-11-2022,58,Bengaluru
07-11-2022,119,Bengaluru
08-11-2022,96,Bengaluru
09-11-2022,100,Bengaluru
10-11-2022,112,Bengaluru
11-11-2022,111,Bengaluru
12-11-2022,98,Bengaluru
13-11-2022,33,Bengaluru
14-11-2022,35,Bengaluru
15-11-2022,67,Bengaluru
16-11-2022,129,Bengaluru
17-11-2022,168,Bengaluru
18-11-2022,133,Bengaluru
19-11-2022,124,Bengaluru
20-11-2022,129,Bengaluru
21-11-2022,154,Bengaluru
22-11-2022,78,Bengaluru
23-11-2022,47,Bengaluru
24-11-2022,38,Bengaluru
25-11-2022,82,Bengaluru
26-11-2022,63,Bengaluru
27-11-2022,85,Bengaluru
28-11-2022,106,Bengaluru
29-11-2022,168,Bengaluru
30-11-2022,150,Bengaluru
01-12-2022,128,Bengaluru
02-12-2022,93,Bengaluru
03-12-2022,68,Bengaluru
04-12-2022,52,Bengaluru
05-12-2022,77,Bengaluru
06-12-2022,108,Bengaluru
07-12-2022,124,Bengaluru
08-12-2022,125,Bengaluru
09-12-2022,127,Bengaluru
10-12-2022,68,Bengaluru
11-12-2022,24,Bengaluru
12-12-2022,42,Bengaluru
13-12-2022,59,Bengaluru
14-12-2022,43,Bengaluru
15-12-2022,72,Bengaluru
16-12-2022,121,Bengaluru
17-12-2022,114,Bengaluru
18-12-2022,146,Bengaluru
19-12-2022,155,Bengaluru
20-12-2022,114,Bengaluru
21-12-2022,80,Bengaluru
22-12-2022,77,Bengaluru
23-12-2022,95,Bengaluru
24-12-2022,95,Bengaluru
25-12-2022,69,Bengaluru
26-12-2022,40,Bengaluru
27-12-2022,42,Bengaluru
28-12-2022,47,Bengaluru
29-12-2022,54,Bengaluru
30-12-2022,72,Bengaluru
31-12-2022,76,Bengaluru
01-01-2023,88,Bengaluru
02-01-2023,86,Bengaluru
03-01-2023,82,Bengaluru
04-01-2023,90,Bengaluru
05-01-2023,87,Bengaluru
06-01-2023,104,Bengaluru
07-01-2023,91,Bengaluru
08-01-2023,113,Bengaluru
09-01-2023,118,Bengaluru
10-01-2023,93,Bengaluru
11-01-2023,102,Bengaluru
12-01-2023,126,Bengaluru
13-01-2023,105,Bengaluru
14-01-2023,99,Bengaluru
15-01-2023,118,Bengaluru
16-01-2023,109,Bengaluru
17-01-2023,90,Bengaluru
18-01-2023,71,Bengaluru
19-01-2023,82,Bengaluru
20-01-2023,85,Bengaluru
21-01-2023,77,Bengaluru
22-01-2023,79,Bengaluru
23-01-2023,68,Bengaluru
24-01-2023,64,Bengaluru
25-01-2023,70,Bengaluru
26-01-2023,120,Bengaluru
27-01-2023,160,Bengaluru
28-01-2023,72,Bengaluru
29-01-2023,81,Bengaluru
30-01-2023,74,Bengaluru
31-01-2023,73,Bengaluru
01-02-2023,93,Bengaluru
02-02-2023,95,Bengaluru
03-02-2023,86,Bengaluru
04-02-2023,81,Bengaluru
05-02-2023,90,Bengaluru
06-02-2023,95,Bengaluru
07-02-2023,150,Bengaluru
08-02-2023,121,Bengaluru
09-02-2023,116,Bengaluru
10-02-2023,93,Bengaluru
11-02-2023,95,Bengaluru
12-02-2023,97,Bengaluru
13-02-2023,111,Bengaluru
14-02-2023,89,Bengaluru
15-02-2023,90,Bengaluru
16-02-2023,98,Bengaluru
17-02-2023,91,Bengaluru
18-02-2023,129,Bengaluru
19-02-2023,125,Bengaluru
20-02-2023,106,Bengaluru
21-02-2023,87,Bengaluru
22-02-2023,86,Bengaluru
23-02-2023,97,Bengaluru
24-02-2023,74,Bengaluru
25-02-2023,77,Bengaluru
26-02-2023,96,Bengaluru
27-02-2023,84,Bengaluru
28-02-2023,90,Bengaluru
01-03-2023,89,Bengaluru
02-03-2023,87,Bengaluru
03-03-2023,101,Bengaluru
04-03-2023,96,Bengaluru
05-03-2023,92,Bengaluru
06-03-2023,92,Bengaluru
07-03-2023,84,Bengaluru
08-03-2023,82,Bengaluru
09-03-2023,86,Bengaluru
10-03-2023,87,Bengaluru
11-03-2023,88,Bengaluru
12-03-2023,78,Bengaluru
13-03-2023,69,Bengaluru
14-03-2023,87,Bengaluru
15-03-2023,95,Bengaluru
16-03-2023,113,Bengaluru
17-03-2023,91,Bengaluru
18-03-2023,63,Bengaluru
19-03-2023,57,Bengaluru
20-03-2023,52,Bengaluru
21-03-2023,53,Bengaluru
22-03-2023,83,Bengaluru
23-03-2023,70,Bengaluru
24-03-2023,63,Bengaluru
25-03-2023,58,Bengaluru
26-03-2023,68,Bengaluru
27-03-2023,52,Bengaluru
28-03-2023,95,Bengaluru
29-03-2023,83,Bengaluru
30-03-2023,63,Bengaluru
31-03-2023,68,Bengaluru
01-04-2023,73,Bengaluru
02-04-2023,67,Bengaluru
03-04-2023,80,Bengaluru
04-04-2023,60,Bengaluru
05-04-2023,74,Bengaluru
06-04-2023,78,Bengaluru
07-04-2023,76,Bengaluru
08-04-2023,79,Bengaluru
09-04-2023,71,Bengaluru
10-04-2023,59,Bengaluru
11-04-2023,66,Bengaluru
12-04-2023,79,Bengaluru
13-04-2023,88,Bengaluru
14-04-2023,110,Bengaluru
15-04-2023,94,Bengaluru
16-04-2023,111,Bengaluru
17-04-2023,98,Bengaluru
18-04-2023,100,Bengaluru
19-04-2023,89,Bengaluru
20-04-2023,97,Bengaluru
21-04-2023,92,Bengaluru
22-04-2023,81,Bengaluru
23-04-2023,73,Bengaluru
24-04-2023,69,Bengaluru
25-04-2023,63,Bengaluru
26-04-2023,58,Bengaluru
27-04-2023,83,Bengaluru
28-04-2023,71,Bengaluru
29-04-2023,75,Bengaluru
30-04-2023,79,Bengaluru
01-05-2023,51,Bengaluru
02-05-2023,59,Bengaluru
03-05-2023,60,Bengaluru
04-05-2023,63,Bengaluru
05-05-2023,52,Bengaluru
06-05-2023,51,Bengaluru
07-05-2023,51,Bengaluru
08-05-2023,54,Bengaluru
09-05-2023,51,Bengaluru
10-05-2023,54,Bengaluru
11-05-2023,74,Bengaluru
12-05-2023,61,Bengaluru
13-05-2023,63,Bengaluru
14-05-2023,56,Bengaluru
15-05-2023,69,Bengaluru
16-05-2023,74,Bengaluru
17-05-2023,90,Bengaluru
18-05-2023,74,Bengaluru
19-05-2023,76,Bengaluru
20-05-2023,65,Bengaluru
21-05-2023,72,Bengaluru
22-05-2023,55,Bengaluru
23-05-2023,52,Bengaluru
24-05-2023,63,Bengaluru
25-05-2023,54,Bengaluru
26-05-2023,50,Bengaluru
27-05-2023,54,Bengaluru
28-05-2023,61,Bengaluru
29-05-2023,59,Bengaluru
30-05-2023,85,Bengaluru
31-05-2023,58,Bengaluru
01-06-2023,53,Bengaluru
02-06-2023,60,Bengaluru
03-06-2023,73,Bengaluru
04-06-2023,71,Bengaluru
05-06-2023,66,Bengaluru
06-06-2023,65,Bengaluru
07-06-2023,59,Bengaluru
08-06-2023,49,Bengaluru
09-06-2023,46,Bengaluru
10-06-2023,53,Bengaluru
11-06-2023,43,Bengaluru
12-06-2023,39,Bengaluru
13-06-2023,50,Bengaluru
14-06-2023,61,Bengaluru
15-06-2023,54,Bengaluru
16-06-2023,55,Bengaluru
17-06-2023,54,Bengaluru
18-06-2023,49,Bengaluru
19-06-2023,45,Bengaluru
20-06-2023,61,Bengaluru
21-06-2023,65,Bengaluru
22-06-2023,57,Bengaluru
23-06-2023,53,Bengaluru
24-06-2023,48,Bengaluru
25-06-2023,42,Bengaluru
26-06-2023,38,Bengaluru
27-06-2023,44,Bengaluru
28-06-2023,42,Bengaluru
29-06-2023,40,Bengaluru
30-06-2023,38,Bengaluru
01-07-2023,43,Bengaluru
02-07-2023,50,Bengaluru
03-07-2023,44,Bengaluru
04-07-2023,34,Bengaluru
05-07-2023,36,Bengaluru
06-07-2023,37,Bengaluru
07-07-2023,39,Bengaluru
08-07-2023,38,Bengaluru
09-07-2023,39,Bengaluru
10-07-2023,40,Bengaluru
11-07-2023,52,Bengaluru
12-07-2023,49,Bengaluru
13-07-2023,48,Bengaluru
14-07-2023,61,Bengaluru
15-07-2023,50,Bengaluru
16-07-2023,48,Bengaluru
17-07-2023,47,Bengaluru
18-07-2023,57,Bengaluru
19-07-2023,63,Bengaluru
20-07-2023,71,Bengaluru
21-07-2023,97,Bengaluru
22-07-2023,59,Bengaluru
23-07-2023,45,Bengaluru
24-07-2023,41,Bengaluru
25-07-2023,40,Bengaluru
26-07-2023,45,Bengaluru
27-07-2023,39,Bengaluru
28-07-2023,62,Bengaluru
29-07-2023,54,Bengaluru
30-07-2023,52,Bengaluru
31-07-2023,47,Bengaluru
01-08-2023,67,Bengaluru
02-08-2023,68,Bengaluru
03-08-2023,64,Bengaluru
04-08-2023,54,Bengaluru
05-08-2023,58,Bengaluru
06-08-2023,42,Bengaluru
07-08-2023,50,Bengaluru
08-08-2023,64,Bengaluru
09-08-2023,60,Bengaluru
10-08-2023,65,Bengaluru
11-08-2023,64,Bengaluru
12-08-2023,74,Bengaluru
13-08-2023,65,Bengaluru
14-08-2023,50,Bengaluru
15-08-2023,61,Bengaluru
16-08-2023,64,Bengaluru
17-08-2023,75,Bengaluru
18-08-2023,68,Bengaluru
19-08-2023,49,Bengaluru
20-08-2023,49,Bengaluru
21-08-2023,59,Bengaluru
22-08-2023,99,Bengaluru
23-08-2023,78,Bengaluru
24-08-2023,82,Bengaluru
25-08-2023,115,Bengaluru
26-08-2023,65,Bengaluru
27-08-2023,50,Bengaluru
28-08-2023,63,Bengaluru
29-08-2023,69,Bengaluru
30-08-2023,71,Bengaluru
31-08-2023,78,Bengaluru
01-09-2023,57,Bengaluru
02-09-2023,51,Bengaluru
03-09-2023,51,Bengaluru
04-09-2023,68,Bengaluru
05-09-2023,52,Bengaluru
06-09-2023,34,Bengaluru
07-09-2023,40,Bengaluru
08-09-2023,48,Bengaluru
09-09-2023,48,Bengaluru
10-09-2023,50,Bengaluru
11-09-2023,49,Bengaluru
12-09-2023,49,Bengaluru
13-09-2023,51,Bengaluru
14-09-2023,47,Bengaluru
15-09-2023,44,Bengaluru
16-09-2023,40,Bengaluru
17-09-2023,39,Bengaluru
18-09-2023,36,Bengaluru
19-09-2023,37,Bengaluru
20-09-2023,56,Bengaluru
21-09-2023,52,Bengaluru
22-09-2023,61,Bengaluru
23-09-2023,72,Bengaluru
24-09-2023,59,Bengaluru
25-09-2023,44,Bengaluru
26-09-2023,43,Bengaluru
27-09-2023,44,Bengaluru
28-09-2023,51,Bengaluru
29-09-2023,41,Bengaluru
30-09-2023,40,Bengaluru
01-10-2023,39,Bengaluru
02-10-2023,52,Bengaluru
03-10-2023,94,Bengaluru
04-10-2023,88,Bengaluru
05-10-2023,85,Bengaluru
06-10-2023,91,Bengaluru
07-10-2023,95,Bengaluru
08-10-2023,88,Bengaluru
09-10-2023,67,Bengaluru
10-10-2023,69,Bengaluru
11-10-2023,77,Bengaluru
12-10-2023,99,Bengaluru
13-10-2023,105,Bengaluru
14-10-2023,95,Bengaluru
15-10-2023,80,Bengaluru
16-10-2023,78,Bengaluru
17-10-2023,76,Bengaluru
18-10-2023,99,Bengaluru
19-10-2023,104,Bengaluru
20-10-2023,119,Bengaluru
21-10-2023,99,Bengaluru
22-10-2023,88,Bengaluru
23-10-2023,93,Bengaluru
24-10-2023,81,Bengaluru
25-10-2023,86,Bengaluru
26-10-2023,97,Bengaluru
27-10-2023,92,Bengaluru
28-10-2023,76,Bengaluru
29-10-2023,56,Bengaluru
30-10-2023,50,Bengaluru
31-10-2023,78,Bengaluru
01-11-2023,81,Bengaluru
02-11-2023,67,Bengaluru
03-11-2023,46,Bengaluru
04-11-2023,46,Bengaluru
05-11-2023,43,Bengaluru
06-11-2023,53,Bengaluru
07-11-2023,49,Bengaluru
08-11-2023,43,Bengaluru
09-11-2023,62,Bengaluru
10-11-2023,79,Bengaluru
11-11-2023,90,Bengaluru
12-11-2023,88,Bengaluru
13-11-2023,148,Bengaluru
14-11-2023,168,Bengaluru
15-11-2023,172,Bengaluru
16-11-2023,125,Bengaluru
17-11-2023,114,Bengaluru
18-11-2023,72,Bengaluru
19-11-2023,62,Bengaluru
20-11-2023,59,Bengaluru
21-11-2023,65,Bengaluru
22-11-2023,63,Bengaluru
23-11-2023,47,Bengaluru
24-11-2023,61,Bengaluru
25-11-2023,54,Bengaluru
26-11-2023,69,Bengaluru
27-11-2023,57,Bengaluru
28-11-2023,58,Bengaluru
29-11-2023,64,Bengaluru
30-11-2023,45,Bengaluru
01-12-2023,51,Bengaluru
02-12-2023,76,Bengaluru
03-12-2023,61,Bengaluru
04-12-2023,74,Bengaluru
05-12-2023,75,Bengaluru
06-12-2023,113,Bengaluru
07-12-2023,102,Bengaluru
08-12-2023,97,Bengaluru
09-12-2023,79,Bengaluru
10-12-2023,84,Bengaluru
11-12-2023,79,Bengaluru
12-12-2023,90,Bengaluru
13-12-2023,93,Bengaluru
14-12-2023,91,Bengaluru
15-12-2023,99,Bengaluru
16-12-2023,75,Bengaluru
17-12-2023,68,Bengaluru
18-12-2023,75,Bengaluru
19-12-2023,112,Bengaluru
20-12-2023,121,Bengaluru
21-12-2023,100,Bengaluru
22-12-2023,101,Bengaluru
23-12-2023,133,Bengaluru
24-12-2023,114,Bengaluru
25-12-2023,74,Bengaluru
26-12-2023,76,Bengaluru
27-12-2023,78,Bengaluru
28-12-2023,80,Bengaluru
29-12-2023,72,Bengaluru
30-12-2023,67,Bengaluru
31-12-2023,73,Bengaluru
01-01-2024,91,Bengaluru
02-01-2024,93,Bengaluru
03-01-2024,96,Bengaluru
04-01-2024,98,Bengaluru
05-01-2024,93,Bengaluru
06-01-2024,88,Bengaluru
07-01-2024,76,Bengaluru
08-01-2024,65,Bengaluru
09-01-2024,73,Bengaluru
10-01-2024,122,Bengaluru
11-01-2024,92,Bengaluru
12-01-2024,88,Bengaluru
13-01-2024,107,Bengaluru
14-01-2024,128,Bengaluru
15-01-2024,135,Bengaluru
16-01-2024,148,Bengaluru
17-01-2024,133,Bengaluru
18-01-2024,108,Bengaluru
19-01-2024,107,Bengaluru
20-01-2024,102,Bengaluru
21-01-2024,109,Bengaluru
22-01-2024,98,Bengaluru
23-01-2024,101,Bengaluru
24-01-2024,94,Bengaluru
25-01-2024,114,Bengaluru
26-01-2024,85,Bengaluru
27-01-2024,73,Bengaluru
28-01-2024,74,Bengaluru
29-01-2024,85,Bengaluru
30-01-2024,94,Bengaluru
31-01-2024,133,Bengaluru
01-02-2024,106,Bengaluru
02-02-2024,108,Bengaluru
03-02-2024,108,Bengaluru
04-02-2024,95,Bengaluru
05-02-2024,93,Bengaluru
06-02-2024,97,Bengaluru
07-02-2024,99,Bengaluru
08-02-2024,97,Bengaluru
09-02-2024,95,Bengaluru
10-02-2024,97,Bengaluru
11-02-2024,92,Bengaluru
12-02-2024,98,Bengaluru
13-02-2024,92,Bengaluru
14-02-2024,69,Bengaluru
15-02-2024,75,Bengaluru
16-02-2024,78,Bengaluru
17-02-2024,75,Bengaluru
18-02-2024,89,Bengaluru
19-02-2024,74,Bengaluru
20-02-2024,78,Bengaluru
21-02-2024,99,Bengaluru
22-02-2024,108,Bengaluru
23-02-2024,105,Bengaluru
24-02-2024,99,Bengaluru
25-02-2024,93,Bengaluru
26-02-2024,76,Bengaluru
27-02-2024,70,Bengaluru
28-02-2024,74,Bengaluru
29-02-2024,76,Bengaluru
01-03-2024,77,Bengaluru
02-03-2024,83,Bengaluru
03-03-2024,109,Bengaluru
04-03-2024,97,Bengaluru
05-03-2024,118,Bengaluru
06-03-2024,101,Bengaluru
07-03-2024,128,Bengaluru
08-03-2024,140,Bengaluru
09-03-2024,121,Bengaluru
10-03-2024,133,Bengaluru
11-03-2024,119,Bengaluru
12-03-2024,121,Bengaluru
13-03-2024,105,Bengaluru
14-03-2024,122,Bengaluru
15-03-2024,125,Bengaluru
16-03-2024,114,Bengaluru
17-03-2024,99,Bengaluru
18-03-2024,121,Bengaluru
19-03-2024,119,Bengaluru
20-03-2024,124,Bengaluru
21-03-2024,88,Bengaluru
22-03-2024,75,Bengaluru
23-03-2024,84,Bengaluru
24-03-2024,85,Bengaluru
25-03-2024,89,Bengaluru
26-03-2024,89,Bengaluru
27-03-2024,88,Bengaluru
28-03-2024,89,Bengaluru
29-03-2024,93,Bengaluru
30-03-2024,93,Bengaluru
31-03-2024,88,Bengaluru
01-04-2024,87,Bengaluru
02-04-2024,95,Bengaluru
03-04-2024,81,Bengaluru
04-04-2024,78,Bengaluru
05-04-2024,76,Bengaluru
06-04-2024,90,Bengaluru
07-04-2024,82,Bengaluru
08-04-2024,79,Bengaluru
09-04-2024,79,Bengaluru
10-04-2024,86,Bengaluru
11-04-2024,62,Bengaluru
12-04-2024,62,Bengaluru
13-04-2024,59,Bengaluru
14-04-2024,66,Bengaluru
15-04-2024,63,Bengaluru
16-04-2024,65,Bengaluru
17-04-2024,90,Bengaluru
18-04-2024,99,Bengaluru
19-04-2024,92,Bengaluru
20-04-2024,84,Bengaluru
21-04-2024,91,Bengaluru
22-04-2024,80,Bengaluru
23-04-2024,81,Bengaluru
24-04-2024,84,Bengaluru
25-04-2024,89,Bengaluru
26-04-2024,92,Bengaluru
27-04-2024,95,Bengaluru
28-04-2024,88,Bengaluru
29-04-2024,65,Bengaluru
30-04-2024,74,Bengaluru
01-05-2024,83,Bengaluru
02-05-2024,95,Bengaluru
03-05-2024,94,Bengaluru
04-05-2024,60,Bengaluru
05-05-2024,94,Bengaluru
06-05-2024,84,Bengaluru
07-05-2024,65,Bengaluru
08-05-2024,65,Bengaluru
09-05-2024,79,Bengaluru
10-05-2024,71,Bengaluru
11-05-2024,60,Bengaluru
12-05-2024,68,Bengaluru
13-05-2024,60,Bengaluru
14-05-2024,49,Bengaluru
15-05-2024,66,Bengaluru
16-05-2024,68,Bengaluru
17-05-2024,58,Bengaluru
18-05-2024,58,Bengaluru
19-05-2024,51,Bengaluru
20-05-2024,44,Bengaluru
21-05-2024,50,Bengaluru
22-05-2024,62,Bengaluru
23-05-2024,59,Bengaluru
24-05-2024,65,Bengaluru
25-05-2024,63,Bengaluru
26-05-2024,60,Bengaluru
27-05-2024,65,Bengaluru
28-05-2024,70,Bengaluru
29-05-2024,64,Bengaluru
30-05-2024,74,Bengaluru
31-05-2024,72,Bengaluru
01-06-2024,73,Bengaluru
02-06-2024,46,Bengaluru
03-06-2024,49,Bengaluru
04-06-2024,54,Bengaluru
05-06-2024,46,Bengaluru
06-06-2024,50,Bengaluru
07-06-2024,39,Bengaluru
08-06-2024,45,Bengaluru
09-06-2024,46,Bengaluru
10-06-2024,44,Bengaluru
11-06-2024,45,Bengaluru
12-06-2024,45,Bengaluru
13-06-2024,40,Bengaluru
14-06-2024,49,Bengaluru
15-06-2024,66,Bengaluru
16-06-2024,53,Bengaluru
17-06-2024,46,Bengaluru
18-06-2024,44,Bengaluru
19-06-2024,47,Bengaluru
20-06-2024,53,Bengaluru
21-06-2024,51,Bengaluru
22-06-2024,54,Bengaluru
23-06-2024,51,Bengaluru
24-06-2024,46,Bengaluru
25-06-2024,50,Bengaluru
26-06-2024,47,Bengaluru
27-06-2024,46,Bengaluru
28-06-2024,59,Bengaluru
29-06-2024,56,Bengaluru
30-06-2024,51,Bengaluru
01-07-2024,44,Bengaluru
02-07-2024,47,Bengaluru
03-07-2024,52,Bengaluru
04-07-2024,50,Bengaluru
05-07-2024,54,Bengaluru
06-07-2024,52,Bengaluru
07-07-2024,61,Bengaluru
08-07-2024,49,Bengaluru
09-07-2024,50,Bengaluru
10-07-2024,57,Bengaluru
11-07-2024,56,Bengaluru
12-07-2024,57,Bengaluru
13-07-2024,49,Bengaluru
14-07-2024,55,Bengaluru
15-07-2024,42,Bengaluru
16-07-2024,43,Bengaluru
17-07-2024,51,Bengaluru
18-07-2024,47,Bengaluru
19-07-2024,43,Bengaluru
20-07-2024,55,Bengaluru
21-07-2024,55,Bengaluru
22-07-2024,47,Bengaluru
23-07-2024,51,Bengaluru
24-07-2024,49,Bengaluru
25-07-2024,47,Bengaluru
26-07-2024,50,Bengaluru
27-07-2024,50,Bengaluru
28-07-2024,52,Bengaluru
29-07-2024,54,Bengaluru
30-07-2024,52,Bengaluru
31-07-2024,53,Bengaluru
01-08-2024,50,Bengaluru
02-08-2024,48,Bengaluru
03-08-2024,50,Bengaluru
04-08-2024,52,Bengaluru
05-08-2024,55,Bengaluru
06-08-2024,45,Bengaluru
07-08-2024,45,Bengaluru
08-08-2024,58,Bengaluru
09-08-2024,55,Bengaluru
10-08-2024,60,Bengaluru
11-08-2024,56,Bengaluru
12-08-2024,56,Bengaluru
13-08-2024,78,Bengaluru
14-08-2024,84,Bengaluru
15-08-2024,68,Bengaluru
16-08-2024,68,Bengaluru
17-08-2024,78,Bengaluru
18-08-2024,49,Bengaluru
19-08-2024,61,Bengaluru
20-08-2024,55,Bengaluru
21-08-2024,46,Bengaluru
22-08-2024,48,Bengaluru
23-08-2024,57,Bengaluru
24-08-2024,57,Bengaluru
25-08-2024,55,Bengaluru
26-08-2024,55,Bengaluru
27-08-2024,49,Bengaluru
28-08-2024,50,Bengaluru
29-08-2024,49,Bengaluru
30-08-2024,48,Bengaluru
31-08-2024,55,Bengaluru
01-09-2024,52,Bengaluru
02-09-2024,51,Bengaluru
03-09-2024,56,Bengaluru
04-09-2024,64,Bengaluru
05-09-2024,61,Bengaluru
06-09-2024,57,Bengaluru
07-09-2024,60,Bengaluru
08-09-2024,48,Bengaluru
09-09-2024,46,Bengaluru
10-09-2024,54,Bengaluru
11-09-2024,53,Bengaluru
12-09-2024,60,Bengaluru
13-09-2024,58,Bengaluru
14-09-2024,58,Bengaluru
15-09-2024,61,Bengaluru
16-09-2024,51,Bengaluru
17-09-2024,52,Bengaluru
18-09-2024,58,Bengaluru
19-09-2024,77,Bengaluru
20-09-2024,63,Bengaluru
21-09-2024,65,Bengaluru
22-09-2024,53,Bengaluru
23-09-2024,45,Bengaluru
24-09-2024,55,Bengaluru
25-09-2024,52,Bengaluru
26-09-2024,54,Bengaluru
27-09-2024,56,Bengaluru
28-09-2024,62,Bengaluru
29-09-2024,57,Bengaluru
30-09-2024,71,Bengaluru
01-10-2024,70,Bengaluru
02-10-2024,69,Bengaluru
03-10-2024,48,Bengaluru
04-10-2024,68,Bengaluru
05-10-2024,54,Bengaluru
06-10-2024,56,Bengaluru
07-10-2024,100,Bengaluru
08-10-2024,69,Bengaluru
09-10-2024,65,Bengaluru
10-10-2024,60,Bengaluru
11-10-2024,55,Bengaluru
12-10-2024,53,Bengaluru
13-10-2024,43,Bengaluru
14-10-2024,48,Bengaluru
15-10-2024,45,Bengaluru
16-10-2024,48,Bengaluru
17-10-2024,46,Bengaluru
18-10-2024,48,Bengaluru
19-10-2024,53,Bengaluru
20-10-2024,47,Bengaluru
21-10-2024,50,Bengaluru
22-10-2024,50,Bengaluru
23-10-2024,59,Bengaluru
24-10-2024,50,Bengaluru
25-10-2024,95,Bengaluru
26-10-2024,148,Bengaluru
27-10-2024,144,Bengaluru
28-10-2024,127,Bengaluru
29-10-2024,110,Bengaluru
30-10-2024,130,Bengaluru
31-10-2024,109,Bengaluru
01-11-2024,135,Bengaluru
02-11-2024,122,Bengaluru
03-11-2024,75,Bengaluru
04-11-2024,69,Bengaluru
05-11-2024,71,Bengaluru
06-11-2024,110,Bengaluru
07-11-2024,101,Bengaluru
08-11-2024,68,Bengaluru
09-11-2024,62,Bengaluru
10-11-2024,72,Bengaluru
11-11-2024,85,Bengaluru
12-11-2024,99,Bengaluru
13-11-2024,60,Bengaluru
14-11-2024,52,Bengaluru
15-11-2024,50,Bengaluru
16-11-2024,53,Bengaluru
17-11-2024,65,Bengaluru
18-11-2024,104,Bengaluru
19-11-2024,96,Bengaluru
20-11-2024,90,Bengaluru
21-11-2024,94,Bengaluru
22-11-2024,94,Bengaluru
23-11-2024,95,Bengaluru
24-11-2024,100,Bengaluru
25-11-2024,85,Bengaluru
26-11-2024,92,Bengaluru
27-11-2024,97,Bengaluru
28-11-2024,98,Bengaluru
29-11-2024,89,Bengaluru
30-11-2024,71,Bengaluru
01-12-2024,59,Bengaluru
02-12-2024,53,Bengaluru
03-12-2024,50,Bengaluru
04-12-2024,54,Bengaluru
05-12-2024,60,Bengaluru
06-12-2024,66,Bengaluru
07-12-2024,76,Bengaluru
08-12-2024,58,Bengaluru
09-12-2024,66,Bengaluru
10-12-2024,93,Bengaluru
11-12-2024,90,Bengaluru
12-12-2024,86,Bengaluru
13-12-2024,64,Bengaluru
14-12-2024,99,Bengaluru
15-12-2024,106,Bengaluru
16-12-2024,113,Bengaluru
17-12-2024,123,Bengaluru
18-12-2024,92,Bengaluru
19-12-2024,72,Bengaluru
20-12-2024,68,Bengaluru
21-12-2024,81,Bengaluru
22-12-2024,82,Bengaluru
23-12-2024,76,Bengaluru
24-12-2024,91,Bengaluru
25-12-2024,81,Bengaluru
26-12-2024,57,Bengaluru
27-12-2024,54,Bengaluru
28-12-2024,57,Bengaluru
29-12-2024,70,Bengaluru
30-12-2024,62,Bengaluru
31-12-2024,65,Bengaluru
01-01-2025,81,Bengaluru
02-01-2025,96,Bengaluru
03-01-2025,97,Bengaluru
04-01-2025,98,Bengaluru
05-01-2025,102,Bengaluru
06-01-2025,102,Bengaluru
07-01-2025,97,Bengaluru
08-01-2025,100,Bengaluru
09-01-2025,109,Bengaluru
10-01-2025,111,Bengaluru
11-01-2025,89,Bengaluru
12-01-2025,89,Bengaluru
13-01-2025,66,Bengaluru
14-01-2025,56,Bengaluru
15-01-2025,63,Bengaluru
16-01-2025,74,Bengaluru
17-01-2025,105,Bengaluru
18-01-2025,110,Bengaluru
19-01-2025,95,Bengaluru
20-01-2025,70,Bengaluru
21-01-2025,115,Bengaluru
22-01-2025,91,Bengaluru
23-01-2025,86,Bengaluru
24-01-2025,82,Bengaluru
25-01-2025,86,Bengaluru
26-01-2025,82,Bengaluru
27-01-2025,80,Bengaluru
28-01-2025,106,Bengaluru
29-01-2025,101,Bengaluru
30-01-2025,100,Bengaluru
31-01-2025,73,Bengaluru
01-02-2025,71,Bengaluru
02-02-2025,71,Bengaluru
03-02-2025,73,Bengaluru
04-02-2025,78,Bengaluru
05-02-2025,99,Bengaluru
06-02-2025,86,Bengaluru
07-02-2025,77,Bengaluru
08-02-2025,86,Bengaluru
09-02-2025,106,Bengaluru
10-02-2025,103,Bengaluru
11-02-2025,88,Bengaluru
12-02-2025,91,Bengaluru
13-02-2025,91,Bengaluru
14-02-2025,93,Bengaluru
15-02-2025,87,Bengaluru
16-02-2025,88,Bengaluru
17-02-2025,80,Bengaluru
18-02-2025,88,Bengaluru
19-02-2025,93,Bengaluru
20-02-2025,100,Bengaluru
21-02-2025,92,Bengaluru
22-02-2025,85,Bengaluru
23-02-2025,86,Bengaluru
24-02-2025,84,Bengaluru
25-02-2025,83,Bengaluru
26-02-2025,83,Bengaluru
27-02-2025,81,Bengaluru
28-02-2025,76,Bengaluru
01-03-2025,67,Bengaluru
02-03-2025,74,Bengaluru
03-03-2025,74,Bengaluru
04-03-2025,100,Bengaluru
05-03-2025,110,Bengaluru
06-03-2025,121,Bengaluru
07-03-2025,130,Bengaluru
08-03-2025,119,Bengaluru
09-03-2025,115,Bengaluru
10-03-2025,84,Bengaluru
11-03-2025,75,Bengaluru
12-03-2025,60,Bengaluru
13-03-2025,67,Bengaluru
14-03-2025,81,Bengaluru
15-03-2025,97,Bengaluru
16-03-2025,91,Bengaluru
17-03-2025,105,Bengaluru
18-03-2025,90,Bengaluru
19-03-2025,81,Bengaluru
20-03-2025,75,Bengaluru
21-03-2025,97,Bengaluru
22-03-2025,81,Bengaluru
23-03-2025,79,Bengaluru
24-03-2025,84,Bengaluru
25-03-2025,80,Bengaluru
26-03-2025,94,Bengaluru
27-03-2025,91,Bengaluru
28-03-2025,94,Bengaluru
29-03-2025,109,Bengaluru
30-03-2025,115,Bengaluru
31-03-2025,113,Bengaluru
01-01-2019,393,Delhi
02-01-2019,430,Delhi
03-01-2019,444,Delhi
04-01-2019,386,Delhi
05-01-2019,407,Delhi
06-01-2019,336,Delhi
07-01-2019,333,Delhi
08-01-2019,320,Delhi
09-01-2019,288,Delhi
10-01-2019,292,Delhi
11-01-2019,371,Delhi
12-01-2019,423,Delhi
13-01-2019,414,Delhi
14-01-2019,247,Delhi
15-01-2019,237,Delhi
16-01-2019,371,Delhi
17-01-2019,440,Delhi
18-01-2019,397,Delhi
19-01-2019,378,Delhi
20-01-2019,404,Delhi
21-01-2019,346,Delhi
22-01-2019,104,Delhi
23-01-2019,212,Delhi
24-01-2019,311,Delhi
25-01-2019,151,Delhi
26-01-2019,233,Delhi
27-01-2019,262,Delhi
28-01-2019,267,Delhi
29-01-2019,276,Delhi
30-01-2019,327,Delhi
31-01-2019,359,Delhi
01-02-2019,306,Delhi
02-02-2019,332,Delhi
03-02-2019,289,Delhi
04-02-2019,288,Delhi
05-02-2019,382,Delhi
06-02-2019,352,Delhi
07-02-2019,176,Delhi
08-02-2019,144,Delhi
09-02-2019,158,Delhi
10-02-2019,276,Delhi
11-02-2019,309,Delhi
12-02-2019,342,Delhi
13-02-2019,367,Delhi
14-02-2019,340,Delhi
15-02-2019,245,Delhi
16-02-2019,276,Delhi
17-02-2019,222,Delhi
18-02-2019,255,Delhi
19-02-2019,221,Delhi
20-02-2019,271,Delhi
21-02-2019,144,Delhi
22-02-2019,186,Delhi
23-02-2019,113,Delhi
24-02-2019,190,Delhi
25-02-2019,217,Delhi
26-02-2019,116,Delhi
27-02-2019,100,Delhi
28-02-2019,170,Delhi
01-03-2019,225,Delhi
02-03-2019,217,Delhi
03-03-2019,117,Delhi
04-03-2019,234,Delhi
05-03-2019,140,Delhi
06-03-2019,186,Delhi
07-03-2019,217,Delhi
08-03-2019,197,Delhi
09-03-2019,187,Delhi
10-03-2019,160,Delhi
11-03-2019,187,Delhi
12-03-2019,134,Delhi
13-03-2019,178,Delhi
14-03-2019,266,Delhi
15-03-2019,154,Delhi
16-03-2019,139,Delhi
17-03-2019,192,Delhi
18-03-2019,196,Delhi
19-03-2019,216,Delhi
20-03-2019,208,Delhi
21-03-2019,242,Delhi
22-03-2019,114,Delhi
23-03-2019,132,Delhi
24-03-2019,121,Delhi
25-03-2019,139,Delhi
26-03-2019,159,Delhi
27-03-2019,171,Delhi
28-03-2019,234,Delhi
29-03-2019,232,Delhi
30-03-2019,233,Delhi
31-03-2019,182,Delhi
01-04-2019,151,Delhi
02-04-2019,198,Delhi
03-04-2019,187,Delhi
04-04-2019,254,Delhi
05-04-2019,264,Delhi
06-04-2019,266,Delhi
07-04-2019,302,Delhi
08-04-2019,264,Delhi
09-04-2019,204,Delhi
10-04-2019,238,Delhi
11-04-2019,183,Delhi
12-04-2019,212,Delhi
13-04-2019,170,Delhi
14-04-2019,137,Delhi
15-04-2019,168,Delhi
16-04-2019,180,Delhi
17-04-2019,84,Delhi
18-04-2019,114,Delhi
19-04-2019,157,Delhi
20-04-2019,198,Delhi
21-04-2019,203,Delhi
22-04-2019,236,Delhi
23-04-2019,247,Delhi
24-04-2019,221,Delhi
25-04-2019,251,Delhi
26-04-2019,215,Delhi
27-04-2019,256,Delhi
28-04-2019,264,Delhi
29-04-2019,248,Delhi
30-04-2019,250,Delhi
01-05-2019,295,Delhi
02-05-2019,257,Delhi
03-05-2019,183,Delhi
04-05-2019,182,Delhi
05-05-2019,227,Delhi
06-05-2019,249,Delhi
07-05-2019,294,Delhi
08-05-2019,357,Delhi
09-05-2019,347,Delhi
10-05-2019,277,Delhi
11-05-2019,251,Delhi
12-05-2019,334,Delhi
13-05-2019,322,Delhi
14-05-2019,153,Delhi
15-05-2019,186,Delhi
16-05-2019,187,Delhi
17-05-2019,265,Delhi
18-05-2019,105,Delhi
19-05-2019,185,Delhi
20-05-2019,206,Delhi
21-05-2019,190,Delhi
22-05-2019,158,Delhi
23-05-2019,223,Delhi
24-05-2019,123,Delhi
25-05-2019,121,Delhi
26-05-2019,142,Delhi
27-05-2019,160,Delhi
28-05-2019,177,Delhi
29-05-2019,185,Delhi
30-05-2019,218,Delhi
31-05-2019,280,Delhi
01-06-2019,264,Delhi
02-06-2019,201,Delhi
03-06-2019,261,Delhi
04-06-2019,169,Delhi
05-06-2019,192,Delhi
06-06-2019,206,Delhi
07-06-2019,173,Delhi
08-06-2019,181,Delhi
09-06-2019,239,Delhi
10-06-2019,207,Delhi
11-06-2019,307,Delhi
12-06-2019,233,Delhi
13-06-2019,175,Delhi
14-06-2019,171,Delhi
15-06-2019,224,Delhi
16-06-2019,178,Delhi
17-06-2019,123,Delhi
18-06-2019,97,Delhi
19-06-2019,199,Delhi
20-06-2019,141,Delhi
21-06-2019,177,Delhi
22-06-2019,189,Delhi
23-06-2019,148,Delhi
24-06-2019,109,Delhi
25-06-2019,133,Delhi
26-06-2019,162,Delhi
27-06-2019,184,Delhi
28-06-2019,191,Delhi
29-06-2019,231,Delhi
30-06-2019,237,Delhi
01-07-2019,183,Delhi
02-07-2019,218,Delhi
03-07-2019,136,Delhi
04-07-2019,103,Delhi
05-07-2019,106,Delhi
06-07-2019,88,Delhi
07-07-2019,91,Delhi
08-07-2019,127,Delhi
09-07-2019,126,Delhi
10-07-2019,148,Delhi
11-07-2019,317,Delhi
12-07-2019,272,Delhi
13-07-2019,275,Delhi
14-07-2019,235,Delhi
15-07-2019,168,Delhi
16-07-2019,93,Delhi
17-07-2019,73,Delhi
18-07-2019,85,Delhi
19-07-2019,145,Delhi
20-07-2019,124,Delhi
21-07-2019,108,Delhi
22-07-2019,112,Delhi
23-07-2019,148,Delhi
24-07-2019,164,Delhi
25-07-2019,78,Delhi
26-07-2019,81,Delhi
27-07-2019,61,Delhi
28-07-2019,64,Delhi
29-07-2019,65,Delhi
30-07-2019,80,Delhi
31-07-2019,80,Delhi
01-08-2019,89,Delhi
02-08-2019,84,Delhi
03-08-2019,89,Delhi
04-08-2019,87,Delhi
05-08-2019,105,Delhi
06-08-2019,76,Delhi
07-08-2019,75,Delhi
08-08-2019,79,Delhi
09-08-2019,75,Delhi
10-08-2019,59,Delhi
11-08-2019,68,Delhi
12-08-2019,57,Delhi
13-08-2019,69,Delhi
14-08-2019,63,Delhi
15-08-2019,75,Delhi
16-08-2019,53,Delhi
17-08-2019,49,Delhi
18-08-2019,49,Delhi
19-08-2019,81,Delhi
20-08-2019,97,Delhi
21-08-2019,109,Delhi
22-08-2019,123,Delhi
23-08-2019,129,Delhi
24-08-2019,147,Delhi
25-08-2019,91,Delhi
26-08-2019,66,Delhi
27-08-2019,117,Delhi
28-08-2019,105,Delhi
29-08-2019,91,Delhi
30-08-2019,101,Delhi
31-08-2019,114,Delhi
01-09-2019,108,Delhi
02-09-2019,96,Delhi
03-09-2019,141,Delhi
04-09-2019,173,Delhi
05-09-2019,95,Delhi
06-09-2019,90,Delhi
07-09-2019,82,Delhi
08-09-2019,77,Delhi
09-09-2019,108,Delhi
10-09-2019,137,Delhi
11-09-2019,168,Delhi
12-09-2019,151,Delhi
13-09-2019,86,Delhi
14-09-2019,72,Delhi
15-09-2019,72,Delhi
16-09-2019,105,Delhi
17-09-2019,135,Delhi
18-09-2019,110,Delhi
19-09-2019,66,Delhi
20-09-2019,90,Delhi
21-09-2019,114,Delhi
22-09-2019,67,Delhi
23-09-2019,83,Delhi
24-09-2019,94,Delhi
25-09-2019,90,Delhi
26-09-2019,74,Delhi
27-09-2019,63,Delhi
28-09-2019,67,Delhi
29-09-2019,60,Delhi
30-09-2019,68,Delhi
01-10-2019,93,Delhi
02-10-2019,90,Delhi
03-10-2019,136,Delhi
04-10-2019,100,Delhi
05-10-2019,98,Delhi
06-10-2019,127,Delhi
07-10-2019,130,Delhi
08-10-2019,112,Delhi
09-10-2019,173,Delhi
10-10-2019,211,Delhi
11-10-2019,216,Delhi
12-10-2019,222,Delhi
13-10-2019,270,Delhi
14-10-2019,252,Delhi
15-10-2019,270,Delhi
16-10-2019,304,Delhi
17-10-2019,284,Delhi
18-10-2019,248,Delhi
19-10-2019,161,Delhi
20-10-2019,238,Delhi
21-10-2019,249,Delhi
22-10-2019,207,Delhi
23-10-2019,242,Delhi
24-10-2019,311,Delhi
25-10-2019,284,Delhi
26-10-2019,287,Delhi
27-10-2019,337,Delhi
28-10-2019,368,Delhi
29-10-2019,400,Delhi
30-10-2019,419,Delhi
31-10-2019,410,Delhi
01-11-2019,484,Delhi
02-11-2019,399,Delhi
03-11-2019,494,Delhi
04-11-2019,407,Delhi
05-11-2019,324,Delhi
06-11-2019,214,Delhi
07-11-2019,309,Delhi
08-11-2019,330,Delhi
09-11-2019,283,Delhi
10-11-2019,321,Delhi
11-11-2019,360,Delhi
12-11-2019,425,Delhi
13-11-2019,456,Delhi
14-11-2019,463,Delhi
15-11-2019,458,Delhi
16-11-2019,357,Delhi
17-11-2019,215,Delhi
18-11-2019,214,Delhi
19-11-2019,242,Delhi
20-11-2019,301,Delhi
21-11-2019,366,Delhi
22-11-2019,360,Delhi
23-11-2019,312,Delhi
24-11-2019,234,Delhi
25-11-2019,252,Delhi
26-11-2019,270,Delhi
27-11-2019,134,Delhi
28-11-2019,106,Delhi
29-11-2019,84,Delhi
30-11-2019,193,Delhi
01-12-2019,250,Delhi
02-12-2019,279,Delhi
03-12-2019,282,Delhi
04-12-2019,296,Delhi
05-12-2019,382,Delhi
06-12-2019,404,Delhi
07-12-2019,371,Delhi
08-12-2019,391,Delhi
09-12-2019,343,Delhi
10-12-2019,369,Delhi
11-12-2019,408,Delhi
12-12-2019,430,Delhi
13-12-2019,240,Delhi
14-12-2019,163,Delhi
15-12-2019,213,Delhi
16-12-2019,186,Delhi
17-12-2019,168,Delhi
18-12-2019,292,Delhi
19-12-2019,362,Delhi
20-12-2019,432,Delhi
21-12-2019,418,Delhi
22-12-2019,322,Delhi
23-12-2019,327,Delhi
24-12-2019,383,Delhi
25-12-2019,350,Delhi
26-12-2019,349,Delhi
27-12-2019,373,Delhi
28-12-2019,409,Delhi
29-12-2019,431,Delhi
30-12-2019,446,Delhi
31-12-2019,387,Delhi
01-01-2020,437,Delhi
02-01-2020,417,Delhi
03-01-2020,352,Delhi
04-01-2020,334,Delhi
05-01-2020,330,Delhi
06-01-2020,325,Delhi
07-01-2020,254,Delhi
08-01-2020,266,Delhi
09-01-2020,203,Delhi
10-01-2020,255,Delhi
11-01-2020,288,Delhi
12-01-2020,348,Delhi
13-01-2020,366,Delhi
14-01-2020,283,Delhi
15-01-2020,218,Delhi
16-01-2020,281,Delhi
17-01-2020,265,Delhi
18-01-2020,243,Delhi
19-01-2020,277,Delhi
20-01-2020,269,Delhi
21-01-2020,364,Delhi
22-01-2020,370,Delhi
23-01-2020,211,Delhi
24-01-2020,151,Delhi
25-01-2020,250,Delhi
26-01-2020,325,Delhi
27-01-2020,345,Delhi
28-01-2020,243,Delhi
29-01-2020,194,Delhi
30-01-2020,202,Delhi
31-01-2020,190,Delhi
01-02-2020,232,Delhi
02-02-2020,244,Delhi
03-02-2020,270,Delhi
04-02-2020,310,Delhi
05-02-2020,312,Delhi
06-02-2020,231,Delhi
07-02-2020,295,Delhi
08-02-2020,289,Delhi
09-02-2020,285,Delhi
10-02-2020,309,Delhi
11-02-2020,323,Delhi
12-02-2020,320,Delhi
13-02-2020,241,Delhi
14-02-2020,173,Delhi
15-02-2020,167,Delhi
16-02-2020,247,Delhi
17-02-2020,293,Delhi
18-02-2020,252,Delhi
19-02-2020,272,Delhi
20-02-2020,230,Delhi
21-02-2020,144,Delhi
22-02-2020,100,Delhi
23-02-2020,225,Delhi
24-02-2020,142,Delhi
25-02-2020,249,Delhi
26-02-2020,274,Delhi
27-02-2020,233,Delhi
28-02-2020,198,Delhi
01-03-2020,90,Delhi
02-03-2020,205,Delhi
03-03-2020,205,Delhi
04-03-2020,195,Delhi
05-03-2020,79,Delhi
06-03-2020,64,Delhi
07-03-2020,67,Delhi
08-03-2020,164,Delhi
09-03-2020,123,Delhi
10-03-2020,188,Delhi
11-03-2020,116,Delhi
12-03-2020,127,Delhi
13-03-2020,173,Delhi
14-03-2020,108,Delhi
15-03-2020,131,Delhi
16-03-2020,139,Delhi
17-03-2020,157,Delhi
18-03-2020,151,Delhi
19-03-2020,186,Delhi
20-03-2020,192,Delhi
21-03-2020,186,Delhi
22-03-2020,191,Delhi
23-03-2020,124,Delhi
24-03-2020,122,Delhi
25-03-2020,77,Delhi
26-03-2020,92,Delhi
27-03-2020,69,Delhi
28-03-2020,45,Delhi
29-03-2020,62,Delhi
30-03-2020,71,Delhi
31-03-2020,76,Delhi
01-04-2020,73,Delhi
02-04-2020,69,Delhi
03-04-2020,79,Delhi
04-04-2020,87,Delhi
05-04-2020,102,Delhi
06-04-2020,142,Delhi
07-04-2020,90,Delhi
08-04-2020,83,Delhi
09-04-2020,86,Delhi
10-04-2020,118,Delhi
11-04-2020,124,Delhi
12-04-2020,94,Delhi
13-04-2020,126,Delhi
14-04-2020,130,Delhi
15-04-2020,155,Delhi
16-04-2020,180,Delhi
17-04-2020,105,Delhi
18-04-2020,98,Delhi
19-04-2020,85,Delhi
20-04-2020,119,Delhi
21-04-2020,87,Delhi
22-04-2020,131,Delhi
23-04-2020,122,Delhi
24-04-2020,139,Delhi
25-04-2020,98,Delhi
26-04-2020,117,Delhi
27-04-2020,89,Delhi
28-04-2020,100,Delhi
29-04-2020,125,Delhi
30-04-2020,138,Delhi
01-05-2020,146,Delhi
02-05-2020,112,Delhi
03-05-2020,93,Delhi
04-05-2020,94,Delhi
05-05-2020,119,Delhi
06-05-2020,139,Delhi
07-05-2020,127,Delhi
08-05-2020,134,Delhi
09-05-2020,144,Delhi
10-05-2020,121,Delhi
11-05-2020,116,Delhi
12-05-2020,125,Delhi
13-05-2020,150,Delhi
14-05-2020,149,Delhi
15-05-2020,123,Delhi
16-05-2020,179,Delhi
17-05-2020,200,Delhi
18-05-2020,206,Delhi
19-05-2020,212,Delhi
20-05-2020,166,Delhi
21-05-2020,147,Delhi
22-05-2020,199,Delhi
23-05-2020,181,Delhi
24-05-2020,172,Delhi
25-05-2020,153,Delhi
26-05-2020,154,Delhi
27-05-2020,156,Delhi
28-05-2020,188,Delhi
29-05-2020,101,Delhi
30-05-2020,78,Delhi
31-05-2020,72,Delhi
01-06-2020,104,Delhi
02-06-2020,124,Delhi
03-06-2020,122,Delhi
04-06-2020,153,Delhi
05-06-2020,111,Delhi
06-06-2020,102,Delhi
07-06-2020,107,Delhi
08-06-2020,108,Delhi
09-06-2020,139,Delhi
10-06-2020,152,Delhi
11-06-2020,141,Delhi
12-06-2020,153,Delhi
13-06-2020,123,Delhi
14-06-2020,154,Delhi
15-06-2020,115,Delhi
16-06-2020,118,Delhi
17-06-2020,109,Delhi
18-06-2020,95,Delhi
19-06-2020,148,Delhi
20-06-2020,149,Delhi
21-06-2020,98,Delhi
22-06-2020,92,Delhi
23-06-2020,76,Delhi
24-06-2020,66,Delhi
25-06-2020,85,Delhi
26-06-2020,105,Delhi
27-06-2020,108,Delhi
28-06-2020,209,Delhi
29-06-2020,230,Delhi
30-06-2020,102,Delhi
01-07-2020,117,Delhi
02-07-2020,127,Delhi
03-07-2020,156,Delhi
04-07-2020,105,Delhi
05-07-2020,90,Delhi
06-07-2020,90,Delhi
07-07-2020,65,Delhi
08-07-2020,51,Delhi
09-07-2020,78,Delhi
10-07-2020,67,Delhi
11-07-2020,68,Delhi
12-07-2020,71,Delhi
13-07-2020,72,Delhi
14-07-2020,127,Delhi
15-07-2020,124,Delhi
16-07-2020,72,Delhi
17-07-2020,79,Delhi
18-07-2020,92,Delhi
19-07-2020,65,Delhi
20-07-2020,60,Delhi
21-07-2020,61,Delhi
22-07-2020,59,Delhi
23-07-2020,65,Delhi
24-07-2020,100,Delhi
25-07-2020,67,Delhi
26-07-2020,78,Delhi
27-07-2020,100,Delhi
28-07-2020,72,Delhi
29-07-2020,90,Delhi
30-07-2020,55,Delhi
31-07-2020,75,Delhi
01-08-2020,81,Delhi
02-08-2020,61,Delhi
03-08-2020,67,Delhi
04-08-2020,62,Delhi
05-08-2020,86,Delhi
06-08-2020,69,Delhi
07-08-2020,54,Delhi
08-08-2020,87,Delhi
09-08-2020,74,Delhi
10-08-2020,72,Delhi
11-08-2020,75,Delhi
12-08-2020,63,Delhi
13-08-2020,50,Delhi
14-08-2020,58,Delhi
15-08-2020,67,Delhi
16-08-2020,52,Delhi
17-08-2020,66,Delhi
18-08-2020,72,Delhi
19-08-2020,57,Delhi
20-08-2020,50,Delhi
21-08-2020,57,Delhi
22-08-2020,53,Delhi
23-08-2020,53,Delhi
24-08-2020,45,Delhi
25-08-2020,61,Delhi
26-08-2020,57,Delhi
27-08-2020,64,Delhi
28-08-2020,79,Delhi
29-08-2020,77,Delhi
30-08-2020,70,Delhi
31-08-2020,41,Delhi
01-09-2020,53,Delhi
02-09-2020,69,Delhi
03-09-2020,84,Delhi
04-09-2020,82,Delhi
05-09-2020,101,Delhi
06-09-2020,70,Delhi
07-09-2020,93,Delhi
08-09-2020,79,Delhi
09-09-2020,105,Delhi
10-09-2020,108,Delhi
11-09-2020,136,Delhi
12-09-2020,144,Delhi
13-09-2020,142,Delhi
14-09-2020,152,Delhi
15-09-2020,144,Delhi
16-09-2020,151,Delhi
17-09-2020,120,Delhi
18-09-2020,108,Delhi
19-09-2020,118,Delhi
20-09-2020,148,Delhi
21-09-2020,142,Delhi
22-09-2020,115,Delhi
23-09-2020,76,Delhi
24-09-2020,104,Delhi
25-09-2020,143,Delhi
26-09-2020,165,Delhi
27-09-2020,117,Delhi
28-09-2020,159,Delhi
29-09-2020,177,Delhi
30-09-2020,156,Delhi
01-10-2020,152,Delhi
02-10-2020,180,Delhi
03-10-2020,189,Delhi
04-10-2020,184,Delhi
05-10-2020,179,Delhi
06-10-2020,178,Delhi
07-10-2020,215,Delhi
08-10-2020,208,Delhi
09-10-2020,202,Delhi
10-10-2020,221,Delhi
11-10-2020,216,Delhi
12-10-2020,261,Delhi
13-10-2020,300,Delhi
14-10-2020,276,Delhi
15-10-2020,312,Delhi
16-10-2020,237,Delhi
17-10-2020,287,Delhi
18-10-2020,254,Delhi
19-10-2020,244,Delhi
20-10-2020,223,Delhi
21-10-2020,256,Delhi
22-10-2020,296,Delhi
23-10-2020,366,Delhi
24-10-2020,345,Delhi
25-10-2020,349,Delhi
26-10-2020,353,Delhi
27-10-2020,312,Delhi
28-10-2020,297,Delhi
29-10-2020,395,Delhi
30-10-2020,374,Delhi
31-10-2020,367,Delhi
01-11-2020,364,Delhi
02-11-2020,293,Delhi
03-11-2020,302,Delhi
04-11-2020,343,Delhi
05-11-2020,450,Delhi
06-11-2020,406,Delhi
07-11-2020,427,Delhi
08-11-2020,416,Delhi
09-11-2020,477,Delhi
10-11-2020,476,Delhi
11-11-2020,344,Delhi
12-11-2020,314,Delhi
13-11-2020,339,Delhi
14-11-2020,414,Delhi
15-11-2020,435,Delhi
16-11-2020,221,Delhi
17-11-2020,171,Delhi
18-11-2020,211,Delhi
19-11-2020,283,Delhi
20-11-2020,296,Delhi
21-11-2020,251,Delhi
22-11-2020,274,Delhi
23-11-2020,295,Delhi
24-11-2020,379,Delhi
25-11-2020,413,Delhi
26-11-2020,302,Delhi
27-11-2020,137,Delhi
28-11-2020,231,Delhi
29-11-2020,256,Delhi
30-11-2020,318,Delhi
01-12-2020,367,Delhi
02-12-2020,373,Delhi
03-12-2020,341,Delhi
04-12-2020,382,Delhi
05-12-2020,404,Delhi
06-12-2020,389,Delhi
07-12-2020,400,Delhi
08-12-2020,383,Delhi
09-12-2020,358,Delhi
10-12-2020,284,Delhi
11-12-2020,295,Delhi
12-12-2020,356,Delhi
13-12-2020,305,Delhi
14-12-2020,160,Delhi
15-12-2020,230,Delhi
16-12-2020,262,Delhi
17-12-2020,256,Delhi
18-12-2020,281,Delhi
19-12-2020,290,Delhi
20-12-2020,321,Delhi
21-12-2020,332,Delhi
22-12-2020,418,Delhi
23-12-2020,433,Delhi
24-12-2020,423,Delhi
25-12-2020,357,Delhi
26-12-2020,337,Delhi
27-12-2020,396,Delhi
28-12-2020,253,Delhi
29-12-2020,265,Delhi
30-12-2020,290,Delhi
31-12-2020,347,Delhi
01-01-2021,441,Delhi
02-01-2021,443,Delhi
03-01-2021,354,Delhi
04-01-2021,151,Delhi
05-01-2021,140,Delhi
06-01-2021,226,Delhi
07-01-2021,255,Delhi
08-01-2021,234,Delhi
09-01-2021,301,Delhi
10-01-2021,245,Delhi
11-01-2021,243,Delhi
12-01-2021,293,Delhi
13-01-2021,354,Delhi
14-01-2021,429,Delhi
15-01-2021,460,Delhi
16-01-2021,407,Delhi
17-01-2021,347,Delhi
18-01-2021,372,Delhi
19-01-2021,404,Delhi
20-01-2021,283,Delhi
21-01-2021,296,Delhi
22-01-2021,364,Delhi
23-01-2021,326,Delhi
24-01-2021,364,Delhi
25-01-2021,323,Delhi
26-01-2021,330,Delhi
27-01-2021,318,Delhi
28-01-2021,357,Delhi
29-01-2021,387,Delhi
30-01-2021,309,Delhi
31-01-2021,289,Delhi
01-02-2021,352,Delhi
02-02-2021,364,Delhi
03-02-2021,330,Delhi
04-02-2021,316,Delhi
05-02-2021,133,Delhi
06-02-2021,199,Delhi
07-02-2021,232,Delhi
08-02-2021,303,Delhi
09-02-2021,305,Delhi
10-02-2021,291,Delhi
11-02-2021,330,Delhi
12-02-2021,341,Delhi
13-02-2021,334,Delhi
14-02-2021,351,Delhi
15-02-2021,313,Delhi
16-02-2021,327,Delhi
17-02-2021,324,Delhi
18-02-2021,302,Delhi
19-02-2021,311,Delhi
20-02-2021,250,Delhi
21-02-2021,296,Delhi
22-02-2021,288,Delhi
23-02-2021,250,Delhi
24-02-2021,278,Delhi
25-02-2021,298,Delhi
26-02-2021,229,Delhi
27-02-2021,203,Delhi
28-02-2021,208,Delhi
01-03-2021,177,Delhi
02-03-2021,175,Delhi
03-03-2021,188,Delhi
04-03-2021,278,Delhi
05-03-2021,255,Delhi
06-03-2021,204,Delhi
07-03-2021,256,Delhi
08-03-2021,207,Delhi
09-03-2021,283,Delhi
10-03-2021,175,Delhi
11-03-2021,242,Delhi
12-03-2021,218,Delhi
13-03-2021,209,Delhi
14-03-2021,209,Delhi
15-03-2021,206,Delhi
16-03-2021,258,Delhi
17-03-2021,311,Delhi
18-03-2021,315,Delhi
19-03-2021,279,Delhi
20-03-2021,234,Delhi
21-03-2021,244,Delhi
22-03-2021,196,Delhi
23-03-2021,244,Delhi
24-03-2021,175,Delhi
25-03-2021,148,Delhi
26-03-2021,150,Delhi
27-03-2021,199,Delhi
28-03-2021,233,Delhi
29-03-2021,225,Delhi
30-03-2021,232,Delhi
31-03-2021,203,Delhi
01-04-2021,182,Delhi
02-04-2021,176,Delhi
03-04-2021,159,Delhi
04-04-2021,171,Delhi
05-04-2021,205,Delhi
06-04-2021,279,Delhi
07-04-2021,250,Delhi
08-04-2021,153,Delhi
09-04-2021,170,Delhi
10-04-2021,181,Delhi
11-04-2021,186,Delhi
12-04-2021,241,Delhi
13-04-2021,231,Delhi
14-04-2021,199,Delhi
15-04-2021,220,Delhi
16-04-2021,238,Delhi
17-04-2021,128,Delhi
18-04-2021,154,Delhi
19-04-2021,187,Delhi
20-04-2021,191,Delhi
21-04-2021,134,Delhi
22-04-2021,140,Delhi
23-04-2021,126,Delhi
24-04-2021,125,Delhi
25-04-2021,192,Delhi
26-04-2021,256,Delhi
27-04-2021,284,Delhi
28-04-2021,312,Delhi
29-04-2021,296,Delhi
30-04-2021,287,Delhi
01-05-2021,238,Delhi
02-05-2021,174,Delhi
03-05-2021,245,Delhi
04-05-2021,173,Delhi
05-05-2021,175,Delhi
06-05-2021,156,Delhi
07-05-2021,142,Delhi
08-05-2021,173,Delhi
09-05-2021,166,Delhi
10-05-2021,136,Delhi
11-05-2021,151,Delhi
12-05-2021,115,Delhi
13-05-2021,121,Delhi
14-05-2021,132,Delhi
15-05-2021,140,Delhi
16-05-2021,166,Delhi
17-05-2021,191,Delhi
18-05-2021,93,Delhi
19-05-2021,78,Delhi
20-05-2021,58,Delhi
21-05-2021,85,Delhi
22-05-2021,94,Delhi
23-05-2021,237,Delhi
24-05-2021,169,Delhi
25-05-2021,140,Delhi
26-05-2021,149,Delhi
27-05-2021,150,Delhi
28-05-2021,106,Delhi
29-05-2021,87,Delhi
30-05-2021,101,Delhi
31-05-2021,135,Delhi
01-06-2021,115,Delhi
02-06-2021,143,Delhi
03-06-2021,159,Delhi
04-06-2021,196,Delhi
05-06-2021,124,Delhi
06-06-2021,134,Delhi
07-06-2021,180,Delhi
08-06-2021,205,Delhi
09-06-2021,305,Delhi
10-06-2021,221,Delhi
11-06-2021,145,Delhi
12-06-2021,133,Delhi
13-06-2021,83,Delhi
14-06-2021,124,Delhi
15-06-2021,113,Delhi
16-06-2021,115,Delhi
17-06-2021,108,Delhi
18-06-2021,81,Delhi
19-06-2021,70,Delhi
20-06-2021,62,Delhi
21-06-2021,84,Delhi
22-06-2021,127,Delhi
23-06-2021,218,Delhi
24-06-2021,146,Delhi
25-06-2021,163,Delhi
26-06-2021,135,Delhi
27-06-2021,168,Delhi
28-06-2021,161,Delhi
29-06-2021,195,Delhi
30-06-2021,206,Delhi
01-07-2021,266,Delhi
02-07-2021,245,Delhi
03-07-2021,139,Delhi
04-07-2021,140,Delhi
05-07-2021,149,Delhi
06-07-2021,144,Delhi
07-07-2021,178,Delhi
08-07-2021,164,Delhi
09-07-2021,144,Delhi
10-07-2021,97,Delhi
11-07-2021,94,Delhi
12-07-2021,90,Delhi
13-07-2021,80,Delhi
14-07-2021,83,Delhi
15-07-2021,83,Delhi
16-07-2021,90,Delhi
17-07-2021,117,Delhi
18-07-2021,94,Delhi
19-07-2021,62,Delhi
20-07-2021,81,Delhi
21-07-2021,74,Delhi
22-07-2021,83,Delhi
23-07-2021,68,Delhi
24-07-2021,99,Delhi
25-07-2021,107,Delhi
26-07-2021,86,Delhi
27-07-2021,98,Delhi
28-07-2021,61,Delhi
29-07-2021,63,Delhi
30-07-2021,76,Delhi
31-07-2021,57,Delhi
01-08-2021,81,Delhi
02-08-2021,95,Delhi
03-08-2021,71,Delhi
04-08-2021,69,Delhi
05-08-2021,99,Delhi
06-08-2021,104,Delhi
07-08-2021,101,Delhi
08-08-2021,109,Delhi
09-08-2021,101,Delhi
10-08-2021,101,Delhi
11-08-2021,122,Delhi
12-08-2021,114,Delhi
13-08-2021,118,Delhi
14-08-2021,116,Delhi
15-08-2021,114,Delhi
16-08-2021,121,Delhi
17-08-2021,150,Delhi
18-08-2021,152,Delhi
19-08-2021,167,Delhi
20-08-2021,111,Delhi
21-08-2021,69,Delhi
22-08-2021,59,Delhi
23-08-2021,82,Delhi
24-08-2021,100,Delhi
25-08-2021,115,Delhi
26-08-2021,114,Delhi
27-08-2021,134,Delhi
28-08-2021,147,Delhi
29-08-2021,119,Delhi
30-08-2021,81,Delhi
31-08-2021,73,Delhi
01-09-2021,64,Delhi
02-09-2021,64,Delhi
03-09-2021,70,Delhi
04-09-2021,68,Delhi
05-09-2021,88,Delhi
06-09-2021,122,Delhi
07-09-2021,98,Delhi
08-09-2021,70,Delhi
09-09-2021,75,Delhi
10-09-2021,79,Delhi
11-09-2021,61,Delhi
12-09-2021,60,Delhi
13-09-2021,89,Delhi
14-09-2021,69,Delhi
15-09-2021,70,Delhi
16-09-2021,79,Delhi
17-09-2021,62,Delhi
18-09-2021,69,Delhi
19-09-2021,82,Delhi
20-09-2021,82,Delhi
21-09-2021,83,Delhi
22-09-2021,69,Delhi
23-09-2021,68,Delhi
24-09-2021,64,Delhi
25-09-2021,80,Delhi
26-09-2021,75,Delhi
27-09-2021,108,Delhi
28-09-2021,120,Delhi
29-09-2021,81,Delhi
30-09-2021,84,Delhi
01-10-2021,108,Delhi
02-10-2021,125,Delhi
03-10-2021,105,Delhi
04-10-2021,91,Delhi
05-10-2021,115,Delhi
06-10-2021,114,Delhi
07-10-2021,127,Delhi
08-10-2021,167,Delhi
09-10-2021,171,Delhi
10-10-2021,168,Delhi
11-10-2021,166,Delhi
12-10-2021,179,Delhi
13-10-2021,171,Delhi
14-10-2021,182,Delhi
15-10-2021,198,Delhi
16-10-2021,284,Delhi
17-10-2021,298,Delhi
18-10-2021,46,Delhi
19-10-2021,69,Delhi
20-10-2021,221,Delhi
21-10-2021,199,Delhi
22-10-2021,170,Delhi
23-10-2021,173,Delhi
24-10-2021,160,Delhi
25-10-2021,82,Delhi
26-10-2021,139,Delhi
27-10-2021,232,Delhi
28-10-2021,268,Delhi
29-10-2021,283,Delhi
30-10-2021,268,Delhi
31-10-2021,289,Delhi
01-11-2021,281,Delhi
02-11-2021,303,Delhi
03-11-2021,314,Delhi
04-11-2021,382,Delhi
05-11-2021,462,Delhi
06-11-2021,437,Delhi
07-11-2021,428,Delhi
08-11-2021,390,Delhi
09-11-2021,404,Delhi
10-11-2021,372,Delhi
11-11-2021,411,Delhi
12-11-2021,471,Delhi
13-11-2021,437,Delhi
14-11-2021,330,Delhi
15-11-2021,353,Delhi
16-11-2021,403,Delhi
17-11-2021,375,Delhi
18-11-2021,347,Delhi
19-11-2021,380,Delhi
20-11-2021,374,Delhi
21-11-2021,349,Delhi
22-11-2021,311,Delhi
23-11-2021,290,Delhi
24-11-2021,361,Delhi
25-11-2021,400,Delhi
26-11-2021,406,Delhi
27-11-2021,402,Delhi
28-11-2021,405,Delhi
29-11-2021,389,Delhi
30-11-2021,328,Delhi
01-12-2021,370,Delhi
02-12-2021,429,Delhi
03-12-2021,346,Delhi
04-12-2021,362,Delhi
05-12-2021,305,Delhi
06-12-2021,322,Delhi
07-12-2021,255,Delhi
08-12-2021,237,Delhi
09-12-2021,289,Delhi
10-12-2021,314,Delhi
11-12-2021,281,Delhi
12-12-2021,254,Delhi
13-12-2021,331,Delhi
14-12-2021,367,Delhi
15-12-2021,363,Delhi
16-12-2021,368,Delhi
17-12-2021,329,Delhi
18-12-2021,291,Delhi
19-12-2021,271,Delhi
20-12-2021,332,Delhi
21-12-2021,402,Delhi
22-12-2021,407,Delhi
23-12-2021,423,Delhi
24-12-2021,415,Delhi
25-12-2021,431,Delhi
26-12-2021,459,Delhi
27-12-2021,283,Delhi
28-12-2021,305,Delhi
29-12-2021,267,Delhi
30-12-2021,286,Delhi
31-12-2021,321,Delhi
01-01-2022,362,Delhi
02-01-2022,404,Delhi
03-01-2022,387,Delhi
04-01-2022,378,Delhi
05-01-2022,397,Delhi
06-01-2022,258,Delhi
07-01-2022,182,Delhi
08-01-2022,91,Delhi
09-01-2022,69,Delhi
10-01-2022,151,Delhi
11-01-2022,224,Delhi
12-01-2022,191,Delhi
13-01-2022,321,Delhi
14-01-2022,348,Delhi
15-01-2022,258,Delhi
16-01-2022,264,Delhi
17-01-2022,327,Delhi
18-01-2022,352,Delhi
19-01-2022,322,Delhi
20-01-2022,387,Delhi
21-01-2022,365,Delhi
22-01-2022,316,Delhi
23-01-2022,202,Delhi
24-01-2022,241,Delhi
25-01-2022,234,Delhi
26-01-2022,260,Delhi
27-01-2022,262,Delhi
28-01-2022,215,Delhi
29-01-2022,251,Delhi
30-01-2022,278,Delhi
31-01-2022,338,Delhi
01-02-2022,347,Delhi
02-02-2022,319,Delhi
03-02-2022,321,Delhi
04-02-2022,152,Delhi
05-02-2022,224,Delhi
06-02-2022,285,Delhi
07-02-2022,250,Delhi
08-02-2022,270,Delhi
09-02-2022,227,Delhi
10-02-2022,172,Delhi
11-02-2022,184,Delhi
12-02-2022,191,Delhi
13-02-2022,253,Delhi
14-02-2022,239,Delhi
15-02-2022,221,Delhi
16-02-2022,272,Delhi
17-02-2022,241,Delhi
18-02-2022,252,Delhi
19-02-2022,180,Delhi
20-02-2022,173,Delhi
21-02-2022,165,Delhi
22-02-2022,252,Delhi
23-02-2022,211,Delhi
24-02-2022,307,Delhi
25-02-2022,286,Delhi
26-02-2022,102,Delhi
27-02-2022,92,Delhi
28-02-2022,107,Delhi
01-03-2022,170,Delhi
02-03-2022,225,Delhi
03-03-2022,178,Delhi
04-03-2022,199,Delhi
05-03-2022,115,Delhi
06-03-2022,162,Delhi
07-03-2022,237,Delhi
08-03-2022,283,Delhi
09-03-2022,162,Delhi
10-03-2022,150,Delhi
11-03-2022,164,Delhi
12-03-2022,160,Delhi
13-03-2022,193,Delhi
14-03-2022,231,Delhi
15-03-2022,253,Delhi
16-03-2022,218,Delhi
17-03-2022,218,Delhi
18-03-2022,293,Delhi
19-03-2022,231,Delhi
20-03-2022,242,Delhi
21-03-2022,271,Delhi
22-03-2022,180,Delhi
23-03-2022,206,Delhi
24-03-2022,280,Delhi
25-03-2022,211,Delhi
26-03-2022,207,Delhi
27-03-2022,195,Delhi
28-03-2022,251,Delhi
29-03-2022,274,Delhi
30-03-2022,276,Delhi
31-03-2022,298,Delhi
01-04-2022,218,Delhi
02-04-2022,226,Delhi
03-04-2022,245,Delhi
04-04-2022,262,Delhi
05-04-2022,233,Delhi
06-04-2022,248,Delhi
07-04-2022,264,Delhi
08-04-2022,242,Delhi
09-04-2022,261,Delhi
10-04-2022,244,Delhi
11-04-2022,258,Delhi
12-04-2022,229,Delhi
13-04-2022,286,Delhi
14-04-2022,280,Delhi
15-04-2022,201,Delhi
16-04-2022,253,Delhi
17-04-2022,251,Delhi
18-04-2022,257,Delhi
19-04-2022,317,Delhi
20-04-2022,277,Delhi
21-04-2022,296,Delhi
22-04-2022,204,Delhi
23-04-2022,245,Delhi
24-04-2022,261,Delhi
25-04-2022,244,Delhi
26-04-2022,209,Delhi
27-04-2022,287,Delhi
28-04-2022,295,Delhi
29-04-2022,299,Delhi
30-04-2022,270,Delhi
01-05-2022,256,Delhi
02-05-2022,218,Delhi
03-05-2022,227,Delhi
04-05-2022,269,Delhi
05-05-2022,146,Delhi
06-05-2022,273,Delhi
07-05-2022,206,Delhi
08-05-2022,205,Delhi
09-05-2022,171,Delhi
10-05-2022,160,Delhi
11-05-2022,156,Delhi
12-05-2022,164,Delhi
13-05-2022,176,Delhi
14-05-2022,270,Delhi
15-05-2022,242,Delhi
16-05-2022,297,Delhi
17-05-2022,239,Delhi
18-05-2022,251,Delhi
19-05-2022,202,Delhi
20-05-2022,266,Delhi
21-05-2022,285,Delhi
22-05-2022,203,Delhi
23-05-2022,136,Delhi
24-05-2022,89,Delhi
25-05-2022,166,Delhi
26-05-2022,199,Delhi
27-05-2022,206,Delhi
28-05-2022,210,Delhi
29-05-2022,273,Delhi
30-05-2022,201,Delhi
31-05-2022,215,Delhi
01-06-2022,322,Delhi
02-06-2022,202,Delhi
03-06-2022,240,Delhi
04-06-2022,227,Delhi
05-06-2022,215,Delhi
06-06-2022,195,Delhi
07-06-2022,280,Delhi
08-06-2022,346,Delhi
09-06-2022,223,Delhi
10-06-2022,303,Delhi
11-06-2022,256,Delhi
12-06-2022,249,Delhi
13-06-2022,200,Delhi
14-06-2022,222,Delhi
15-06-2022,153,Delhi
16-06-2022,132,Delhi
17-06-2022,88,Delhi
18-06-2022,79,Delhi
19-06-2022,99,Delhi
20-06-2022,124,Delhi
21-06-2022,128,Delhi
22-06-2022,139,Delhi
23-06-2022,140,Delhi
24-06-2022,197,Delhi
25-06-2022,230,Delhi
26-06-2022,169,Delhi
27-06-2022,127,Delhi
28-06-2022,137,Delhi
29-06-2022,163,Delhi
30-06-2022,116,Delhi
01-07-2022,76,Delhi
02-07-2022,95,Delhi
03-07-2022,76,Delhi
04-07-2022,113,Delhi
05-07-2022,161,Delhi
06-07-2022,104,Delhi
07-07-2022,100,Delhi
08-07-2022,94,Delhi
09-07-2022,110,Delhi
10-07-2022,71,Delhi
11-07-2022,95,Delhi
12-07-2022,100,Delhi
13-07-2022,79,Delhi
14-07-2022,87,Delhi
15-07-2022,79,Delhi
16-07-2022,81,Delhi
17-07-2022,61,Delhi
18-07-2022,92,Delhi
19-07-2022,105,Delhi
20-07-2022,98,Delhi
21-07-2022,70,Delhi
22-07-2022,140,Delhi
23-07-2022,72,Delhi
24-07-2022,72,Delhi
25-07-2022,67,Delhi
26-07-2022,69,Delhi
27-07-2022,74,Delhi
28-07-2022,68,Delhi
29-07-2022,71,Delhi
30-07-2022,58,Delhi
31-07-2022,71,Delhi
01-08-2022,71,Delhi
02-08-2022,84,Delhi
03-08-2022,122,Delhi
04-08-2022,112,Delhi
05-08-2022,72,Delhi
06-08-2022,98,Delhi
07-08-2022,118,Delhi
08-08-2022,84,Delhi
09-08-2022,112,Delhi
10-08-2022,102,Delhi
11-08-2022,75,Delhi
12-08-2022,88,Delhi
13-08-2022,80,Delhi
14-08-2022,84,Delhi
15-08-2022,62,Delhi
16-08-2022,63,Delhi
17-08-2022,60,Delhi
18-08-2022,72,Delhi
19-08-2022,71,Delhi
20-08-2022,80,Delhi
21-08-2022,117,Delhi
22-08-2022,104,Delhi
23-08-2022,83,Delhi
24-08-2022,63,Delhi
25-08-2022,96,Delhi
26-08-2022,113,Delhi
27-08-2022,105,Delhi
28-08-2022,119,Delhi
29-08-2022,144,Delhi
30-08-2022,116,Delhi
31-08-2022,124,Delhi
01-09-2022,121,Delhi
02-09-2022,110,Delhi
03-09-2022,119,Delhi
04-09-2022,115,Delhi
05-09-2022,102,Delhi
06-09-2022,119,Delhi
07-09-2022,133,Delhi
08-09-2022,136,Delhi
09-09-2022,141,Delhi
10-09-2022,110,Delhi
11-09-2022,85,Delhi
12-09-2022,84,Delhi
13-09-2022,72,Delhi
14-09-2022,71,Delhi
15-09-2022,57,Delhi
16-09-2022,47,Delhi
17-09-2022,70,Delhi
18-09-2022,119,Delhi
19-09-2022,182,Delhi
20-09-2022,130,Delhi
21-09-2022,109,Delhi
22-09-2022,66,Delhi
23-09-2022,57,Delhi
24-09-2022,54,Delhi
25-09-2022,52,Delhi
26-09-2022,100,Delhi
27-09-2022,108,Delhi
28-09-2022,140,Delhi
29-09-2022,151,Delhi
30-09-2022,173,Delhi
01-10-2022,186,Delhi
02-10-2022,181,Delhi
03-10-2022,128,Delhi
04-10-2022,150,Delhi
05-10-2022,211,Delhi
06-10-2022,79,Delhi
07-10-2022,55,Delhi
08-10-2022,56,Delhi
09-10-2022,48,Delhi
10-10-2022,44,Delhi
11-10-2022,66,Delhi
12-10-2022,143,Delhi
13-10-2022,130,Delhi
14-10-2022,154,Delhi
15-10-2022,186,Delhi
16-10-2022,232,Delhi
17-10-2022,237,Delhi
18-10-2022,241,Delhi
19-10-2022,234,Delhi
20-10-2022,232,Delhi
21-10-2022,262,Delhi
22-10-2022,265,Delhi
23-10-2022,259,Delhi
24-10-2022,312,Delhi
25-10-2022,302,Delhi
26-10-2022,271,Delhi
27-10-2022,354,Delhi
28-10-2022,357,Delhi
29-10-2022,397,Delhi
30-10-2022,352,Delhi
31-10-2022,392,Delhi
01-11-2022,424,Delhi
02-11-2022,376,Delhi
03-11-2022,450,Delhi
04-11-2022,447,Delhi
05-11-2022,381,Delhi
06-11-2022,339,Delhi
07-11-2022,354,Delhi
08-11-2022,372,Delhi
09-11-2022,260,Delhi
10-11-2022,295,Delhi
11-11-2022,346,Delhi
12-11-2022,303,Delhi
13-11-2022,303,Delhi
14-11-2022,294,Delhi
15-11-2022,227,Delhi
16-11-2022,264,Delhi
17-11-2022,260,Delhi
18-11-2022,289,Delhi
19-11-2022,280,Delhi
20-11-2022,314,Delhi
21-11-2022,310,Delhi
22-11-2022,255,Delhi
23-11-2022,237,Delhi
24-11-2022,213,Delhi
25-11-2022,294,Delhi
26-11-2022,336,Delhi
27-11-2022,328,Delhi
28-11-2022,333,Delhi
29-11-2022,369,Delhi
30-11-2022,365,Delhi
01-12-2022,368,Delhi
02-12-2022,352,Delhi
03-12-2022,370,Delhi
04-12-2022,407,Delhi
05-12-2022,347,Delhi
06-12-2022,353,Delhi
07-12-2022,304,Delhi
08-12-2022,281,Delhi
09-12-2022,314,Delhi
10-12-2022,360,Delhi
11-12-2022,306,Delhi
12-12-2022,218,Delhi
13-12-2022,177,Delhi
14-12-2022,163,Delhi
15-12-2022,189,Delhi
16-12-2022,223,Delhi
17-12-2022,304,Delhi
18-12-2022,353,Delhi
19-12-2022,410,Delhi
20-12-2022,366,Delhi
21-12-2022,328,Delhi
22-12-2022,342,Delhi
23-12-2022,359,Delhi
24-12-2022,349,Delhi
25-12-2022,308,Delhi
26-12-2022,331,Delhi
27-12-2022,339,Delhi
28-12-2022,321,Delhi
29-12-2022,306,Delhi
30-12-2022,399,Delhi
31-12-2022,349,Delhi
01-01-2023,259,Delhi
02-01-2023,357,Delhi
03-01-2023,385,Delhi
04-01-2023,343,Delhi
05-01-2023,340,Delhi
06-01-2023,400,Delhi
07-01-2023,377,Delhi
08-01-2023,375,Delhi
09-01-2023,434,Delhi
10-01-2023,407,Delhi
11-01-2023,308,Delhi
12-01-2023,371,Delhi
13-01-2023,378,Delhi
14-01-2023,353,Delhi
15-01-2023,213,Delhi
16-01-2023,270,Delhi
17-01-2023,288,Delhi
18-01-2023,306,Delhi
19-01-2023,338,Delhi
20-01-2023,226,Delhi
21-01-2023,294,Delhi
22-01-2023,407,Delhi
23-01-2023,335,Delhi
24-01-2023,237,Delhi
25-01-2023,160,Delhi
26-01-2023,298,Delhi
27-01-2023,229,Delhi
28-01-2023,236,Delhi
29-01-2023,331,Delhi
30-01-2023,207,Delhi
31-01-2023,192,Delhi
01-02-2023,164,Delhi
02-02-2023,194,Delhi
03-02-2023,199,Delhi
04-02-2023,242,Delhi
05-02-2023,244,Delhi
06-02-2023,265,Delhi
07-02-2023,285,Delhi
08-02-2023,144,Delhi
09-02-2023,212,Delhi
10-02-2023,187,Delhi
11-02-2023,275,Delhi
12-02-2023,175,Delhi
13-02-2023,135,Delhi
14-02-2023,132,Delhi
15-02-2023,190,Delhi
16-02-2023,270,Delhi
17-02-2023,367,Delhi
18-02-2023,371,Delhi
19-02-2023,331,Delhi
20-02-2023,324,Delhi
21-02-2023,245,Delhi
22-02-2023,302,Delhi
23-02-2023,227,Delhi
24-02-2023,171,Delhi
25-02-2023,225,Delhi
26-02-2023,291,Delhi
27-02-2023,260,Delhi
28-02-2023,219,Delhi
01-03-2023,181,Delhi
02-03-2023,226,Delhi
03-03-2023,152,Delhi
04-03-2023,129,Delhi
05-03-2023,142,Delhi
06-03-2023,142,Delhi
07-03-2023,173,Delhi
08-03-2023,215,Delhi
09-03-2023,119,Delhi
10-03-2023,187,Delhi
11-03-2023,200,Delhi
12-03-2023,216,Delhi
13-03-2023,231,Delhi
14-03-2023,219,Delhi
15-03-2023,213,Delhi
16-03-2023,259,Delhi
17-03-2023,188,Delhi
18-03-2023,184,Delhi
19-03-2023,162,Delhi
20-03-2023,154,Delhi
21-03-2023,75,Delhi
22-03-2023,164,Delhi
23-03-2023,151,Delhi
24-03-2023,205,Delhi
25-03-2023,78,Delhi
26-03-2023,164,Delhi
27-03-2023,146,Delhi
28-03-2023,147,Delhi
29-03-2023,198,Delhi
30-03-2023,170,Delhi
31-03-2023,73,Delhi
01-04-2023,106,Delhi
02-04-2023,128,Delhi
03-04-2023,179,Delhi
04-04-2023,109,Delhi
05-04-2023,135,Delhi
06-04-2023,142,Delhi
07-04-2023,142,Delhi
08-04-2023,172,Delhi
09-04-2023,217,Delhi
10-04-2023,195,Delhi
11-04-2023,260,Delhi
12-04-2023,213,Delhi
13-04-2023,211,Delhi
14-04-2023,249,Delhi
15-04-2023,235,Delhi
16-04-2023,229,Delhi
17-04-2023,206,Delhi
18-04-2023,235,Delhi
19-04-2023,236,Delhi
20-04-2023,159,Delhi
21-04-2023,129,Delhi
22-04-2023,141,Delhi
23-04-2023,118,Delhi
24-04-2023,160,Delhi
25-04-2023,156,Delhi
26-04-2023,210,Delhi
27-04-2023,219,Delhi
28-04-2023,150,Delhi
29-04-2023,216,Delhi
30-04-2023,132,Delhi
01-05-2023,91,Delhi
02-05-2023,76,Delhi
03-05-2023,107,Delhi
04-05-2023,113,Delhi
05-05-2023,183,Delhi
06-05-2023,234,Delhi
07-05-2023,173,Delhi
08-05-2023,131,Delhi
09-05-2023,197,Delhi
10-05-2023,203,Delhi
11-05-2023,274,Delhi
12-05-2023,227,Delhi
13-05-2023,235,Delhi
14-05-2023,259,Delhi
15-05-2023,162,Delhi
16-05-2023,259,Delhi
17-05-2023,336,Delhi
18-05-2023,149,Delhi
19-05-2023,152,Delhi
20-05-2023,186,Delhi
21-05-2023,215,Delhi
22-05-2023,199,Delhi
23-05-2023,198,Delhi
24-05-2023,158,Delhi
25-05-2023,106,Delhi
26-05-2023,98,Delhi
27-05-2023,110,Delhi
28-05-2023,134,Delhi
29-05-2023,136,Delhi
30-05-2023,115,Delhi
31-05-2023,85,Delhi
01-06-2023,96,Delhi
02-06-2023,120,Delhi
03-06-2023,121,Delhi
04-06-2023,171,Delhi
05-06-2023,166,Delhi
06-06-2023,139,Delhi
07-06-2023,239,Delhi
08-06-2023,161,Delhi
09-06-2023,152,Delhi
10-06-2023,134,Delhi
11-06-2023,130,Delhi
12-06-2023,169,Delhi
13-06-2023,205,Delhi
14-06-2023,213,Delhi
15-06-2023,154,Delhi
16-06-2023,119,Delhi
17-06-2023,119,Delhi
18-06-2023,90,Delhi
19-06-2023,75,Delhi
20-06-2023,104,Delhi
21-06-2023,91,Delhi
22-06-2023,110,Delhi
23-06-2023,132,Delhi
24-06-2023,169,Delhi
25-06-2023,71,Delhi
26-06-2023,93,Delhi
27-06-2023,86,Delhi
28-06-2023,93,Delhi
29-06-2023,101,Delhi
30-06-2023,70,Delhi
01-07-2023,69,Delhi
02-07-2023,71,Delhi
03-07-2023,118,Delhi
04-07-2023,144,Delhi
05-07-2023,96,Delhi
06-07-2023,72,Delhi
07-07-2023,77,Delhi
08-07-2023,71,Delhi
09-07-2023,64,Delhi
10-07-2023,65,Delhi
11-07-2023,69,Delhi
12-07-2023,77,Delhi
13-07-2023,77,Delhi
14-07-2023,73,Delhi
15-07-2023,100,Delhi
16-07-2023,69,Delhi
17-07-2023,85,Delhi
18-07-2023,113,Delhi
19-07-2023,77,Delhi
20-07-2023,93,Delhi
21-07-2023,109,Delhi
22-07-2023,96,Delhi
23-07-2023,73,Delhi
24-07-2023,77,Delhi
25-07-2023,102,Delhi
26-07-2023,73,Delhi
27-07-2023,92,Delhi
28-07-2023,81,Delhi
29-07-2023,59,Delhi
30-07-2023,65,Delhi
31-07-2023,89,Delhi
01-08-2023,92,Delhi
02-08-2023,91,Delhi
03-08-2023,75,Delhi
04-08-2023,105,Delhi
05-08-2023,85,Delhi
06-08-2023,101,Delhi
07-08-2023,102,Delhi
08-08-2023,110,Delhi
09-08-2023,118,Delhi
10-08-2023,133,Delhi
11-08-2023,123,Delhi
12-08-2023,126,Delhi
13-08-2023,105,Delhi
14-08-2023,114,Delhi
15-08-2023,108,Delhi
16-08-2023,109,Delhi
17-08-2023,131,Delhi
18-08-2023,153,Delhi
19-08-2023,125,Delhi
20-08-2023,91,Delhi
21-08-2023,91,Delhi
22-08-2023,106,Delhi
23-08-2023,71,Delhi
24-08-2023,85,Delhi
25-08-2023,117,Delhi
26-08-2023,152,Delhi
27-08-2023,186,Delhi
28-08-2023,144,Delhi
29-08-2023,162,Delhi
30-08-2023,154,Delhi
31-08-2023,146,Delhi
01-09-2023,140,Delhi
02-09-2023,136,Delhi
03-09-2023,136,Delhi
04-09-2023,136,Delhi
05-09-2023,121,Delhi
06-09-2023,106,Delhi
07-09-2023,105,Delhi
08-09-2023,84,Delhi
09-09-2023,55,Delhi
10-09-2023,46,Delhi
11-09-2023,54,Delhi
12-09-2023,90,Delhi
13-09-2023,106,Delhi
14-09-2023,121,Delhi
15-09-2023,100,Delhi
16-09-2023,85,Delhi
17-09-2023,63,Delhi
18-09-2023,63,Delhi
19-09-2023,73,Delhi
20-09-2023,97,Delhi
21-09-2023,113,Delhi
22-09-2023,102,Delhi
23-09-2023,108,Delhi
24-09-2023,131,Delhi
25-09-2023,118,Delhi
26-09-2023,152,Delhi
27-09-2023,129,Delhi
28-09-2023,139,Delhi
29-09-2023,157,Delhi
30-09-2023,166,Delhi
01-10-2023,146,Delhi
02-10-2023,144,Delhi
03-10-2023,154,Delhi
04-10-2023,176,Delhi
05-10-2023,177,Delhi
06-10-2023,211,Delhi
07-10-2023,215,Delhi
08-10-2023,164,Delhi
09-10-2023,174,Delhi
10-10-2023,179,Delhi
11-10-2023,191,Delhi
12-10-2023,218,Delhi
13-10-2023,255,Delhi
14-10-2023,256,Delhi
15-10-2023,232,Delhi
16-10-2023,206,Delhi
17-10-2023,87,Delhi
18-10-2023,125,Delhi
19-10-2023,118,Delhi
20-10-2023,195,Delhi
21-10-2023,246,Delhi
22-10-2023,311,Delhi
23-10-2023,263,Delhi
24-10-2023,220,Delhi
25-10-2023,243,Delhi
26-10-2023,256,Delhi
27-10-2023,259,Delhi
28-10-2023,303,Delhi
29-10-2023,324,Delhi
30-10-2023,346,Delhi
31-10-2023,357,Delhi
01-11-2023,364,Delhi
02-11-2023,392,Delhi
03-11-2023,468,Delhi
04-11-2023,415,Delhi
05-11-2023,453,Delhi
06-11-2023,421,Delhi
07-11-2023,395,Delhi
08-11-2023,426,Delhi
09-11-2023,437,Delhi
10-11-2023,278,Delhi
11-11-2023,220,Delhi
12-11-2023,218,Delhi
13-11-2023,358,Delhi
14-11-2023,396,Delhi
15-11-2023,398,Delhi
16-11-2023,418,Delhi
17-11-2023,404,Delhi
18-11-2023,318,Delhi
19-11-2023,301,Delhi
20-11-2023,348,Delhi
21-11-2023,372,Delhi
22-11-2023,395,Delhi
23-11-2023,390,Delhi
24-11-2023,415,Delhi
25-11-2023,388,Delhi
26-11-2023,397,Delhi
27-11-2023,395,Delhi
28-11-2023,311,Delhi
29-11-2023,289,Delhi
30-11-2023,398,Delhi
01-12-2023,372,Delhi
02-12-2023,352,Delhi
03-12-2023,313,Delhi
04-12-2023,310,Delhi
05-12-2023,297,Delhi
06-12-2023,285,Delhi
07-12-2023,320,Delhi
08-12-2023,325,Delhi
09-12-2023,322,Delhi
10-12-2023,314,Delhi
11-12-2023,317,Delhi
12-12-2023,355,Delhi
13-12-2023,378,Delhi
14-12-2023,326,Delhi
15-12-2023,323,Delhi
16-12-2023,355,Delhi
17-12-2023,331,Delhi
18-12-2023,330,Delhi
19-12-2023,286,Delhi
20-12-2023,285,Delhi
21-12-2023,361,Delhi
22-12-2023,409,Delhi
23-12-2023,449,Delhi
24-12-2023,411,Delhi
25-12-2023,383,Delhi
26-12-2023,377,Delhi
27-12-2023,380,Delhi
28-12-2023,358,Delhi
29-12-2023,381,Delhi
30-12-2023,400,Delhi
31-12-2023,382,Delhi
01-01-2024,346,Delhi
02-01-2024,340,Delhi
03-01-2024,341,Delhi
04-01-2024,377,Delhi
05-01-2024,333,Delhi
06-01-2024,319,Delhi
07-01-2024,333,Delhi
08-01-2024,345,Delhi
09-01-2024,343,Delhi
10-01-2024,273,Delhi
11-01-2024,348,Delhi
12-01-2024,340,Delhi
13-01-2024,398,Delhi
14-01-2024,447,Delhi
15-01-2024,359,Delhi
16-01-2024,371,Delhi
17-01-2024,368,Delhi
18-01-2024,318,Delhi
19-01-2024,348,Delhi
20-01-2024,329,Delhi
21-01-2024,349,Delhi
22-01-2024,333,Delhi
23-01-2024,368,Delhi
24-01-2024,409,Delhi
25-01-2024,332,Delhi
26-01-2024,408,Delhi
27-01-2024,356,Delhi
28-01-2024,365,Delhi
29-01-2024,356,Delhi
30-01-2024,357,Delhi
31-01-2024,391,Delhi
01-02-2024,176,Delhi
02-02-2024,215,Delhi
03-02-2024,199,Delhi
04-02-2024,274,Delhi
05-02-2024,177,Delhi
06-02-2024,140,Delhi
07-02-2024,174,Delhi
08-02-2024,161,Delhi
09-02-2024,146,Delhi
10-02-2024,295,Delhi
11-02-2024,313,Delhi
12-02-2024,300,Delhi
13-02-2024,341,Delhi
14-02-2024,340,Delhi
15-02-2024,278,Delhi
16-02-2024,268,Delhi
17-02-2024,245,Delhi
18-02-2024,270,Delhi
19-02-2024,231,Delhi
20-02-2024,226,Delhi
21-02-2024,243,Delhi
22-02-2024,150,Delhi
23-02-2024,143,Delhi
24-02-2024,193,Delhi
25-02-2024,193,Delhi
26-02-2024,172,Delhi
27-02-2024,159,Delhi
28-02-2024,141,Delhi
29-02-2024,147,Delhi
01-03-2024,208,Delhi
02-03-2024,117,Delhi
03-03-2024,126,Delhi
04-03-2024,141,Delhi
05-03-2024,125,Delhi
06-03-2024,138,Delhi
07-03-2024,181,Delhi
08-03-2024,157,Delhi
09-03-2024,145,Delhi
10-03-2024,182,Delhi
11-03-2024,201,Delhi
12-03-2024,190,Delhi
13-03-2024,165,Delhi
14-03-2024,195,Delhi
15-03-2024,128,Delhi
16-03-2024,168,Delhi
17-03-2024,193,Delhi
18-03-2024,199,Delhi
19-03-2024,222,Delhi
20-03-2024,230,Delhi
21-03-2024,171,Delhi
22-03-2024,166,Delhi
23-03-2024,232,Delhi
24-03-2024,195,Delhi
25-03-2024,197,Delhi
26-03-2024,134,Delhi
27-03-2024,178,Delhi
28-03-2024,160,Delhi
29-03-2024,176,Delhi
30-03-2024,190,Delhi
31-03-2024,243,Delhi
01-04-2024,133,Delhi
02-04-2024,144,Delhi
03-04-2024,167,Delhi
04-04-2024,173,Delhi
05-04-2024,174,Delhi
06-04-2024,168,Delhi
07-04-2024,179,Delhi
08-04-2024,191,Delhi
09-04-2024,203,Delhi
10-04-2024,222,Delhi
11-04-2024,240,Delhi
12-04-2024,232,Delhi
13-04-2024,198,Delhi
14-04-2024,141,Delhi
15-04-2024,205,Delhi
16-04-2024,228,Delhi
17-04-2024,147,Delhi
18-04-2024,164,Delhi
19-04-2024,186,Delhi
20-04-2024,219,Delhi
21-04-2024,139,Delhi
22-04-2024,129,Delhi
23-04-2024,190,Delhi
24-04-2024,178,Delhi
25-04-2024,200,Delhi
26-04-2024,197,Delhi
27-04-2024,165,Delhi
28-04-2024,176,Delhi
29-04-2024,225,Delhi
30-04-2024,189,Delhi
01-05-2024,200,Delhi
02-05-2024,197,Delhi
03-05-2024,264,Delhi
04-05-2024,282,Delhi
05-05-2024,292,Delhi
06-05-2024,248,Delhi
07-05-2024,303,Delhi
08-05-2024,225,Delhi
09-05-2024,179,Delhi
10-05-2024,180,Delhi
11-05-2024,242,Delhi
12-05-2024,184,Delhi
13-05-2024,228,Delhi
14-05-2024,235,Delhi
15-05-2024,244,Delhi
16-05-2024,236,Delhi
17-05-2024,233,Delhi
18-05-2024,262,Delhi
19-05-2024,245,Delhi
20-05-2024,228,Delhi
21-05-2024,240,Delhi
22-05-2024,193,Delhi
23-05-2024,156,Delhi
24-05-2024,157,Delhi
25-05-2024,168,Delhi
26-05-2024,191,Delhi
27-05-2024,225,Delhi
28-05-2024,246,Delhi
29-05-2024,240,Delhi
30-05-2024,230,Delhi
31-05-2024,192,Delhi
01-06-2024,245,Delhi
02-06-2024,173,Delhi
03-06-2024,155,Delhi
04-06-2024,211,Delhi
05-06-2024,251,Delhi
06-06-2024,183,Delhi
07-06-2024,231,Delhi
08-06-2024,237,Delhi
09-06-2024,182,Delhi
10-06-2024,172,Delhi
11-06-2024,223,Delhi
12-06-2024,213,Delhi
13-06-2024,195,Delhi
14-06-2024,189,Delhi
15-06-2024,186,Delhi
16-06-2024,197,Delhi
17-06-2024,169,Delhi
18-06-2024,196,Delhi
19-06-2024,306,Delhi
20-06-2024,179,Delhi
21-06-2024,175,Delhi
22-06-2024,186,Delhi
23-06-2024,145,Delhi
24-06-2024,138,Delhi
25-06-2024,134,Delhi
26-06-2024,132,Delhi
27-06-2024,74,Delhi
28-06-2024,64,Delhi
29-06-2024,118,Delhi
30-06-2024,115,Delhi
01-07-2024,105,Delhi
02-07-2024,118,Delhi
03-07-2024,108,Delhi
04-07-2024,61,Delhi
05-07-2024,77,Delhi
06-07-2024,65,Delhi
07-07-2024,56,Delhi
08-07-2024,56,Delhi
09-07-2024,84,Delhi
10-07-2024,138,Delhi
11-07-2024,113,Delhi
12-07-2024,107,Delhi
13-07-2024,102,Delhi
14-07-2024,107,Delhi
15-07-2024,109,Delhi
16-07-2024,100,Delhi
17-07-2024,90,Delhi
18-07-2024,95,Delhi
19-07-2024,124,Delhi
20-07-2024,109,Delhi
21-07-2024,103,Delhi
22-07-2024,85,Delhi
23-07-2024,93,Delhi
24-07-2024,97,Delhi
25-07-2024,109,Delhi
26-07-2024,84,Delhi
27-07-2024,131,Delhi
28-07-2024,83,Delhi
29-07-2024,76,Delhi
30-07-2024,97,Delhi
31-07-2024,96,Delhi
01-08-2024,64,Delhi
02-08-2024,76,Delhi
03-08-2024,68,Delhi
04-08-2024,64,Delhi
05-08-2024,59,Delhi
06-08-2024,61,Delhi
07-08-2024,61,Delhi
08-08-2024,54,Delhi
09-08-2024,61,Delhi
10-08-2024,71,Delhi
11-08-2024,69,Delhi
12-08-2024,56,Delhi
13-08-2024,63,Delhi
14-08-2024,79,Delhi
15-08-2024,72,Delhi
16-08-2024,63,Delhi
17-08-2024,74,Delhi
18-08-2024,83,Delhi
19-08-2024,84,Delhi
20-08-2024,66,Delhi
21-08-2024,87,Delhi
22-08-2024,85,Delhi
23-08-2024,77,Delhi
24-08-2024,105,Delhi
25-08-2024,77,Delhi
26-08-2024,72,Delhi
27-08-2024,64,Delhi
28-08-2024,70,Delhi
29-08-2024,58,Delhi
30-08-2024,102,Delhi
31-08-2024,92,Delhi
01-09-2024,101,Delhi
02-09-2024,87,Delhi
03-09-2024,89,Delhi
04-09-2024,69,Delhi
05-09-2024,83,Delhi
06-09-2024,95,Delhi
07-09-2024,71,Delhi
08-09-2024,91,Delhi
09-09-2024,114,Delhi
10-09-2024,106,Delhi
11-09-2024,71,Delhi
12-09-2024,64,Delhi
13-09-2024,52,Delhi
14-09-2024,62,Delhi
15-09-2024,107,Delhi
16-09-2024,139,Delhi
17-09-2024,172,Delhi
18-09-2024,115,Delhi
19-09-2024,56,Delhi
20-09-2024,98,Delhi
21-09-2024,116,Delhi
22-09-2024,162,Delhi
23-09-2024,165,Delhi
24-09-2024,195,Delhi
25-09-2024,233,Delhi
26-09-2024,94,Delhi
27-09-2024,80,Delhi
28-09-2024,66,Delhi
29-09-2024,74,Delhi
30-09-2024,126,Delhi
01-10-2024,149,Delhi
02-10-2024,173,Delhi
03-10-2024,162,Delhi
04-10-2024,184,Delhi
05-10-2024,145,Delhi
06-10-2024,143,Delhi
07-10-2024,126,Delhi
08-10-2024,167,Delhi
09-10-2024,164,Delhi
10-10-2024,132,Delhi
11-10-2024,141,Delhi
12-10-2024,155,Delhi
13-10-2024,224,Delhi
14-10-2024,234,Delhi
15-10-2024,198,Delhi
16-10-2024,230,Delhi
17-10-2024,285,Delhi
18-10-2024,292,Delhi
19-10-2024,278,Delhi
20-10-2024,277,Delhi
21-10-2024,310,Delhi
22-10-2024,327,Delhi
23-10-2024,364,Delhi
24-10-2024,306,Delhi
25-10-2024,270,Delhi
26-10-2024,255,Delhi
27-10-2024,356,Delhi
28-10-2024,304,Delhi
29-10-2024,268,Delhi
30-10-2024,307,Delhi
31-10-2024,328,Delhi
01-11-2024,339,Delhi
02-11-2024,318,Delhi
03-11-2024,381,Delhi
04-11-2024,380,Delhi
05-11-2024,372,Delhi
06-11-2024,351,Delhi
07-11-2024,377,Delhi
08-11-2024,379,Delhi
09-11-2024,350,Delhi
10-11-2024,334,Delhi
11-11-2024,352,Delhi
12-11-2024,334,Delhi
13-11-2024,418,Delhi
14-11-2024,424,Delhi
15-11-2024,396,Delhi
16-11-2024,417,Delhi
17-11-2024,441,Delhi
18-11-2024,494,Delhi
19-11-2024,460,Delhi
20-11-2024,419,Delhi
21-11-2024,371,Delhi
22-11-2024,393,Delhi
23-11-2024,412,Delhi
24-11-2024,318,Delhi
25-11-2024,349,Delhi
26-11-2024,343,Delhi
27-11-2024,303,Delhi
28-11-2024,325,Delhi
29-11-2024,331,Delhi
30-11-2024,346,Delhi
01-12-2024,285,Delhi
02-12-2024,280,Delhi
03-12-2024,268,Delhi
04-12-2024,178,Delhi
05-12-2024,165,Delhi
06-12-2024,197,Delhi
07-12-2024,233,Delhi
08-12-2024,302,Delhi
09-12-2024,186,Delhi
10-12-2024,234,Delhi
11-12-2024,199,Delhi
12-12-2024,288,Delhi
13-12-2024,262,Delhi
14-12-2024,193,Delhi
15-12-2024,294,Delhi
16-12-2024,379,Delhi
17-12-2024,433,Delhi
18-12-2024,445,Delhi
19-12-2024,451,Delhi
20-12-2024,429,Delhi
21-12-2024,370,Delhi
22-12-2024,409,Delhi
23-12-2024,406,Delhi
24-12-2024,369,Delhi
25-12-2024,336,Delhi
26-12-2024,345,Delhi
27-12-2024,353,Delhi
28-12-2024,139,Delhi
29-12-2024,225,Delhi
30-12-2024,173,Delhi
31-12-2024,283,Delhi
01-01-2025,328,Delhi
02-01-2025,318,Delhi
03-01-2025,371,Delhi
04-01-2025,378,Delhi
05-01-2025,339,Delhi
06-01-2025,335,Delhi
07-01-2025,296,Delhi
08-01-2025,297,Delhi
09-01-2025,357,Delhi
10-01-2025,397,Delhi
11-01-2025,327,Delhi
12-01-2025,278,Delhi
13-01-2025,248,Delhi
14-01-2025,275,Delhi
15-01-2025,386,Delhi
16-01-2025,302,Delhi
17-01-2025,289,Delhi
18-01-2025,255,Delhi
19-01-2025,368,Delhi
20-01-2025,314,Delhi
21-01-2025,289,Delhi
22-01-2025,260,Delhi
23-01-2025,257,Delhi
24-01-2025,199,Delhi
25-01-2025,174,Delhi
26-01-2025,216,Delhi
27-01-2025,268,Delhi
28-01-2025,276,Delhi
29-01-2025,365,Delhi
30-01-2025,363,Delhi
31-01-2025,351,Delhi
01-02-2025,355,Delhi
02-02-2025,326,Delhi
03-02-2025,286,Delhi
04-02-2025,264,Delhi
05-02-2025,284,Delhi
06-02-2025,210,Delhi
07-02-2025,156,Delhi
08-02-2025,152,Delhi
09-02-2025,227,Delhi
10-02-2025,271,Delhi
11-02-2025,293,Delhi
12-02-2025,212,Delhi
13-02-2025,134,Delhi
14-02-2025,131,Delhi
15-02-2025,191,Delhi
16-02-2025,294,Delhi
17-02-2025,231,Delhi
18-02-2025,209,Delhi
19-02-2025,180,Delhi
20-02-2025,160,Delhi
21-02-2025,158,Delhi
22-02-2025,155,Delhi
23-02-2025,144,Delhi
24-02-2025,186,Delhi
25-02-2025,208,Delhi
26-02-2025,247,Delhi
27-02-2025,215,Delhi
28-02-2025,121,Delhi
01-03-2025,126,Delhi
02-03-2025,125,Delhi
03-03-2025,156,Delhi
04-03-2025,148,Delhi
05-03-2025,119,Delhi
06-03-2025,124,Delhi
07-03-2025,202,Delhi
08-03-2025,158,Delhi
09-03-2025,209,Delhi
10-03-2025,197,Delhi
11-03-2025,262,Delhi
12-03-2025,228,Delhi
13-03-2025,179,Delhi
14-03-2025,198,Delhi
15-03-2025,85,Delhi
16-03-2025,99,Delhi
17-03-2025,108,Delhi
18-03-2025,145,Delhi
19-03-2025,160,Delhi
20-03-2025,156,Delhi
21-03-2025,144,Delhi
22-03-2025,161,Delhi
23-03-2025,194,Delhi
24-03-2025,206,Delhi
25-03-2025,234,Delhi
26-03-2025,231,Delhi
27-03-2025,259,Delhi
28-03-2025,205,Delhi
29-03-2025,153,Delhi
30-03-2025,138,Delhi
31-03-2025,160,Delhi
01-01-2019,368,Kolkata
02-01-2019,338,Kolkata
03-01-2019,364,Kolkata
04-01-2019,408,Kolkata
05-01-2019,382,Kolkata
06-01-2019,308,Kolkata
07-01-2019,288,Kolkata
08-01-2019,310,Kolkata
09-01-2019,335,Kolkata
10-01-2019,364,Kolkata
11-01-2019,363,Kolkata
12-01-2019,402,Kolkata
13-01-2019,374,Kolkata
14-01-2019,402,Kolkata
15-01-2019,386,Kolkata
16-01-2019,314,Kolkata
17-01-2019,340,Kolkata
18-01-2019,364,Kolkata
19-01-2019,399,Kolkata
20-01-2019,396,Kolkata
21-01-2019,397,Kolkata
22-01-2019,410,Kolkata
23-01-2019,419,Kolkata
24-01-2019,373,Kolkata
25-01-2019,323,Kolkata
26-01-2019,284,Kolkata
27-01-2019,248,Kolkata
28-01-2019,245,Kolkata
29-01-2019,214,Kolkata
30-01-2019,237,Kolkata
31-01-2019,275,Kolkata
01-02-2019,328,Kolkata
02-02-2019,338,Kolkata
03-02-2019,338,Kolkata
04-02-2019,306,Kolkata
05-02-2019,322,Kolkata
06-02-2019,340,Kolkata
07-02-2019,332,Kolkata
08-02-2019,306,Kolkata
09-02-2019,262,Kolkata
10-02-2019,151,Kolkata
11-02-2019,178,Kolkata
12-02-2019,248,Kolkata
13-02-2019,264,Kolkata
14-02-2019,331,Kolkata
15-02-2019,344,Kolkata
16-02-2019,254,Kolkata
17-02-2019,212,Kolkata
18-02-2019,228,Kolkata
19-02-2019,298,Kolkata
20-02-2019,208,Kolkata
21-02-2019,298,Kolkata
22-02-2019,212,Kolkata
23-02-2019,226,Kolkata
24-02-2019,254,Kolkata
25-02-2019,186,Kolkata
26-02-2019,123,Kolkata
27-02-2019,64,Kolkata
28-02-2019,68,Kolkata
01-03-2019,167,Kolkata
02-03-2019,174,Kolkata
03-03-2019,224,Kolkata
04-03-2019,230,Kolkata
05-03-2019,90,Kolkata
06-03-2019,150,Kolkata
07-03-2019,212,Kolkata
08-03-2019,168,Kolkata
09-03-2019,237,Kolkata
10-03-2019,218,Kolkata
11-03-2019,110,Kolkata
12-03-2019,269,Kolkata
13-03-2019,144,Kolkata
14-03-2019,205,Kolkata
15-03-2019,222,Kolkata
16-03-2019,100,Kolkata
17-03-2019,144,Kolkata
18-03-2019,98,Kolkata
19-03-2019,124,Kolkata
20-03-2019,122,Kolkata
21-03-2019,130,Kolkata
22-03-2019,91,Kolkata
23-03-2019,117,Kolkata
24-03-2019,228,Kolkata
25-03-2019,202,Kolkata
26-03-2019,204,Kolkata
27-03-2019,130,Kolkata
28-03-2019,127,Kolkata
29-03-2019,168,Kolkata
30-03-2019,94,Kolkata
31-03-2019,106,Kolkata
01-04-2019,66,Kolkata
02-04-2019,75,Kolkata
03-04-2019,64,Kolkata
04-04-2019,82,Kolkata
05-04-2019,78,Kolkata
06-04-2019,88,Kolkata
07-04-2019,66,Kolkata
08-04-2019,68,Kolkata
09-04-2019,67,Kolkata
10-04-2019,60,Kolkata
11-04-2019,58,Kolkata
12-04-2019,62,Kolkata
13-04-2019,74,Kolkata
14-04-2019,64,Kolkata
15-04-2019,68,Kolkata
16-04-2019,84,Kolkata
17-04-2019,116,Kolkata
18-04-2019,178,Kolkata
19-04-2019,170,Kolkata
20-04-2019,116,Kolkata
21-04-2019,82,Kolkata
22-04-2019,86,Kolkata
23-04-2019,64,Kolkata
24-04-2019,73,Kolkata
25-04-2019,59,Kolkata
26-04-2019,68,Kolkata
27-04-2019,87,Kolkata
28-04-2019,80,Kolkata
29-04-2019,74,Kolkata
30-04-2019,45,Kolkata
01-05-2019,32,Kolkata
02-05-2019,27,Kolkata
03-05-2019,33,Kolkata
04-05-2019,38,Kolkata
05-05-2019,79,Kolkata
06-05-2019,87,Kolkata
07-05-2019,90,Kolkata
08-05-2019,102,Kolkata
09-05-2019,101,Kolkata
10-05-2019,104,Kolkata
11-05-2019,86,Kolkata
12-05-2019,80,Kolkata
15-05-2019,86,Kolkata
16-05-2019,84,Kolkata
17-05-2019,96,Kolkata
18-05-2019,96,Kolkata
19-05-2019,97,Kolkata
20-05-2019,113,Kolkata
21-05-2019,88,Kolkata
22-05-2019,88,Kolkata
23-05-2019,78,Kolkata
24-05-2019,76,Kolkata
25-05-2019,72,Kolkata
26-05-2019,87,Kolkata
27-05-2019,112,Kolkata
28-05-2019,111,Kolkata
29-05-2019,109,Kolkata
30-05-2019,102,Kolkata
31-05-2019,91,Kolkata
01-06-2019,78,Kolkata
02-06-2019,78,Kolkata
03-06-2019,65,Kolkata
04-06-2019,76,Kolkata
05-06-2019,56,Kolkata
06-06-2019,45,Kolkata
07-06-2019,48,Kolkata
08-06-2019,44,Kolkata
09-06-2019,61,Kolkata
10-06-2019,69,Kolkata
11-06-2019,66,Kolkata
12-06-2019,69,Kolkata
13-06-2019,80,Kolkata
14-06-2019,94,Kolkata
15-06-2019,87,Kolkata
16-06-2019,58,Kolkata
17-06-2019,72,Kolkata
18-06-2019,111,Kolkata
19-06-2019,91,Kolkata
20-06-2019,91,Kolkata
21-06-2019,44,Kolkata
22-06-2019,44,Kolkata
23-06-2019,39,Kolkata
24-06-2019,50,Kolkata
25-06-2019,60,Kolkata
26-06-2019,50,Kolkata
27-06-2019,45,Kolkata
28-06-2019,58,Kolkata
29-06-2019,76,Kolkata
30-06-2019,101,Kolkata
01-07-2019,51,Kolkata
02-07-2019,41,Kolkata
03-07-2019,48,Kolkata
04-07-2019,65,Kolkata
05-07-2019,66,Kolkata
06-07-2019,52,Kolkata
07-07-2019,44,Kolkata
08-07-2019,58,Kolkata
09-07-2019,61,Kolkata
10-07-2019,57,Kolkata
11-07-2019,58,Kolkata
12-07-2019,59,Kolkata
13-07-2019,69,Kolkata
14-07-2019,82,Kolkata
15-07-2019,86,Kolkata
16-07-2019,89,Kolkata
17-07-2019,101,Kolkata
18-07-2019,90,Kolkata
19-07-2019,40,Kolkata
20-07-2019,43,Kolkata
21-07-2019,52,Kolkata
22-07-2019,48,Kolkata
23-07-2019,42,Kolkata
24-07-2019,38,Kolkata
25-07-2019,63,Kolkata
26-07-2019,63,Kolkata
27-07-2019,52,Kolkata
28-07-2019,33,Kolkata
29-07-2019,29,Kolkata
30-07-2019,41,Kolkata
31-07-2019,51,Kolkata
01-08-2019,51,Kolkata
02-08-2019,37,Kolkata
03-08-2019,46,Kolkata
04-08-2019,64,Kolkata
05-08-2019,72,Kolkata
06-08-2019,56,Kolkata
07-08-2019,35,Kolkata
08-08-2019,30,Kolkata
09-08-2019,40,Kolkata
10-08-2019,60,Kolkata
11-08-2019,93,Kolkata
12-08-2019,61,Kolkata
13-08-2019,23,Kolkata
14-08-2019,47,Kolkata
15-08-2019,50,Kolkata
16-08-2019,53,Kolkata
17-08-2019,31,Kolkata
18-08-2019,41,Kolkata
19-08-2019,31,Kolkata
20-08-2019,41,Kolkata
21-08-2019,58,Kolkata
22-08-2019,64,Kolkata
23-08-2019,43,Kolkata
24-08-2019,38,Kolkata
25-08-2019,38,Kolkata
26-08-2019,37,Kolkata
27-08-2019,37,Kolkata
28-08-2019,45,Kolkata
29-08-2019,34,Kolkata
30-08-2019,37,Kolkata
31-08-2019,36,Kolkata
01-09-2019,43,Kolkata
02-09-2019,41,Kolkata
03-09-2019,25,Kolkata
04-09-2019,27,Kolkata
05-09-2019,26,Kolkata
06-09-2019,28,Kolkata
07-09-2019,26,Kolkata
08-09-2019,27,Kolkata
09-09-2019,38,Kolkata
10-09-2019,48,Kolkata
11-09-2019,38,Kolkata
12-09-2019,37,Kolkata
13-09-2019,43,Kolkata
14-09-2019,58,Kolkata
15-09-2019,70,Kolkata
16-09-2019,49,Kolkata
17-09-2019,40,Kolkata
18-09-2019,31,Kolkata
19-09-2019,24,Kolkata
20-09-2019,42,Kolkata
21-09-2019,59,Kolkata
22-09-2019,51,Kolkata
23-09-2019,40,Kolkata
24-09-2019,22,Kolkata
25-09-2019,31,Kolkata
26-09-2019,41,Kolkata
27-09-2019,34,Kolkata
28-09-2019,37,Kolkata
29-09-2019,32,Kolkata
30-09-2019,31,Kolkata
01-10-2019,50,Kolkata
02-10-2019,104,Kolkata
03-10-2019,73,Kolkata
04-10-2019,65,Kolkata
05-10-2019,66,Kolkata
06-10-2019,86,Kolkata
07-10-2019,73,Kolkata
08-10-2019,70,Kolkata
09-10-2019,45,Kolkata
10-10-2019,58,Kolkata
11-10-2019,70,Kolkata
12-10-2019,95,Kolkata
13-10-2019,114,Kolkata
14-10-2019,150,Kolkata
15-10-2019,134,Kolkata
16-10-2019,136,Kolkata
17-10-2019,76,Kolkata
18-10-2019,157,Kolkata
19-10-2019,140,Kolkata
20-10-2019,122,Kolkata
21-10-2019,196,Kolkata
22-10-2019,167,Kolkata
23-10-2019,178,Kolkata
24-10-2019,94,Kolkata
25-10-2019,47,Kolkata
26-10-2019,52,Kolkata
27-10-2019,125,Kolkata
28-10-2019,160,Kolkata
29-10-2019,219,Kolkata
30-10-2019,205,Kolkata
31-10-2019,244,Kolkata
01-11-2019,231,Kolkata
02-11-2019,180,Kolkata
03-11-2019,141,Kolkata
04-11-2019,135,Kolkata
05-11-2019,208,Kolkata
06-11-2019,331,Kolkata
07-11-2019,215,Kolkata
08-11-2019,154,Kolkata
09-11-2019,51,Kolkata
10-11-2019,41,Kolkata
11-11-2019,65,Kolkata
12-11-2019,170,Kolkata
13-11-2019,231,Kolkata
14-11-2019,187,Kolkata
15-11-2019,184,Kolkata
16-11-2019,178,Kolkata
17-11-2019,204,Kolkata
18-11-2019,219,Kolkata
19-11-2019,229,Kolkata
20-11-2019,205,Kolkata
21-11-2019,202,Kolkata
22-11-2019,195,Kolkata
23-11-2019,241,Kolkata
24-11-2019,290,Kolkata
25-11-2019,259,Kolkata
26-11-2019,267,Kolkata
27-11-2019,253,Kolkata
28-11-2019,181,Kolkata
29-11-2019,193,Kolkata
30-11-2019,227,Kolkata
01-12-2019,204,Kolkata
02-12-2019,180,Kolkata
03-12-2019,207,Kolkata
04-12-2019,234,Kolkata
05-12-2019,194,Kolkata
06-12-2019,177,Kolkata
07-12-2019,137,Kolkata
08-12-2019,182,Kolkata
09-12-2019,114,Kolkata
10-12-2019,135,Kolkata
11-12-2019,156,Kolkata
12-12-2019,135,Kolkata
13-12-2019,214,Kolkata
14-12-2019,262,Kolkata
15-12-2019,239,Kolkata
16-12-2019,152,Kolkata
17-12-2019,128,Kolkata
18-12-2019,145,Kolkata
19-12-2019,149,Kolkata
20-12-2019,172,Kolkata
21-12-2019,258,Kolkata
22-12-2019,234,Kolkata
23-12-2019,268,Kolkata
24-12-2019,300,Kolkata
25-12-2019,240,Kolkata
26-12-2019,256,Kolkata
27-12-2019,150,Kolkata
28-12-2019,274,Kolkata
29-12-2019,222,Kolkata
30-12-2019,243,Kolkata
31-12-2019,262,Kolkata
01-01-2020,260,Kolkata
02-01-2020,249,Kolkata
03-01-2020,166,Kolkata
04-01-2020,78,Kolkata
05-01-2020,178,Kolkata
06-01-2020,209,Kolkata
07-01-2020,206,Kolkata
08-01-2020,255,Kolkata
09-01-2020,177,Kolkata
10-01-2020,172,Kolkata
11-01-2020,152,Kolkata
12-01-2020,188,Kolkata
13-01-2020,178,Kolkata
14-01-2020,270,Kolkata
15-01-2020,326,Kolkata
16-01-2020,321,Kolkata
17-01-2020,252,Kolkata
18-01-2020,191,Kolkata
19-01-2020,181,Kolkata
20-01-2020,132,Kolkata
21-01-2020,177,Kolkata
22-01-2020,232,Kolkata
23-01-2020,252,Kolkata
24-01-2020,226,Kolkata
25-01-2020,148,Kolkata
26-01-2020,222,Kolkata
27-01-2020,214,Kolkata
28-01-2020,275,Kolkata
29-01-2020,145,Kolkata
30-01-2020,106,Kolkata
31-01-2020,173,Kolkata
01-02-2020,148,Kolkata
02-02-2020,168,Kolkata
03-02-2020,156,Kolkata
04-02-2020,176,Kolkata
05-02-2020,242,Kolkata
06-02-2020,150,Kolkata
07-02-2020,182,Kolkata
08-02-2020,180,Kolkata
09-02-2020,239,Kolkata
10-02-2020,182,Kolkata
11-02-2020,227,Kolkata
12-02-2020,228,Kolkata
13-02-2020,233,Kolkata
14-02-2020,243,Kolkata
15-02-2020,168,Kolkata
16-02-2020,220,Kolkata
17-02-2020,220,Kolkata
18-02-2020,194,Kolkata
19-02-2020,187,Kolkata
20-02-2020,150,Kolkata
21-02-2020,184,Kolkata
22-02-2020,240,Kolkata
23-02-2020,221,Kolkata
24-02-2020,206,Kolkata
25-02-2020,213,Kolkata
26-02-2020,91,Kolkata
27-02-2020,71,Kolkata
28-02-2020,158,Kolkata
01-03-2020,202,Kolkata
02-03-2020,217,Kolkata
03-03-2020,190,Kolkata
04-03-2020,102,Kolkata
05-03-2020,74,Kolkata
06-03-2020,80,Kolkata
07-03-2020,59,Kolkata
08-03-2020,78,Kolkata
09-03-2020,138,Kolkata
10-03-2020,167,Kolkata
11-03-2020,124,Kolkata
12-03-2020,118,Kolkata
13-03-2020,108,Kolkata
14-03-2020,141,Kolkata
15-03-2020,85,Kolkata
16-03-2020,108,Kolkata
17-03-2020,147,Kolkata
18-03-2020,173,Kolkata
19-03-2020,216,Kolkata
20-03-2020,123,Kolkata
21-03-2020,128,Kolkata
22-03-2020,76,Kolkata
23-03-2020,108,Kolkata
24-03-2020,81,Kolkata
25-03-2020,97,Kolkata
26-03-2020,86,Kolkata
27-03-2020,116,Kolkata
28-03-2020,102,Kolkata
29-03-2020,102,Kolkata
30-03-2020,112,Kolkata
31-03-2020,112,Kolkata
01-04-2020,137,Kolkata
02-04-2020,101,Kolkata
03-04-2020,109,Kolkata
04-04-2020,146,Kolkata
05-04-2020,95,Kolkata
06-04-2020,82,Kolkata
07-04-2020,91,Kolkata
08-04-2020,75,Kolkata
09-04-2020,91,Kolkata
10-04-2020,68,Kolkata
11-04-2020,61,Kolkata
12-04-2020,57,Kolkata
13-04-2020,56,Kolkata
14-04-2020,53,Kolkata
15-04-2020,53,Kolkata
16-04-2020,67,Kolkata
17-04-2020,53,Kolkata
18-04-2020,40,Kolkata
19-04-2020,62,Kolkata
20-04-2020,40,Kolkata
21-04-2020,49,Kolkata
22-04-2020,50,Kolkata
23-04-2020,32,Kolkata
24-04-2020,34,Kolkata
25-04-2020,51,Kolkata
26-04-2020,56,Kolkata
27-04-2020,36,Kolkata
28-04-2020,39,Kolkata
29-04-2020,49,Kolkata
30-04-2020,48,Kolkata
01-05-2020,49,Kolkata
02-05-2020,44,Kolkata
03-05-2020,56,Kolkata
04-05-2020,48,Kolkata
05-05-2020,47,Kolkata
06-05-2020,52,Kolkata
07-05-2020,51,Kolkata
08-05-2020,53,Kolkata
09-05-2020,65,Kolkata
10-05-2020,56,Kolkata
11-05-2020,68,Kolkata
12-05-2020,100,Kolkata
13-05-2020,57,Kolkata
14-05-2020,47,Kolkata
15-05-2020,37,Kolkata
16-05-2020,42,Kolkata
17-05-2020,44,Kolkata
18-05-2020,36,Kolkata
19-05-2020,27,Kolkata
20-05-2020,29,Kolkata
21-05-2020,33,Kolkata
22-05-2020,44,Kolkata
23-05-2020,58,Kolkata
24-05-2020,50,Kolkata
25-05-2020,47,Kolkata
26-05-2020,46,Kolkata
27-05-2020,40,Kolkata
28-05-2020,42,Kolkata
29-05-2020,51,Kolkata
30-05-2020,47,Kolkata
31-05-2020,50,Kolkata
01-06-2020,38,Kolkata
02-06-2020,43,Kolkata
03-06-2020,49,Kolkata
04-06-2020,42,Kolkata
05-06-2020,33,Kolkata
06-06-2020,49,Kolkata
07-06-2020,57,Kolkata
08-06-2020,47,Kolkata
09-06-2020,46,Kolkata
10-06-2020,37,Kolkata
11-06-2020,26,Kolkata
12-06-2020,31,Kolkata
13-06-2020,33,Kolkata
14-06-2020,30,Kolkata
15-06-2020,31,Kolkata
16-06-2020,37,Kolkata
17-06-2020,39,Kolkata
18-06-2020,40,Kolkata
19-06-2020,44,Kolkata
20-06-2020,42,Kolkata
21-06-2020,34,Kolkata
22-06-2020,39,Kolkata
23-06-2020,43,Kolkata
24-06-2020,51,Kolkata
25-06-2020,45,Kolkata
26-06-2020,36,Kolkata
27-06-2020,30,Kolkata
28-06-2020,30,Kolkata
29-06-2020,37,Kolkata
30-06-2020,41,Kolkata
01-07-2020,44,Kolkata
02-07-2020,41,Kolkata
03-07-2020,40,Kolkata
04-07-2020,27,Kolkata
05-07-2020,30,Kolkata
06-07-2020,34,Kolkata
07-07-2020,36,Kolkata
08-07-2020,54,Kolkata
09-07-2020,51,Kolkata
10-07-2020,40,Kolkata
11-07-2020,41,Kolkata
12-07-2020,49,Kolkata
13-07-2020,40,Kolkata
14-07-2020,50,Kolkata
15-07-2020,28,Kolkata
16-07-2020,29,Kolkata
17-07-2020,27,Kolkata
18-07-2020,40,Kolkata
19-07-2020,36,Kolkata
20-07-2020,34,Kolkata
21-07-2020,44,Kolkata
22-07-2020,40,Kolkata
23-07-2020,44,Kolkata
24-07-2020,39,Kolkata
25-07-2020,47,Kolkata
26-07-2020,51,Kolkata
27-07-2020,56,Kolkata
28-07-2020,68,Kolkata
29-07-2020,45,Kolkata
30-07-2020,35,Kolkata
31-07-2020,33,Kolkata
01-08-2020,33,Kolkata
02-08-2020,43,Kolkata
03-08-2020,79,Kolkata
04-08-2020,66,Kolkata
05-08-2020,39,Kolkata
06-08-2020,36,Kolkata
07-08-2020,51,Kolkata
08-08-2020,54,Kolkata
09-08-2020,42,Kolkata
10-08-2020,33,Kolkata
11-08-2020,48,Kolkata
12-08-2020,49,Kolkata
13-08-2020,33,Kolkata
14-08-2020,32,Kolkata
15-08-2020,42,Kolkata
16-08-2020,46,Kolkata
17-08-2020,35,Kolkata
18-08-2020,46,Kolkata
19-08-2020,33,Kolkata
20-08-2020,34,Kolkata
21-08-2020,34,Kolkata
22-08-2020,49,Kolkata
23-08-2020,50,Kolkata
24-08-2020,52,Kolkata
25-08-2020,60,Kolkata
26-08-2020,38,Kolkata
27-08-2020,31,Kolkata
28-08-2020,42,Kolkata
29-08-2020,56,Kolkata
30-08-2020,54,Kolkata
31-08-2020,60,Kolkata
01-09-2020,56,Kolkata
02-09-2020,45,Kolkata
03-09-2020,37,Kolkata
04-09-2020,45,Kolkata
05-09-2020,47,Kolkata
06-09-2020,44,Kolkata
07-09-2020,39,Kolkata
08-09-2020,34,Kolkata
09-09-2020,57,Kolkata
10-09-2020,47,Kolkata
11-09-2020,36,Kolkata
12-09-2020,26,Kolkata
13-09-2020,36,Kolkata
14-09-2020,31,Kolkata
15-09-2020,35,Kolkata
16-09-2020,39,Kolkata
17-09-2020,48,Kolkata
18-09-2020,43,Kolkata
19-09-2020,53,Kolkata
20-09-2020,56,Kolkata
21-09-2020,33,Kolkata
22-09-2020,39,Kolkata
23-09-2020,34,Kolkata
24-09-2020,41,Kolkata
25-09-2020,48,Kolkata
26-09-2020,49,Kolkata
27-09-2020,72,Kolkata
28-09-2020,92,Kolkata
29-09-2020,69,Kolkata
30-09-2020,47,Kolkata
01-10-2020,43,Kolkata
02-10-2020,41,Kolkata
03-10-2020,38,Kolkata
04-10-2020,46,Kolkata
05-10-2020,42,Kolkata
06-10-2020,40,Kolkata
07-10-2020,40,Kolkata
08-10-2020,48,Kolkata
09-10-2020,72,Kolkata
10-10-2020,100,Kolkata
11-10-2020,73,Kolkata
12-10-2020,74,Kolkata
13-10-2020,84,Kolkata
14-10-2020,43,Kolkata
15-10-2020,38,Kolkata
16-10-2020,62,Kolkata
17-10-2020,112,Kolkata
18-10-2020,120,Kolkata
19-10-2020,61,Kolkata
20-10-2020,125,Kolkata
21-10-2020,48,Kolkata
22-10-2020,31,Kolkata
23-10-2020,32,Kolkata
24-10-2020,42,Kolkata
25-10-2020,66,Kolkata
26-10-2020,152,Kolkata
27-10-2020,144,Kolkata
28-10-2020,178,Kolkata
29-10-2020,145,Kolkata
30-10-2020,102,Kolkata
31-10-2020,114,Kolkata
01-11-2020,53,Kolkata
02-11-2020,40,Kolkata
03-11-2020,134,Kolkata
04-11-2020,248,Kolkata
05-11-2020,243,Kolkata
06-11-2020,238,Kolkata
07-11-2020,221,Kolkata
08-11-2020,248,Kolkata
09-11-2020,158,Kolkata
10-11-2020,120,Kolkata
11-11-2020,100,Kolkata
12-11-2020,104,Kolkata
13-11-2020,115,Kolkata
14-11-2020,148,Kolkata
15-11-2020,187,Kolkata
16-11-2020,181,Kolkata
17-11-2020,222,Kolkata
18-11-2020,266,Kolkata
19-11-2020,149,Kolkata
20-11-2020,130,Kolkata
21-11-2020,190,Kolkata
22-11-2020,233,Kolkata
23-11-2020,173,Kolkata
24-11-2020,219,Kolkata
25-11-2020,205,Kolkata
26-11-2020,214,Kolkata
27-11-2020,186,Kolkata
28-11-2020,129,Kolkata
29-11-2020,228,Kolkata
30-11-2020,210,Kolkata
01-12-2020,265,Kolkata
02-12-2020,289,Kolkata
03-12-2020,304,Kolkata
04-12-2020,322,Kolkata
05-12-2020,280,Kolkata
06-12-2020,260,Kolkata
07-12-2020,203,Kolkata
08-12-2020,292,Kolkata
09-12-2020,326,Kolkata
10-12-2020,310,Kolkata
11-12-2020,251,Kolkata
12-12-2020,310,Kolkata
13-12-2020,282,Kolkata
14-12-2020,306,Kolkata
15-12-2020,244,Kolkata
16-12-2020,229,Kolkata
17-12-2020,258,Kolkata
18-12-2020,222,Kolkata
19-12-2020,203,Kolkata
20-12-2020,282,Kolkata
21-12-2020,321,Kolkata
22-12-2020,355,Kolkata
23-12-2020,336,Kolkata
24-12-2020,271,Kolkata
25-12-2020,275,Kolkata
26-12-2020,285,Kolkata
27-12-2020,285,Kolkata
28-12-2020,301,Kolkata
29-12-2020,347,Kolkata
30-12-2020,321,Kolkata
31-12-2020,274,Kolkata
01-01-2021,267,Kolkata
02-01-2021,297,Kolkata
03-01-2021,332,Kolkata
04-01-2021,302,Kolkata
05-01-2021,241,Kolkata
06-01-2021,284,Kolkata
07-01-2021,304,Kolkata
08-01-2021,261,Kolkata
09-01-2021,173,Kolkata
10-01-2021,212,Kolkata
11-01-2021,207,Kolkata
12-01-2021,174,Kolkata
13-01-2021,215,Kolkata
14-01-2021,246,Kolkata
15-01-2021,263,Kolkata
16-01-2021,300,Kolkata
17-01-2021,327,Kolkata
18-01-2021,298,Kolkata
19-01-2021,341,Kolkata
20-01-2021,211,Kolkata
21-01-2021,295,Kolkata
22-01-2021,249,Kolkata
23-01-2021,274,Kolkata
24-01-2021,268,Kolkata
25-01-2021,290,Kolkata
26-01-2021,286,Kolkata
27-01-2021,284,Kolkata
28-01-2021,242,Kolkata
29-01-2021,268,Kolkata
30-01-2021,285,Kolkata
31-01-2021,302,Kolkata
01-02-2021,281,Kolkata
02-02-2021,285,Kolkata
03-02-2021,286,Kolkata
04-02-2021,301,Kolkata
05-02-2021,271,Kolkata
06-02-2021,277,Kolkata
07-02-2021,125,Kolkata
08-02-2021,170,Kolkata
09-02-2021,228,Kolkata
10-02-2021,258,Kolkata
11-02-2021,239,Kolkata
12-02-2021,203,Kolkata
13-02-2021,220,Kolkata
14-02-2021,203,Kolkata
15-02-2021,138,Kolkata
16-02-2021,209,Kolkata
17-02-2021,230,Kolkata
18-02-2021,256,Kolkata
19-02-2021,241,Kolkata
20-02-2021,247,Kolkata
21-02-2021,259,Kolkata
22-02-2021,261,Kolkata
23-02-2021,252,Kolkata
24-02-2021,194,Kolkata
25-02-2021,251,Kolkata
26-02-2021,174,Kolkata
27-02-2021,160,Kolkata
28-02-2021,134,Kolkata
01-03-2021,120,Kolkata
02-03-2021,148,Kolkata
03-03-2021,157,Kolkata
04-03-2021,231,Kolkata
05-03-2021,148,Kolkata
06-03-2021,150,Kolkata
07-03-2021,188,Kolkata
08-03-2021,133,Kolkata
09-03-2021,84,Kolkata
10-03-2021,65,Kolkata
11-03-2021,68,Kolkata
12-03-2021,79,Kolkata
13-03-2021,149,Kolkata
14-03-2021,142,Kolkata
15-03-2021,158,Kolkata
16-03-2021,126,Kolkata
17-03-2021,194,Kolkata
18-03-2021,151,Kolkata
19-03-2021,223,Kolkata
20-03-2021,244,Kolkata
21-03-2021,201,Kolkata
22-03-2021,227,Kolkata
23-03-2021,222,Kolkata
24-03-2021,181,Kolkata
25-03-2021,212,Kolkata
26-03-2021,197,Kolkata
27-03-2021,166,Kolkata
28-03-2021,175,Kolkata
29-03-2021,105,Kolkata
30-03-2021,106,Kolkata
31-03-2021,196,Kolkata
01-04-2021,171,Kolkata
02-04-2021,133,Kolkata
03-04-2021,113,Kolkata
04-04-2021,114,Kolkata
05-04-2021,115,Kolkata
06-04-2021,104,Kolkata
07-04-2021,90,Kolkata
08-04-2021,90,Kolkata
09-04-2021,84,Kolkata
10-04-2021,99,Kolkata
11-04-2021,86,Kolkata
12-04-2021,101,Kolkata
13-04-2021,78,Kolkata
14-04-2021,76,Kolkata
15-04-2021,74,Kolkata
16-04-2021,96,Kolkata
17-04-2021,72,Kolkata
18-04-2021,64,Kolkata
19-04-2021,109,Kolkata
20-04-2021,73,Kolkata
21-04-2021,70,Kolkata
22-04-2021,76,Kolkata
23-04-2021,136,Kolkata
24-04-2021,150,Kolkata
25-04-2021,115,Kolkata
26-04-2021,102,Kolkata
27-04-2021,123,Kolkata
28-04-2021,86,Kolkata
29-04-2021,76,Kolkata
30-04-2021,94,Kolkata
01-05-2021,101,Kolkata
02-05-2021,77,Kolkata
03-05-2021,110,Kolkata
04-05-2021,65,Kolkata
05-05-2021,71,Kolkata
06-05-2021,66,Kolkata
07-05-2021,60,Kolkata
08-05-2021,70,Kolkata
09-05-2021,49,Kolkata
10-05-2021,53,Kolkata
11-05-2021,42,Kolkata
12-05-2021,48,Kolkata
13-05-2021,58,Kolkata
14-05-2021,80,Kolkata
15-05-2021,56,Kolkata
16-05-2021,39,Kolkata
17-05-2021,37,Kolkata
18-05-2021,43,Kolkata
19-05-2021,40,Kolkata
20-05-2021,38,Kolkata
21-05-2021,41,Kolkata
22-05-2021,47,Kolkata
23-05-2021,57,Kolkata
24-05-2021,69,Kolkata
25-05-2021,41,Kolkata
26-05-2021,45,Kolkata
27-05-2021,49,Kolkata
28-05-2021,48,Kolkata
29-05-2021,66,Kolkata
30-05-2021,64,Kolkata
31-05-2021,101,Kolkata
01-06-2021,52,Kolkata
02-06-2021,50,Kolkata
03-06-2021,49,Kolkata
04-06-2021,51,Kolkata
05-06-2021,68,Kolkata
06-06-2021,64,Kolkata
07-06-2021,50,Kolkata
08-06-2021,45,Kolkata
09-06-2021,54,Kolkata
10-06-2021,61,Kolkata
11-06-2021,46,Kolkata
12-06-2021,46,Kolkata
13-06-2021,36,Kolkata
14-06-2021,39,Kolkata
15-06-2021,36,Kolkata
16-06-2021,45,Kolkata
17-06-2021,56,Kolkata
18-06-2021,39,Kolkata
19-06-2021,43,Kolkata
20-06-2021,57,Kolkata
21-06-2021,51,Kolkata
22-06-2021,60,Kolkata
23-06-2021,51,Kolkata
24-06-2021,53,Kolkata
25-06-2021,65,Kolkata
26-06-2021,55,Kolkata
27-06-2021,51,Kolkata
28-06-2021,48,Kolkata
29-06-2021,45,Kolkata
30-06-2021,60,Kolkata
01-07-2021,54,Kolkata
02-07-2021,49,Kolkata
03-07-2021,50,Kolkata
04-07-2021,56,Kolkata
05-07-2021,52,Kolkata
06-07-2021,97,Kolkata
07-07-2021,78,Kolkata
08-07-2021,44,Kolkata
09-07-2021,67,Kolkata
10-07-2021,67,Kolkata
11-07-2021,44,Kolkata
12-07-2021,33,Kolkata
13-07-2021,33,Kolkata
14-07-2021,36,Kolkata
15-07-2021,38,Kolkata
16-07-2021,45,Kolkata
17-07-2021,47,Kolkata
18-07-2021,42,Kolkata
19-07-2021,44,Kolkata
20-07-2021,51,Kolkata
21-07-2021,114,Kolkata
22-07-2021,38,Kolkata
23-07-2021,32,Kolkata
24-07-2021,34,Kolkata
25-07-2021,56,Kolkata
26-07-2021,65,Kolkata
27-07-2021,62,Kolkata
28-07-2021,51,Kolkata
29-07-2021,40,Kolkata
30-07-2021,33,Kolkata
31-07-2021,46,Kolkata
01-08-2021,56,Kolkata
02-08-2021,62,Kolkata
03-08-2021,69,Kolkata
04-08-2021,95,Kolkata
05-08-2021,60,Kolkata
06-08-2021,80,Kolkata
07-08-2021,63,Kolkata
08-08-2021,49,Kolkata
09-08-2021,53,Kolkata
10-08-2021,67,Kolkata
11-08-2021,64,Kolkata
12-08-2021,68,Kolkata
13-08-2021,70,Kolkata
14-08-2021,70,Kolkata
15-08-2021,57,Kolkata
16-08-2021,38,Kolkata
17-08-2021,35,Kolkata
18-08-2021,38,Kolkata
19-08-2021,39,Kolkata
20-08-2021,36,Kolkata
21-08-2021,40,Kolkata
22-08-2021,47,Kolkata
23-08-2021,52,Kolkata
24-08-2021,68,Kolkata
25-08-2021,75,Kolkata
26-08-2021,70,Kolkata
27-08-2021,62,Kolkata
28-08-2021,45,Kolkata
29-08-2021,34,Kolkata
30-08-2021,33,Kolkata
31-08-2021,35,Kolkata
01-09-2021,42,Kolkata
02-09-2021,45,Kolkata
03-09-2021,50,Kolkata
04-09-2021,54,Kolkata
05-09-2021,55,Kolkata
06-09-2021,32,Kolkata
07-09-2021,38,Kolkata
08-09-2021,36,Kolkata
09-09-2021,40,Kolkata
10-09-2021,71,Kolkata
11-09-2021,43,Kolkata
12-09-2021,41,Kolkata
13-09-2021,33,Kolkata
14-09-2021,33,Kolkata
15-09-2021,36,Kolkata
16-09-2021,37,Kolkata
17-09-2021,49,Kolkata
18-09-2021,52,Kolkata
19-09-2021,73,Kolkata
20-09-2021,59,Kolkata
21-09-2021,36,Kolkata
22-09-2021,38,Kolkata
23-09-2021,44,Kolkata
24-09-2021,61,Kolkata
25-09-2021,121,Kolkata
26-09-2021,60,Kolkata
27-09-2021,47,Kolkata
28-09-2021,48,Kolkata
29-09-2021,42,Kolkata
30-09-2021,40,Kolkata
01-10-2021,45,Kolkata
02-10-2021,48,Kolkata
03-10-2021,48,Kolkata
04-10-2021,64,Kolkata
05-10-2021,53,Kolkata
06-10-2021,68,Kolkata
07-10-2021,66,Kolkata
08-10-2021,98,Kolkata
09-10-2021,141,Kolkata
10-10-2021,133,Kolkata
11-10-2021,138,Kolkata
12-10-2021,172,Kolkata
13-10-2021,177,Kolkata
14-10-2021,90,Kolkata
15-10-2021,68,Kolkata
16-10-2021,46,Kolkata
17-10-2021,33,Kolkata
18-10-2021,29,Kolkata
19-10-2021,32,Kolkata
20-10-2021,36,Kolkata
21-10-2021,94,Kolkata
22-10-2021,122,Kolkata
23-10-2021,189,Kolkata
24-10-2021,192,Kolkata
25-10-2021,168,Kolkata
26-10-2021,183,Kolkata
27-10-2021,151,Kolkata
28-10-2021,104,Kolkata
29-10-2021,141,Kolkata
30-10-2021,115,Kolkata
31-10-2021,140,Kolkata
01-11-2021,168,Kolkata
02-11-2021,192,Kolkata
03-11-2021,154,Kolkata
04-11-2021,194,Kolkata
05-11-2021,207,Kolkata
06-11-2021,156,Kolkata
07-11-2021,168,Kolkata
08-11-2021,146,Kolkata
09-11-2021,144,Kolkata
10-11-2021,164,Kolkata
11-11-2021,144,Kolkata
12-11-2021,133,Kolkata
13-11-2021,102,Kolkata
14-11-2021,80,Kolkata
15-11-2021,65,Kolkata
16-11-2021,99,Kolkata
17-11-2021,153,Kolkata
18-11-2021,162,Kolkata
19-11-2021,157,Kolkata
20-11-2021,188,Kolkata
21-11-2021,214,Kolkata
22-11-2021,258,Kolkata
23-11-2021,229,Kolkata
24-11-2021,179,Kolkata
25-11-2021,151,Kolkata
26-11-2021,194,Kolkata
27-11-2021,212,Kolkata
28-11-2021,216,Kolkata
29-11-2021,178,Kolkata
30-11-2021,168,Kolkata
01-12-2021,180,Kolkata
02-12-2021,210,Kolkata
03-12-2021,202,Kolkata
04-12-2021,177,Kolkata
05-12-2021,108,Kolkata
06-12-2021,32,Kolkata
07-12-2021,41,Kolkata
08-12-2021,93,Kolkata
09-12-2021,110,Kolkata
10-12-2021,98,Kolkata
11-12-2021,232,Kolkata
12-12-2021,196,Kolkata
13-12-2021,237,Kolkata
14-12-2021,255,Kolkata
15-12-2021,268,Kolkata
16-12-2021,284,Kolkata
17-12-2021,219,Kolkata
18-12-2021,258,Kolkata
19-12-2021,223,Kolkata
20-12-2021,155,Kolkata
21-12-2021,258,Kolkata
22-12-2021,246,Kolkata
23-12-2021,272,Kolkata
24-12-2021,302,Kolkata
25-12-2021,250,Kolkata
26-12-2021,253,Kolkata
27-12-2021,212,Kolkata
28-12-2021,234,Kolkata
29-12-2021,240,Kolkata
30-12-2021,260,Kolkata
31-12-2021,160,Kolkata
01-01-2022,198,Kolkata
02-01-2022,183,Kolkata
03-01-2022,211,Kolkata
04-01-2022,243,Kolkata
05-01-2022,290,Kolkata
06-01-2022,268,Kolkata
07-01-2022,280,Kolkata
08-01-2022,228,Kolkata
09-01-2022,225,Kolkata
10-01-2022,209,Kolkata
11-01-2022,242,Kolkata
12-01-2022,88,Kolkata
13-01-2022,132,Kolkata
14-01-2022,142,Kolkata
15-01-2022,123,Kolkata
16-01-2022,161,Kolkata
17-01-2022,180,Kolkata
18-01-2022,226,Kolkata
19-01-2022,267,Kolkata
20-01-2022,266,Kolkata
21-01-2022,306,Kolkata
22-01-2022,245,Kolkata
23-01-2022,192,Kolkata
24-01-2022,206,Kolkata
25-01-2022,208,Kolkata
26-01-2022,194,Kolkata
27-01-2022,185,Kolkata
28-01-2022,160,Kolkata
29-01-2022,210,Kolkata
30-01-2022,246,Kolkata
31-01-2022,183,Kolkata
01-02-2022,105,Kolkata
02-02-2022,141,Kolkata
03-02-2022,102,Kolkata
04-02-2022,70,Kolkata
05-02-2022,64,Kolkata
06-02-2022,132,Kolkata
07-02-2022,108,Kolkata
08-02-2022,144,Kolkata
09-02-2022,186,Kolkata
10-02-2022,119,Kolkata
11-02-2022,214,Kolkata
12-02-2022,143,Kolkata
13-02-2022,132,Kolkata
14-02-2022,149,Kolkata
15-02-2022,191,Kolkata
16-02-2022,201,Kolkata
17-02-2022,220,Kolkata
18-02-2022,232,Kolkata
19-02-2022,219,Kolkata
20-02-2022,164,Kolkata
21-02-2022,137,Kolkata
22-02-2022,128,Kolkata
23-02-2022,165,Kolkata
24-02-2022,141,Kolkata
25-02-2022,105,Kolkata
26-02-2022,243,Kolkata
27-02-2022,212,Kolkata
28-02-2022,104,Kolkata
01-03-2022,174,Kolkata
02-03-2022,155,Kolkata
03-03-2022,198,Kolkata
04-03-2022,231,Kolkata
05-03-2022,180,Kolkata
06-03-2022,171,Kolkata
07-03-2022,149,Kolkata
08-03-2022,188,Kolkata
09-03-2022,202,Kolkata
10-03-2022,222,Kolkata
11-03-2022,198,Kolkata
12-03-2022,193,Kolkata
13-03-2022,183,Kolkata
14-03-2022,182,Kolkata
15-03-2022,198,Kolkata
16-03-2022,125,Kolkata
17-03-2022,107,Kolkata
18-03-2022,96,Kolkata
19-03-2022,96,Kolkata
20-03-2022,88,Kolkata
21-03-2022,79,Kolkata
22-03-2022,78,Kolkata
23-03-2022,82,Kolkata
24-03-2022,95,Kolkata
25-03-2022,89,Kolkata
26-03-2022,69,Kolkata
27-03-2022,85,Kolkata
28-03-2022,108,Kolkata
29-03-2022,89,Kolkata
30-03-2022,74,Kolkata
31-03-2022,64,Kolkata
01-04-2022,70,Kolkata
02-04-2022,65,Kolkata
03-04-2022,57,Kolkata
04-04-2022,60,Kolkata
05-04-2022,55,Kolkata
06-04-2022,60,Kolkata
07-04-2022,65,Kolkata
08-04-2022,69,Kolkata
09-04-2022,53,Kolkata
10-04-2022,49,Kolkata
11-04-2022,53,Kolkata
12-04-2022,70,Kolkata
13-04-2022,52,Kolkata
14-04-2022,54,Kolkata
15-04-2022,93,Kolkata
16-04-2022,71,Kolkata
17-04-2022,68,Kolkata
18-04-2022,63,Kolkata
19-04-2022,63,Kolkata
20-04-2022,58,Kolkata
21-04-2022,57,Kolkata
22-04-2022,81,Kolkata
23-04-2022,102,Kolkata
24-04-2022,122,Kolkata
25-04-2022,85,Kolkata
26-04-2022,81,Kolkata
27-04-2022,74,Kolkata
28-04-2022,75,Kolkata
29-04-2022,75,Kolkata
30-04-2022,122,Kolkata
01-05-2022,71,Kolkata
02-05-2022,60,Kolkata
03-05-2022,61,Kolkata
04-05-2022,59,Kolkata
05-05-2022,68,Kolkata
06-05-2022,103,Kolkata
07-05-2022,83,Kolkata
08-05-2022,83,Kolkata
09-05-2022,56,Kolkata
10-05-2022,46,Kolkata
11-05-2022,53,Kolkata
12-05-2022,68,Kolkata
13-05-2022,77,Kolkata
14-05-2022,62,Kolkata
15-05-2022,52,Kolkata
16-05-2022,57,Kolkata
17-05-2022,55,Kolkata
18-05-2022,51,Kolkata
19-05-2022,47,Kolkata
20-05-2022,57,Kolkata
21-05-2022,61,Kolkata
22-05-2022,71,Kolkata
23-05-2022,96,Kolkata
24-05-2022,75,Kolkata
25-05-2022,82,Kolkata
26-05-2022,87,Kolkata
27-05-2022,121,Kolkata
28-05-2022,130,Kolkata
29-05-2022,91,Kolkata
30-05-2022,83,Kolkata
31-05-2022,76,Kolkata
01-06-2022,91,Kolkata
02-06-2022,74,Kolkata
03-06-2022,78,Kolkata
04-06-2022,86,Kolkata
05-06-2022,76,Kolkata
06-06-2022,70,Kolkata
07-06-2022,73,Kolkata
08-06-2022,71,Kolkata
09-06-2022,78,Kolkata
10-06-2022,69,Kolkata
11-06-2022,70,Kolkata
12-06-2022,66,Kolkata
13-06-2022,62,Kolkata
14-06-2022,95,Kolkata
15-06-2022,55,Kolkata
16-06-2022,62,Kolkata
17-06-2022,49,Kolkata
18-06-2022,44,Kolkata
19-06-2022,39,Kolkata
20-06-2022,39,Kolkata
21-06-2022,58,Kolkata
22-06-2022,51,Kolkata
23-06-2022,43,Kolkata
24-06-2022,43,Kolkata
25-06-2022,45,Kolkata
26-06-2022,33,Kolkata
27-06-2022,35,Kolkata
28-06-2022,40,Kolkata
29-06-2022,43,Kolkata
30-06-2022,42,Kolkata
01-07-2022,52,Kolkata
02-07-2022,46,Kolkata
03-07-2022,43,Kolkata
04-07-2022,42,Kolkata
05-07-2022,36,Kolkata
06-07-2022,32,Kolkata
07-07-2022,36,Kolkata
08-07-2022,37,Kolkata
09-07-2022,35,Kolkata
10-07-2022,39,Kolkata
11-07-2022,35,Kolkata
12-07-2022,33,Kolkata
14-07-2022,35,Kolkata
15-07-2022,35,Kolkata
16-07-2022,37,Kolkata
17-07-2022,34,Kolkata
18-07-2022,36,Kolkata
19-07-2022,45,Kolkata
20-07-2022,51,Kolkata
21-07-2022,49,Kolkata
22-07-2022,42,Kolkata
23-07-2022,41,Kolkata
24-07-2022,40,Kolkata
25-07-2022,37,Kolkata
26-07-2022,43,Kolkata
27-07-2022,40,Kolkata
28-07-2022,40,Kolkata
29-07-2022,45,Kolkata
30-07-2022,47,Kolkata
31-07-2022,49,Kolkata
01-08-2022,52,Kolkata
02-08-2022,63,Kolkata
03-08-2022,57,Kolkata
04-08-2022,41,Kolkata
05-08-2022,36,Kolkata
06-08-2022,37,Kolkata
07-08-2022,34,Kolkata
08-08-2022,30,Kolkata
09-08-2022,32,Kolkata
10-08-2022,32,Kolkata
11-08-2022,32,Kolkata
12-08-2022,44,Kolkata
13-08-2022,52,Kolkata
14-08-2022,32,Kolkata
15-08-2022,33,Kolkata
16-08-2022,52,Kolkata
17-08-2022,69,Kolkata
18-08-2022,89,Kolkata
19-08-2022,46,Kolkata
20-08-2022,38,Kolkata
21-08-2022,44,Kolkata
22-08-2022,54,Kolkata
23-08-2022,63,Kolkata
24-08-2022,42,Kolkata
25-08-2022,44,Kolkata
26-08-2022,57,Kolkata
27-08-2022,65,Kolkata
28-08-2022,56,Kolkata
29-08-2022,44,Kolkata
30-08-2022,43,Kolkata
31-08-2022,44,Kolkata
01-09-2022,38,Kolkata
02-09-2022,37,Kolkata
03-09-2022,40,Kolkata
04-09-2022,61,Kolkata
05-09-2022,59,Kolkata
06-09-2022,57,Kolkata
07-09-2022,73,Kolkata
08-09-2022,47,Kolkata
09-09-2022,59,Kolkata
10-09-2022,44,Kolkata
11-09-2022,38,Kolkata
12-09-2022,35,Kolkata
13-09-2022,37,Kolkata
14-09-2022,39,Kolkata
15-09-2022,43,Kolkata
16-09-2022,53,Kolkata
17-09-2022,56,Kolkata
18-09-2022,48,Kolkata
19-09-2022,46,Kolkata
20-09-2022,33,Kolkata
21-09-2022,37,Kolkata
22-09-2022,42,Kolkata
23-09-2022,48,Kolkata
24-09-2022,50,Kolkata
25-09-2022,43,Kolkata
26-09-2022,42,Kolkata
27-09-2022,50,Kolkata
28-09-2022,73,Kolkata
29-09-2022,87,Kolkata
30-09-2022,79,Kolkata
01-10-2022,98,Kolkata
02-10-2022,55,Kolkata
03-10-2022,45,Kolkata
04-10-2022,36,Kolkata
05-10-2022,40,Kolkata
06-10-2022,35,Kolkata
07-10-2022,39,Kolkata
08-10-2022,55,Kolkata
09-10-2022,43,Kolkata
10-10-2022,42,Kolkata
11-10-2022,31,Kolkata
12-10-2022,34,Kolkata
13-10-2022,47,Kolkata
14-10-2022,58,Kolkata
15-10-2022,76,Kolkata
16-10-2022,78,Kolkata
17-10-2022,87,Kolkata
18-10-2022,101,Kolkata
19-10-2022,83,Kolkata
20-10-2022,107,Kolkata
21-10-2022,112,Kolkata
22-10-2022,99,Kolkata
23-10-2022,101,Kolkata
24-10-2022,55,Kolkata
25-10-2022,47,Kolkata
26-10-2022,81,Kolkata
27-10-2022,107,Kolkata
28-10-2022,167,Kolkata
29-10-2022,157,Kolkata
30-10-2022,126,Kolkata
31-10-2022,102,Kolkata
01-11-2022,115,Kolkata
02-11-2022,105,Kolkata
03-11-2022,104,Kolkata
04-11-2022,176,Kolkata
05-11-2022,196,Kolkata
06-11-2022,152,Kolkata
07-11-2022,140,Kolkata
08-11-2022,152,Kolkata
09-11-2022,158,Kolkata
10-11-2022,167,Kolkata
11-11-2022,137,Kolkata
12-11-2022,214,Kolkata
13-11-2022,233,Kolkata
14-11-2022,205,Kolkata
15-11-2022,223,Kolkata
16-11-2022,237,Kolkata
17-11-2022,271,Kolkata
18-11-2022,229,Kolkata
19-11-2022,131,Kolkata
20-11-2022,186,Kolkata
21-11-2022,150,Kolkata
22-11-2022,165,Kolkata
23-11-2022,250,Kolkata
24-11-2022,238,Kolkata
25-11-2022,238,Kolkata
26-11-2022,252,Kolkata
27-11-2022,241,Kolkata
28-11-2022,234,Kolkata
29-11-2022,179,Kolkata
30-11-2022,182,Kolkata
01-12-2022,189,Kolkata
02-12-2022,230,Kolkata
03-12-2022,262,Kolkata
04-12-2022,278,Kolkata
05-12-2022,264,Kolkata
06-12-2022,232,Kolkata
07-12-2022,270,Kolkata
08-12-2022,295,Kolkata
09-12-2022,282,Kolkata
10-12-2022,280,Kolkata
11-12-2022,282,Kolkata
12-12-2022,307,Kolkata
13-12-2022,314,Kolkata
14-12-2022,305,Kolkata
15-12-2022,271,Kolkata
16-12-2022,201,Kolkata
17-12-2022,251,Kolkata
18-12-2022,303,Kolkata
19-12-2022,283,Kolkata
20-12-2022,283,Kolkata
21-12-2022,295,Kolkata
22-12-2022,300,Kolkata
23-12-2022,274,Kolkata
24-12-2022,278,Kolkata
25-12-2022,194,Kolkata
26-12-2022,85,Kolkata
27-12-2022,97,Kolkata
28-12-2022,215,Kolkata
29-12-2022,217,Kolkata
30-12-2022,252,Kolkata
31-12-2022,284,Kolkata
01-01-2023,261,Kolkata
02-01-2023,221,Kolkata
03-01-2023,236,Kolkata
04-01-2023,213,Kolkata
05-01-2023,233,Kolkata
06-01-2023,247,Kolkata
07-01-2023,269,Kolkata
08-01-2023,311,Kolkata
09-01-2023,292,Kolkata
10-01-2023,242,Kolkata
11-01-2023,270,Kolkata
12-01-2023,272,Kolkata
13-01-2023,238,Kolkata
14-01-2023,100,Kolkata
15-01-2023,181,Kolkata
16-01-2023,162,Kolkata
17-01-2023,182,Kolkata
18-01-2023,204,Kolkata
19-01-2023,213,Kolkata
20-01-2023,257,Kolkata
21-01-2023,302,Kolkata
22-01-2023,297,Kolkata
23-01-2023,242,Kolkata
24-01-2023,244,Kolkata
25-01-2023,220,Kolkata
26-01-2023,208,Kolkata
27-01-2023,189,Kolkata
28-01-2023,147,Kolkata
29-01-2023,140,Kolkata
30-01-2023,156,Kolkata
31-01-2023,226,Kolkata
01-02-2023,168,Kolkata
02-02-2023,110,Kolkata
03-02-2023,130,Kolkata
04-02-2023,187,Kolkata
05-02-2023,172,Kolkata
06-02-2023,177,Kolkata
07-02-2023,101,Kolkata
08-02-2023,85,Kolkata
09-02-2023,121,Kolkata
10-02-2023,187,Kolkata
11-02-2023,134,Kolkata
12-02-2023,109,Kolkata
13-02-2023,119,Kolkata
14-02-2023,139,Kolkata
15-02-2023,201,Kolkata
16-02-2023,200,Kolkata
17-02-2023,153,Kolkata
18-02-2023,101,Kolkata
19-02-2023,90,Kolkata
20-02-2023,83,Kolkata
21-02-2023,77,Kolkata
22-02-2023,110,Kolkata
23-02-2023,78,Kolkata
24-02-2023,87,Kolkata
25-02-2023,111,Kolkata
26-02-2023,155,Kolkata
27-02-2023,105,Kolkata
28-02-2023,119,Kolkata
01-03-2023,113,Kolkata
02-03-2023,90,Kolkata
03-03-2023,129,Kolkata
04-03-2023,140,Kolkata
05-03-2023,154,Kolkata
06-03-2023,128,Kolkata
07-03-2023,112,Kolkata
08-03-2023,110,Kolkata
09-03-2023,105,Kolkata
10-03-2023,133,Kolkata
11-03-2023,128,Kolkata
12-03-2023,143,Kolkata
13-03-2023,139,Kolkata
14-03-2023,119,Kolkata
15-03-2023,111,Kolkata
16-03-2023,85,Kolkata
17-03-2023,74,Kolkata
18-03-2023,129,Kolkata
19-03-2023,71,Kolkata
20-03-2023,37,Kolkata
21-03-2023,45,Kolkata
22-03-2023,97,Kolkata
23-03-2023,72,Kolkata
24-03-2023,72,Kolkata
25-03-2023,57,Kolkata
26-03-2023,53,Kolkata
27-03-2023,66,Kolkata
28-03-2023,118,Kolkata
29-03-2023,55,Kolkata
30-03-2023,50,Kolkata
31-03-2023,54,Kolkata
01-04-2023,52,Kolkata
02-04-2023,54,Kolkata
03-04-2023,102,Kolkata
04-04-2023,59,Kolkata
05-04-2023,74,Kolkata
06-04-2023,111,Kolkata
07-04-2023,107,Kolkata
08-04-2023,134,Kolkata
09-04-2023,131,Kolkata
10-04-2023,134,Kolkata
11-04-2023,159,Kolkata
12-04-2023,126,Kolkata
13-04-2023,131,Kolkata
14-04-2023,122,Kolkata
15-04-2023,127,Kolkata
16-04-2023,106,Kolkata
17-04-2023,109,Kolkata
18-04-2023,102,Kolkata
19-04-2023,83,Kolkata
20-04-2023,90,Kolkata
21-04-2023,89,Kolkata
22-04-2023,105,Kolkata
23-04-2023,78,Kolkata
24-04-2023,57,Kolkata
25-04-2023,75,Kolkata
26-04-2023,89,Kolkata
27-04-2023,60,Kolkata
28-04-2023,61,Kolkata
29-04-2023,68,Kolkata
30-04-2023,62,Kolkata
01-05-2023,59,Kolkata
02-05-2023,68,Kolkata
03-05-2023,51,Kolkata
04-05-2023,52,Kolkata
05-05-2023,54,Kolkata
06-05-2023,86,Kolkata
07-05-2023,96,Kolkata
08-05-2023,78,Kolkata
09-05-2023,90,Kolkata
10-05-2023,77,Kolkata
11-05-2023,56,Kolkata
12-05-2023,58,Kolkata
13-05-2023,50,Kolkata
14-05-2023,65,Kolkata
15-05-2023,69,Kolkata
16-05-2023,67,Kolkata
17-05-2023,64,Kolkata
18-05-2023,53,Kolkata
19-05-2023,52,Kolkata
20-05-2023,55,Kolkata
21-05-2023,60,Kolkata
22-05-2023,54,Kolkata
23-05-2023,94,Kolkata
24-05-2023,52,Kolkata
25-05-2023,61,Kolkata
26-05-2023,50,Kolkata
27-05-2023,50,Kolkata
28-05-2023,67,Kolkata
29-05-2023,70,Kolkata
30-05-2023,86,Kolkata
31-05-2023,83,Kolkata
01-06-2023,77,Kolkata
02-06-2023,87,Kolkata
03-06-2023,79,Kolkata
04-06-2023,77,Kolkata
05-06-2023,72,Kolkata
06-06-2023,86,Kolkata
07-06-2023,78,Kolkata
08-06-2023,76,Kolkata
09-06-2023,61,Kolkata
10-06-2023,58,Kolkata
11-06-2023,73,Kolkata
12-06-2023,61,Kolkata
13-06-2023,67,Kolkata
14-06-2023,69,Kolkata
15-06-2023,65,Kolkata
16-06-2023,67,Kolkata
17-06-2023,62,Kolkata
18-06-2023,57,Kolkata
19-06-2023,45,Kolkata
20-06-2023,50,Kolkata
21-06-2023,43,Kolkata
22-06-2023,42,Kolkata
23-06-2023,36,Kolkata
24-06-2023,36,Kolkata
25-06-2023,38,Kolkata
26-06-2023,38,Kolkata
27-06-2023,32,Kolkata
28-06-2023,27,Kolkata
29-06-2023,32,Kolkata
30-06-2023,51,Kolkata
01-07-2023,43,Kolkata
02-07-2023,48,Kolkata
03-07-2023,47,Kolkata
04-07-2023,50,Kolkata
05-07-2023,30,Kolkata
06-07-2023,29,Kolkata
07-07-2023,51,Kolkata
08-07-2023,40,Kolkata
09-07-2023,40,Kolkata
10-07-2023,46,Kolkata
11-07-2023,41,Kolkata
12-07-2023,32,Kolkata
13-07-2023,35,Kolkata
14-07-2023,38,Kolkata
15-07-2023,44,Kolkata
16-07-2023,31,Kolkata
17-07-2023,34,Kolkata
18-07-2023,30,Kolkata
19-07-2023,30,Kolkata
20-07-2023,32,Kolkata
21-07-2023,33,Kolkata
22-07-2023,32,Kolkata
23-07-2023,33,Kolkata
24-07-2023,32,Kolkata
25-07-2023,33,Kolkata
26-07-2023,32,Kolkata
27-07-2023,32,Kolkata
28-07-2023,34,Kolkata
29-07-2023,32,Kolkata
30-07-2023,40,Kolkata
31-07-2023,46,Kolkata
01-08-2023,42,Kolkata
02-08-2023,37,Kolkata
03-08-2023,38,Kolkata
04-08-2023,49,Kolkata
05-08-2023,48,Kolkata
06-08-2023,49,Kolkata
07-08-2023,48,Kolkata
08-08-2023,46,Kolkata
09-08-2023,70,Kolkata
10-08-2023,94,Kolkata
11-08-2023,91,Kolkata
12-08-2023,62,Kolkata
13-08-2023,54,Kolkata
14-08-2023,64,Kolkata
15-08-2023,77,Kolkata
16-08-2023,71,Kolkata
17-08-2023,58,Kolkata
18-08-2023,43,Kolkata
19-08-2023,34,Kolkata
20-08-2023,50,Kolkata
21-08-2023,62,Kolkata
22-08-2023,49,Kolkata
23-08-2023,52,Kolkata
24-08-2023,38,Kolkata
25-08-2023,42,Kolkata
26-08-2023,50,Kolkata
27-08-2023,78,Kolkata
28-08-2023,126,Kolkata
29-08-2023,180,Kolkata
30-08-2023,139,Kolkata
31-08-2023,135,Kolkata
01-09-2023,104,Kolkata
02-09-2023,106,Kolkata
03-09-2023,65,Kolkata
04-09-2023,42,Kolkata
05-09-2023,33,Kolkata
06-09-2023,30,Kolkata
07-09-2023,30,Kolkata
08-09-2023,29,Kolkata
09-09-2023,34,Kolkata
10-09-2023,41,Kolkata
11-09-2023,39,Kolkata
12-09-2023,59,Kolkata
13-09-2023,40,Kolkata
14-09-2023,31,Kolkata
15-09-2023,31,Kolkata
16-09-2023,36,Kolkata
17-09-2023,40,Kolkata
18-09-2023,42,Kolkata
19-09-2023,29,Kolkata
20-09-2023,28,Kolkata
21-09-2023,30,Kolkata
22-09-2023,38,Kolkata
23-09-2023,34,Kolkata
24-09-2023,35,Kolkata
25-09-2023,39,Kolkata
26-09-2023,39,Kolkata
27-09-2023,43,Kolkata
28-09-2023,61,Kolkata
29-09-2023,99,Kolkata
30-09-2023,52,Kolkata
01-10-2023,31,Kolkata
02-10-2023,39,Kolkata
03-10-2023,31,Kolkata
04-10-2023,32,Kolkata
05-10-2023,43,Kolkata
06-10-2023,63,Kolkata
07-10-2023,76,Kolkata
08-10-2023,89,Kolkata
09-10-2023,80,Kolkata
10-10-2023,138,Kolkata
11-10-2023,139,Kolkata
12-10-2023,166,Kolkata
13-10-2023,130,Kolkata
14-10-2023,121,Kolkata
15-10-2023,125,Kolkata
16-10-2023,135,Kolkata
17-10-2023,175,Kolkata
18-10-2023,166,Kolkata
19-10-2023,106,Kolkata
20-10-2023,89,Kolkata
21-10-2023,96,Kolkata
22-10-2023,85,Kolkata
23-10-2023,107,Kolkata
24-10-2023,70,Kolkata
25-10-2023,55,Kolkata
26-10-2023,87,Kolkata
27-10-2023,100,Kolkata
28-10-2023,140,Kolkata
29-10-2023,180,Kolkata
30-10-2023,123,Kolkata
31-10-2023,142,Kolkata
01-11-2023,110,Kolkata
02-11-2023,109,Kolkata
03-11-2023,184,Kolkata
04-11-2023,102,Kolkata
05-11-2023,133,Kolkata
06-11-2023,127,Kolkata
07-11-2023,203,Kolkata
08-11-2023,211,Kolkata
09-11-2023,261,Kolkata
10-11-2023,282,Kolkata
11-11-2023,269,Kolkata
12-11-2023,248,Kolkata
13-11-2023,218,Kolkata
14-11-2023,135,Kolkata
15-11-2023,102,Kolkata
16-11-2023,87,Kolkata
17-11-2023,50,Kolkata
18-11-2023,44,Kolkata
19-11-2023,76,Kolkata
20-11-2023,96,Kolkata
21-11-2023,127,Kolkata
22-11-2023,194,Kolkata
23-11-2023,264,Kolkata
24-11-2023,268,Kolkata
25-11-2023,211,Kolkata
26-11-2023,159,Kolkata
27-11-2023,168,Kolkata
28-11-2023,129,Kolkata
29-11-2023,150,Kolkata
30-11-2023,224,Kolkata
01-12-2023,116,Kolkata
02-12-2023,103,Kolkata
03-12-2023,188,Kolkata
04-12-2023,159,Kolkata
05-12-2023,147,Kolkata
06-12-2023,74,Kolkata
07-12-2023,68,Kolkata
08-12-2023,37,Kolkata
09-12-2023,94,Kolkata
10-12-2023,177,Kolkata
11-12-2023,162,Kolkata
12-12-2023,199,Kolkata
13-12-2023,190,Kolkata
14-12-2023,210,Kolkata
15-12-2023,241,Kolkata
16-12-2023,242,Kolkata
17-12-2023,248,Kolkata
18-12-2023,245,Kolkata
19-12-2023,209,Kolkata
20-12-2023,236,Kolkata
21-12-2023,155,Kolkata
22-12-2023,199,Kolkata
23-12-2023,216,Kolkata
24-12-2023,172,Kolkata
25-12-2023,206,Kolkata
26-12-2023,205,Kolkata
27-12-2023,205,Kolkata
28-12-2023,198,Kolkata
29-12-2023,198,Kolkata
30-12-2023,191,Kolkata
31-12-2023,170,Kolkata
01-01-2024,180,Kolkata
02-01-2024,204,Kolkata
03-01-2024,166,Kolkata
04-01-2024,161,Kolkata
05-01-2024,241,Kolkata
06-01-2024,213,Kolkata
07-01-2024,234,Kolkata
08-01-2024,259,Kolkata
09-01-2024,250,Kolkata
10-01-2024,244,Kolkata
11-01-2024,239,Kolkata
12-01-2024,204,Kolkata
13-01-2024,252,Kolkata
14-01-2024,272,Kolkata
15-01-2024,278,Kolkata
16-01-2024,264,Kolkata
17-01-2024,227,Kolkata
18-01-2024,202,Kolkata
19-01-2024,175,Kolkata
20-01-2024,230,Kolkata
21-01-2024,289,Kolkata
22-01-2024,281,Kolkata
23-01-2024,259,Kolkata
24-01-2024,256,Kolkata
25-01-2024,216,Kolkata
26-01-2024,262,Kolkata
27-01-2024,213,Kolkata
28-01-2024,206,Kolkata
29-01-2024,209,Kolkata
30-01-2024,187,Kolkata
31-01-2024,100,Kolkata
01-02-2024,102,Kolkata
02-02-2024,128,Kolkata
03-02-2024,140,Kolkata
04-02-2024,176,Kolkata
05-02-2024,156,Kolkata
06-02-2024,131,Kolkata
07-02-2024,148,Kolkata
08-02-2024,111,Kolkata
09-02-2024,107,Kolkata
10-02-2024,136,Kolkata
11-02-2024,211,Kolkata
12-02-2024,228,Kolkata
13-02-2024,221,Kolkata
14-02-2024,222,Kolkata
15-02-2024,187,Kolkata
16-02-2024,147,Kolkata
17-02-2024,225,Kolkata
18-02-2024,165,Kolkata
19-02-2024,97,Kolkata
20-02-2024,91,Kolkata
21-02-2024,84,Kolkata
22-02-2024,119,Kolkata
23-02-2024,106,Kolkata
24-02-2024,99,Kolkata
25-02-2024,100,Kolkata
26-02-2024,86,Kolkata
27-02-2024,127,Kolkata
28-02-2024,127,Kolkata
29-02-2024,155,Kolkata
01-03-2024,134,Kolkata
02-03-2024,140,Kolkata
03-03-2024,119,Kolkata
04-03-2024,123,Kolkata
05-03-2024,96,Kolkata
06-03-2024,106,Kolkata
07-03-2024,114,Kolkata
08-03-2024,129,Kolkata
09-03-2024,134,Kolkata
10-03-2024,134,Kolkata
11-03-2024,117,Kolkata
12-03-2024,98,Kolkata
13-03-2024,88,Kolkata
14-03-2024,66,Kolkata
15-03-2024,85,Kolkata
16-03-2024,70,Kolkata
17-03-2024,66,Kolkata
18-03-2024,87,Kolkata
19-03-2024,96,Kolkata
20-03-2024,59,Kolkata
21-03-2024,56,Kolkata
22-03-2024,81,Kolkata
23-03-2024,99,Kolkata
24-03-2024,71,Kolkata
25-03-2024,66,Kolkata
26-03-2024,59,Kolkata
27-03-2024,60,Kolkata
28-03-2024,71,Kolkata
29-03-2024,82,Kolkata
30-03-2024,68,Kolkata
31-03-2024,76,Kolkata
01-04-2024,106,Kolkata
02-04-2024,105,Kolkata
03-04-2024,111,Kolkata
04-04-2024,79,Kolkata
05-04-2024,68,Kolkata
06-04-2024,95,Kolkata
07-04-2024,72,Kolkata
08-04-2024,73,Kolkata
09-04-2024,80,Kolkata
10-04-2024,120,Kolkata
11-04-2024,148,Kolkata
12-04-2024,96,Kolkata
13-04-2024,106,Kolkata
14-04-2024,100,Kolkata
15-04-2024,96,Kolkata
16-04-2024,76,Kolkata
17-04-2024,95,Kolkata
18-04-2024,98,Kolkata
19-04-2024,108,Kolkata
20-04-2024,92,Kolkata
21-04-2024,96,Kolkata
22-04-2024,97,Kolkata
23-04-2024,96,Kolkata
24-04-2024,93,Kolkata
25-04-2024,119,Kolkata
26-04-2024,82,Kolkata
27-04-2024,111,Kolkata
28-04-2024,90,Kolkata
29-04-2024,128,Kolkata
30-04-2024,110,Kolkata
01-05-2024,150,Kolkata
02-05-2024,90,Kolkata
03-05-2024,91,Kolkata
04-05-2024,84,Kolkata
05-05-2024,64,Kolkata
06-05-2024,70,Kolkata
07-05-2024,56,Kolkata
08-05-2024,48,Kolkata
09-05-2024,41,Kolkata
10-05-2024,50,Kolkata
11-05-2024,43,Kolkata
12-05-2024,53,Kolkata
13-05-2024,55,Kolkata
14-05-2024,58,Kolkata
15-05-2024,60,Kolkata
16-05-2024,50,Kolkata
17-05-2024,49,Kolkata
18-05-2024,57,Kolkata
19-05-2024,58,Kolkata
20-05-2024,41,Kolkata
21-05-2024,42,Kolkata
22-05-2024,35,Kolkata
23-05-2024,46,Kolkata
24-05-2024,56,Kolkata
25-05-2024,53,Kolkata
26-05-2024,42,Kolkata
27-05-2024,26,Kolkata
28-05-2024,54,Kolkata
29-05-2024,75,Kolkata
30-05-2024,72,Kolkata
31-05-2024,53,Kolkata
01-06-2024,56,Kolkata
02-06-2024,53,Kolkata
03-06-2024,63,Kolkata
04-06-2024,60,Kolkata
05-06-2024,68,Kolkata
06-06-2024,76,Kolkata
07-06-2024,71,Kolkata
08-06-2024,61,Kolkata
09-06-2024,63,Kolkata
10-06-2024,63,Kolkata
11-06-2024,51,Kolkata
12-06-2024,50,Kolkata
13-06-2024,55,Kolkata
14-06-2024,61,Kolkata
15-06-2024,72,Kolkata
16-06-2024,61,Kolkata
17-06-2024,59,Kolkata
18-06-2024,65,Kolkata
19-06-2024,63,Kolkata
20-06-2024,47,Kolkata
21-06-2024,42,Kolkata
22-06-2024,40,Kolkata
23-06-2024,35,Kolkata
24-06-2024,38,Kolkata
25-06-2024,46,Kolkata
26-06-2024,41,Kolkata
27-06-2024,32,Kolkata
28-06-2024,32,Kolkata
29-06-2024,35,Kolkata
30-06-2024,42,Kolkata
01-07-2024,52,Kolkata
02-07-2024,45,Kolkata
03-07-2024,41,Kolkata
04-07-2024,44,Kolkata
05-07-2024,50,Kolkata
06-07-2024,50,Kolkata
07-07-2024,39,Kolkata
08-07-2024,41,Kolkata
09-07-2024,40,Kolkata
10-07-2024,43,Kolkata
11-07-2024,49,Kolkata
12-07-2024,51,Kolkata
13-07-2024,46,Kolkata
14-07-2024,50,Kolkata
15-07-2024,34,Kolkata
16-07-2024,33,Kolkata
17-07-2024,37,Kolkata
18-07-2024,35,Kolkata
19-07-2024,34,Kolkata
20-07-2024,33,Kolkata
21-07-2024,35,Kolkata
22-07-2024,35,Kolkata
23-07-2024,33,Kolkata
24-07-2024,40,Kolkata
25-07-2024,54,Kolkata
26-07-2024,55,Kolkata
27-07-2024,42,Kolkata
28-07-2024,42,Kolkata
29-07-2024,40,Kolkata
30-07-2024,47,Kolkata
31-07-2024,52,Kolkata
01-08-2024,54,Kolkata
02-08-2024,42,Kolkata
03-08-2024,42,Kolkata
04-08-2024,45,Kolkata
05-08-2024,47,Kolkata
06-08-2024,50,Kolkata
07-08-2024,43,Kolkata
08-08-2024,40,Kolkata
09-08-2024,43,Kolkata
10-08-2024,45,Kolkata
11-08-2024,53,Kolkata
12-08-2024,59,Kolkata
13-08-2024,49,Kolkata
14-08-2024,61,Kolkata
15-08-2024,73,Kolkata
16-08-2024,50,Kolkata
17-08-2024,63,Kolkata
18-08-2024,50,Kolkata
19-08-2024,45,Kolkata
20-08-2024,63,Kolkata
21-08-2024,58,Kolkata
22-08-2024,62,Kolkata
23-08-2024,56,Kolkata
24-08-2024,43,Kolkata
25-08-2024,54,Kolkata
26-08-2024,82,Kolkata
27-08-2024,35,Kolkata
28-08-2024,37,Kolkata
29-08-2024,37,Kolkata
30-08-2024,46,Kolkata
31-08-2024,35,Kolkata
01-09-2024,38,Kolkata
02-09-2024,38,Kolkata
03-09-2024,45,Kolkata
04-09-2024,49,Kolkata
05-09-2024,50,Kolkata
06-09-2024,47,Kolkata
07-09-2024,57,Kolkata
08-09-2024,66,Kolkata
09-09-2024,40,Kolkata
10-09-2024,43,Kolkata
11-09-2024,48,Kolkata
12-09-2024,66,Kolkata
13-09-2024,82,Kolkata
14-09-2024,52,Kolkata
15-09-2024,46,Kolkata
16-09-2024,47,Kolkata
17-09-2024,56,Kolkata
18-09-2024,52,Kolkata
19-09-2024,87,Kolkata
20-09-2024,106,Kolkata
21-09-2024,88,Kolkata
22-09-2024,68,Kolkata
23-09-2024,95,Kolkata
24-09-2024,46,Kolkata
25-09-2024,37,Kolkata
26-09-2024,36,Kolkata
27-09-2024,34,Kolkata
28-09-2024,42,Kolkata
29-09-2024,44,Kolkata
30-09-2024,58,Kolkata
01-10-2024,85,Kolkata
02-10-2024,87,Kolkata
03-10-2024,100,Kolkata
04-10-2024,73,Kolkata
05-10-2024,69,Kolkata
06-10-2024,68,Kolkata
07-10-2024,54,Kolkata
08-10-2024,47,Kolkata
09-10-2024,50,Kolkata
10-10-2024,42,Kolkata
11-10-2024,48,Kolkata
12-10-2024,45,Kolkata
13-10-2024,59,Kolkata
14-10-2024,134,Kolkata
15-10-2024,177,Kolkata
16-10-2024,142,Kolkata
17-10-2024,83,Kolkata
18-10-2024,66,Kolkata
19-10-2024,53,Kolkata
20-10-2024,87,Kolkata
21-10-2024,120,Kolkata
22-10-2024,100,Kolkata
23-10-2024,89,Kolkata
24-10-2024,43,Kolkata
25-10-2024,44,Kolkata
26-10-2024,55,Kolkata
27-10-2024,71,Kolkata
28-10-2024,69,Kolkata
29-10-2024,78,Kolkata
30-10-2024,70,Kolkata
31-10-2024,57,Kolkata
01-11-2024,155,Kolkata
02-11-2024,242,Kolkata
03-11-2024,178,Kolkata
04-11-2024,159,Kolkata
05-11-2024,150,Kolkata
06-11-2024,110,Kolkata
07-11-2024,102,Kolkata
08-11-2024,102,Kolkata
09-11-2024,96,Kolkata
10-11-2024,87,Kolkata
11-11-2024,90,Kolkata
12-11-2024,100,Kolkata
13-11-2024,103,Kolkata
14-11-2024,204,Kolkata
15-11-2024,222,Kolkata
16-11-2024,172,Kolkata
17-11-2024,202,Kolkata
18-11-2024,178,Kolkata
19-11-2024,178,Kolkata
20-11-2024,173,Kolkata
21-11-2024,151,Kolkata
22-11-2024,164,Kolkata
23-11-2024,213,Kolkata
24-11-2024,220,Kolkata
25-11-2024,208,Kolkata
26-11-2024,262,Kolkata
27-11-2024,224,Kolkata
28-11-2024,124,Kolkata
29-11-2024,93,Kolkata
30-11-2024,104,Kolkata
01-12-2024,85,Kolkata
02-12-2024,104,Kolkata
03-12-2024,191,Kolkata
04-12-2024,201,Kolkata
05-12-2024,260,Kolkata
06-12-2024,159,Kolkata
07-12-2024,129,Kolkata
08-12-2024,142,Kolkata
09-12-2024,167,Kolkata
10-12-2024,169,Kolkata
11-12-2024,161,Kolkata
12-12-2024,175,Kolkata
13-12-2024,165,Kolkata
14-12-2024,185,Kolkata
15-12-2024,157,Kolkata
16-12-2024,190,Kolkata
17-12-2024,207,Kolkata
18-12-2024,191,Kolkata
19-12-2024,153,Kolkata
20-12-2024,174,Kolkata
21-12-2024,136,Kolkata
22-12-2024,81,Kolkata
23-12-2024,120,Kolkata
24-12-2024,126,Kolkata
25-12-2024,138,Kolkata
26-12-2024,150,Kolkata
27-12-2024,144,Kolkata
28-12-2024,178,Kolkata
29-12-2024,196,Kolkata
30-12-2024,159,Kolkata
31-12-2024,124,Kolkata
01-01-2025,120,Kolkata
02-01-2025,141,Kolkata
03-01-2025,181,Kolkata
04-01-2025,231,Kolkata
05-01-2025,201,Kolkata
06-01-2025,179,Kolkata
07-01-2025,179,Kolkata
08-01-2025,162,Kolkata
09-01-2025,110,Kolkata
10-01-2025,188,Kolkata
11-01-2025,223,Kolkata
12-01-2025,241,Kolkata
13-01-2025,220,Kolkata
14-01-2025,232,Kolkata
15-01-2025,192,Kolkata
16-01-2025,147,Kolkata
17-01-2025,153,Kolkata
18-01-2025,153,Kolkata
19-01-2025,160,Kolkata
20-01-2025,147,Kolkata
21-01-2025,175,Kolkata
22-01-2025,169,Kolkata
23-01-2025,205,Kolkata
24-01-2025,181,Kolkata
25-01-2025,188,Kolkata
26-01-2025,162,Kolkata
27-01-2025,167,Kolkata
28-01-2025,189,Kolkata
29-01-2025,123,Kolkata
30-01-2025,106,Kolkata
31-01-2025,96,Kolkata
01-02-2025,84,Kolkata
02-02-2025,118,Kolkata
03-02-2025,180,Kolkata
04-02-2025,132,Kolkata
05-02-2025,159,Kolkata
06-02-2025,124,Kolkata
07-02-2025,124,Kolkata
08-02-2025,141,Kolkata
09-02-2025,139,Kolkata
10-02-2025,158,Kolkata
11-02-2025,98,Kolkata
12-02-2025,97,Kolkata
13-02-2025,100,Kolkata
14-02-2025,144,Kolkata
15-02-2025,152,Kolkata
16-02-2025,122,Kolkata
17-02-2025,88,Kolkata
18-02-2025,68,Kolkata
19-02-2025,90,Kolkata
20-02-2025,75,Kolkata
21-02-2025,69,Kolkata
22-02-2025,85,Kolkata
23-02-2025,90,Kolkata
24-02-2025,106,Kolkata
25-02-2025,121,Kolkata
26-02-2025,129,Kolkata
27-02-2025,161,Kolkata
28-02-2025,129,Kolkata
01-03-2025,106,Kolkata
02-03-2025,87,Kolkata
03-03-2025,99,Kolkata
04-03-2025,96,Kolkata
05-03-2025,112,Kolkata
06-03-2025,116,Kolkata
07-03-2025,120,Kolkata
08-03-2025,126,Kolkata
09-03-2025,90,Kolkata
10-03-2025,99,Kolkata
11-03-2025,93,Kolkata
12-03-2025,91,Kolkata
13-03-2025,84,Kolkata
14-03-2025,81,Kolkata
15-03-2025,73,Kolkata
16-03-2025,65,Kolkata
17-03-2025,71,Kolkata
18-03-2025,76,Kolkata
19-03-2025,118,Kolkata
20-03-2025,67,Kolkata
21-03-2025,92,Kolkata
22-03-2025,51,Kolkata
23-03-2025,75,Kolkata
24-03-2025,114,Kolkata
25-03-2025,135,Kolkata
26-03-2025,91,Kolkata
27-03-2025,76,Kolkata
28-03-2025,103,Kolkata
29-03-2025,128,Kolkata
30-03-2025,109,Kolkata
31-03-2025,78,Kolkata
01-01-2019,194,Mumbai
02-01-2019,180,Mumbai
03-01-2019,267,Mumbai
04-01-2019,223,Mumbai
05-01-2019,178,Mumbai
06-01-2019,192,Mumbai
07-01-2019,146,Mumbai
08-01-2019,161,Mumbai
09-01-2019,154,Mumbai
10-01-2019,219,Mumbai
11-01-2019,212,Mumbai
12-01-2019,200,Mumbai
13-01-2019,206,Mumbai
14-01-2019,163,Mumbai
15-01-2019,163,Mumbai
16-01-2019,163,Mumbai
17-01-2019,193,Mumbai
18-01-2019,207,Mumbai
19-01-2019,202,Mumbai
20-01-2019,251,Mumbai
21-01-2019,137,Mumbai
22-01-2019,108,Mumbai
23-01-2019,93,Mumbai
24-01-2019,134,Mumbai
25-01-2019,123,Mumbai
26-01-2019,115,Mumbai
27-01-2019,110,Mumbai
28-01-2019,110,Mumbai
29-01-2019,118,Mumbai
30-01-2019,156,Mumbai
31-01-2019,153,Mumbai
01-02-2019,153,Mumbai
02-02-2019,158,Mumbai
03-02-2019,204,Mumbai
04-02-2019,197,Mumbai
05-02-2019,159,Mumbai
06-02-2019,153,Mumbai
07-02-2019,90,Mumbai
08-02-2019,162,Mumbai
09-02-2019,159,Mumbai
10-02-2019,187,Mumbai
11-02-2019,225,Mumbai
12-02-2019,219,Mumbai
13-02-2019,175,Mumbai
14-02-2019,97,Mumbai
15-02-2019,108,Mumbai
16-02-2019,124,Mumbai
17-02-2019,173,Mumbai
18-02-2019,133,Mumbai
19-02-2019,166,Mumbai
20-02-2019,156,Mumbai
21-02-2019,90,Mumbai
22-02-2019,83,Mumbai
23-02-2019,173,Mumbai
24-02-2019,124,Mumbai
25-02-2019,103,Mumbai
26-02-2019,115,Mumbai
27-02-2019,104,Mumbai
02-03-2019,207,Mumbai
03-03-2019,84,Mumbai
04-03-2019,83,Mumbai
05-03-2019,113,Mumbai
06-03-2019,101,Mumbai
07-03-2019,96,Mumbai
08-03-2019,102,Mumbai
09-03-2019,189,Mumbai
10-03-2019,144,Mumbai
11-03-2019,120,Mumbai
12-03-2019,92,Mumbai
13-03-2019,151,Mumbai
14-03-2019,95,Mumbai
15-03-2019,162,Mumbai
16-03-2019,174,Mumbai
17-03-2019,126,Mumbai
18-03-2019,125,Mumbai
19-03-2019,137,Mumbai
20-03-2019,89,Mumbai
21-03-2019,82,Mumbai
22-03-2019,74,Mumbai
23-03-2019,87,Mumbai
24-03-2019,168,Mumbai
25-03-2019,165,Mumbai
26-03-2019,138,Mumbai
27-03-2019,122,Mumbai
28-03-2019,105,Mumbai
29-03-2019,91,Mumbai
30-03-2019,99,Mumbai
31-03-2019,80,Mumbai
01-04-2019,90,Mumbai
03-04-2019,99,Mumbai
04-04-2019,88,Mumbai
05-04-2019,91,Mumbai
06-04-2019,91,Mumbai
07-04-2019,93,Mumbai
08-04-2019,93,Mumbai
09-04-2019,90,Mumbai
10-04-2019,93,Mumbai
11-04-2019,89,Mumbai
12-04-2019,93,Mumbai
13-04-2019,100,Mumbai
14-04-2019,95,Mumbai
15-04-2019,92,Mumbai
16-04-2019,95,Mumbai
17-04-2019,85,Mumbai
18-04-2019,94,Mumbai
19-04-2019,94,Mumbai
20-04-2019,97,Mumbai
21-04-2019,95,Mumbai
22-04-2019,97,Mumbai
23-04-2019,98,Mumbai
24-04-2019,90,Mumbai
25-04-2019,88,Mumbai
26-04-2019,92,Mumbai
27-04-2019,96,Mumbai
28-04-2019,99,Mumbai
29-04-2019,93,Mumbai
30-04-2019,93,Mumbai
01-05-2019,88,Mumbai
02-05-2019,109,Mumbai
03-05-2019,90,Mumbai
04-05-2019,89,Mumbai
05-05-2019,88,Mumbai
06-05-2019,93,Mumbai
07-05-2019,94,Mumbai
08-05-2019,88,Mumbai
09-05-2019,89,Mumbai
10-05-2019,87,Mumbai
11-05-2019,92,Mumbai
12-05-2019,93,Mumbai
13-05-2019,90,Mumbai
14-05-2019,91,Mumbai
15-05-2019,82,Mumbai
16-05-2019,77,Mumbai
17-05-2019,78,Mumbai
18-05-2019,80,Mumbai
19-05-2019,79,Mumbai
20-05-2019,83,Mumbai
21-05-2019,90,Mumbai
22-05-2019,87,Mumbai
23-05-2019,90,Mumbai
24-05-2019,89,Mumbai
25-05-2019,71,Mumbai
26-05-2019,68,Mumbai
27-05-2019,86,Mumbai
28-05-2019,88,Mumbai
29-05-2019,90,Mumbai
30-05-2019,69,Mumbai
31-05-2019,71,Mumbai
01-06-2019,79,Mumbai
02-06-2019,79,Mumbai
03-06-2019,78,Mumbai
04-06-2019,58,Mumbai
05-06-2019,59,Mumbai
06-06-2019,60,Mumbai
07-06-2019,70,Mumbai
08-06-2019,72,Mumbai
09-06-2019,87,Mumbai
10-06-2019,81,Mumbai
11-06-2019,62,Mumbai
12-06-2019,61,Mumbai
13-06-2019,52,Mumbai
14-06-2019,70,Mumbai
15-06-2019,51,Mumbai
16-06-2019,56,Mumbai
17-06-2019,59,Mumbai
18-06-2019,65,Mumbai
19-06-2019,51,Mumbai
20-06-2019,84,Mumbai
21-06-2019,79,Mumbai
22-06-2019,88,Mumbai
23-06-2019,88,Mumbai
24-06-2019,90,Mumbai
25-06-2019,60,Mumbai
26-06-2019,59,Mumbai
27-06-2019,44,Mumbai
28-06-2019,42,Mumbai
29-06-2019,44,Mumbai
30-06-2019,48,Mumbai
01-07-2019,42,Mumbai
02-07-2019,46,Mumbai
03-07-2019,41,Mumbai
04-07-2019,46,Mumbai
05-07-2019,55,Mumbai
06-07-2019,52,Mumbai
07-07-2019,63,Mumbai
08-07-2019,51,Mumbai
09-07-2019,53,Mumbai
10-07-2019,42,Mumbai
11-07-2019,52,Mumbai
12-07-2019,53,Mumbai
13-07-2019,55,Mumbai
14-07-2019,50,Mumbai
15-07-2019,58,Mumbai
16-07-2019,58,Mumbai
17-07-2019,63,Mumbai
18-07-2019,67,Mumbai
19-07-2019,77,Mumbai
20-07-2019,74,Mumbai
21-07-2019,57,Mumbai
22-07-2019,44,Mumbai
23-07-2019,40,Mumbai
24-07-2019,34,Mumbai
25-07-2019,38,Mumbai
26-07-2019,46,Mumbai
27-07-2019,50,Mumbai
28-07-2019,56,Mumbai
29-07-2019,67,Mumbai
30-07-2019,44,Mumbai
31-07-2019,43,Mumbai
01-08-2019,46,Mumbai
02-08-2019,44,Mumbai
03-08-2019,37,Mumbai
04-08-2019,41,Mumbai
05-08-2019,44,Mumbai
06-08-2019,51,Mumbai
07-08-2019,54,Mumbai
08-08-2019,69,Mumbai
09-08-2019,72,Mumbai
10-08-2019,68,Mumbai
11-08-2019,70,Mumbai
12-08-2019,65,Mumbai
13-08-2019,56,Mumbai
14-08-2019,62,Mumbai
15-08-2019,61,Mumbai
16-08-2019,52,Mumbai
17-08-2019,69,Mumbai
18-08-2019,60,Mumbai
19-08-2019,61,Mumbai
20-08-2019,67,Mumbai
21-08-2019,60,Mumbai
22-08-2019,57,Mumbai
23-08-2019,59,Mumbai
24-08-2019,59,Mumbai
25-08-2019,56,Mumbai
26-08-2019,69,Mumbai
27-08-2019,61,Mumbai
28-08-2019,45,Mumbai
29-08-2019,50,Mumbai
30-08-2019,49,Mumbai
31-08-2019,50,Mumbai
01-09-2019,43,Mumbai
02-09-2019,54,Mumbai
03-09-2019,39,Mumbai
04-09-2019,36,Mumbai
05-09-2019,36,Mumbai
06-09-2019,37,Mumbai
07-09-2019,41,Mumbai
08-09-2019,39,Mumbai
09-09-2019,45,Mumbai
10-09-2019,46,Mumbai
11-09-2019,50,Mumbai
12-09-2019,47,Mumbai
13-09-2019,39,Mumbai
14-09-2019,49,Mumbai
15-09-2019,46,Mumbai
16-09-2019,44,Mumbai
17-09-2019,44,Mumbai
18-09-2019,50,Mumbai
19-09-2019,66,Mumbai
20-09-2019,66,Mumbai
21-09-2019,40,Mumbai
22-09-2019,45,Mumbai
23-09-2019,58,Mumbai
24-09-2019,60,Mumbai
25-09-2019,44,Mumbai
26-09-2019,54,Mumbai
27-09-2019,32,Mumbai
28-09-2019,29,Mumbai
29-09-2019,33,Mumbai
30-09-2019,28,Mumbai
01-10-2019,37,Mumbai
02-10-2019,60,Mumbai
03-10-2019,55,Mumbai
04-10-2019,62,Mumbai
05-10-2019,82,Mumbai
06-10-2019,102,Mumbai
07-10-2019,91,Mumbai
08-10-2019,124,Mumbai
09-10-2019,64,Mumbai
10-10-2019,88,Mumbai
11-10-2019,106,Mumbai
12-10-2019,116,Mumbai
13-10-2019,109,Mumbai
14-10-2019,116,Mumbai
15-10-2019,106,Mumbai
16-10-2019,106,Mumbai
17-10-2019,146,Mumbai
18-10-2019,142,Mumbai
19-10-2019,69,Mumbai
20-10-2019,46,Mumbai
21-10-2019,50,Mumbai
22-10-2019,56,Mumbai
23-10-2019,50,Mumbai
24-10-2019,71,Mumbai
25-10-2019,62,Mumbai
26-10-2019,56,Mumbai
27-10-2019,92,Mumbai
28-10-2019,104,Mumbai
29-10-2019,112,Mumbai
30-10-2019,89,Mumbai
31-10-2019,76,Mumbai
01-11-2019,65,Mumbai
02-11-2019,43,Mumbai
03-11-2019,69,Mumbai
04-11-2019,71,Mumbai
05-11-2019,71,Mumbai
06-11-2019,109,Mumbai
07-11-2019,71,Mumbai
08-11-2019,46,Mumbai
09-11-2019,75,Mumbai
10-11-2019,92,Mumbai
11-11-2019,109,Mumbai
12-11-2019,138,Mumbai
13-11-2019,132,Mumbai
14-11-2019,115,Mumbai
15-11-2019,139,Mumbai
16-11-2019,151,Mumbai
17-11-2019,145,Mumbai
18-11-2019,135,Mumbai
19-11-2019,192,Mumbai
20-11-2019,207,Mumbai
21-11-2019,202,Mumbai
22-11-2019,205,Mumbai
23-11-2019,180,Mumbai
24-11-2019,172,Mumbai
25-11-2019,205,Mumbai
26-11-2019,184,Mumbai
27-11-2019,171,Mumbai
28-11-2019,153,Mumbai
29-11-2019,163,Mumbai
30-11-2019,190,Mumbai
01-12-2019,211,Mumbai
02-12-2019,151,Mumbai
03-12-2019,104,Mumbai
04-12-2019,92,Mumbai
05-12-2019,112,Mumbai
06-12-2019,199,Mumbai
07-12-2019,145,Mumbai
08-12-2019,174,Mumbai
09-12-2019,206,Mumbai
10-12-2019,174,Mumbai
11-12-2019,206,Mumbai
12-12-2019,215,Mumbai
13-12-2019,185,Mumbai
14-12-2019,99,Mumbai
15-12-2019,133,Mumbai
16-12-2019,191,Mumbai
17-12-2019,175,Mumbai
18-12-2019,161,Mumbai
19-12-2019,166,Mumbai
20-12-2019,197,Mumbai
21-12-2019,203,Mumbai
22-12-2019,213,Mumbai
23-12-2019,212,Mumbai
24-12-2019,245,Mumbai
25-12-2019,280,Mumbai
26-12-2019,244,Mumbai
27-12-2019,183,Mumbai
28-12-2019,162,Mumbai
29-12-2019,153,Mumbai
30-12-2019,197,Mumbai
31-12-2019,147,Mumbai
01-01-2020,198,Mumbai
02-01-2020,243,Mumbai
03-01-2020,201,Mumbai
04-01-2020,221,Mumbai
05-01-2020,211,Mumbai
06-01-2020,137,Mumbai
07-01-2020,189,Mumbai
08-01-2020,152,Mumbai
09-01-2020,124,Mumbai
10-01-2020,125,Mumbai
11-01-2020,155,Mumbai
12-01-2020,217,Mumbai
13-01-2020,163,Mumbai
14-01-2020,84,Mumbai
15-01-2020,96,Mumbai
16-01-2020,81,Mumbai
17-01-2020,88,Mumbai
18-01-2020,188,Mumbai
19-01-2020,210,Mumbai
20-01-2020,193,Mumbai
21-01-2020,229,Mumbai
22-01-2020,174,Mumbai
23-01-2020,195,Mumbai
24-01-2020,171,Mumbai
25-01-2020,188,Mumbai
26-01-2020,250,Mumbai
27-01-2020,148,Mumbai
28-01-2020,82,Mumbai
29-01-2020,82,Mumbai
30-01-2020,127,Mumbai
31-01-2020,146,Mumbai
01-02-2020,164,Mumbai
02-02-2020,179,Mumbai
03-02-2020,188,Mumbai
04-02-2020,176,Mumbai
05-02-2020,137,Mumbai
06-02-2020,123,Mumbai
07-02-2020,126,Mumbai
08-02-2020,135,Mumbai
09-02-2020,138,Mumbai
10-02-2020,134,Mumbai
11-02-2020,139,Mumbai
12-02-2020,133,Mumbai
13-02-2020,155,Mumbai
14-02-2020,136,Mumbai
15-02-2020,146,Mumbai
16-02-2020,150,Mumbai
17-02-2020,233,Mumbai
18-02-2020,202,Mumbai
19-02-2020,220,Mumbai
20-02-2020,155,Mumbai
21-02-2020,98,Mumbai
22-02-2020,123,Mumbai
23-02-2020,193,Mumbai
24-02-2020,170,Mumbai
25-02-2020,150,Mumbai
26-02-2020,131,Mumbai
27-02-2020,131,Mumbai
28-02-2020,172,Mumbai
01-03-2020,107,Mumbai
02-03-2020,122,Mumbai
03-03-2020,125,Mumbai
04-03-2020,117,Mumbai
05-03-2020,104,Mumbai
06-03-2020,101,Mumbai
07-03-2020,108,Mumbai
08-03-2020,119,Mumbai
09-03-2020,123,Mumbai
10-03-2020,130,Mumbai
11-03-2020,73,Mumbai
12-03-2020,79,Mumbai
13-03-2020,84,Mumbai
14-03-2020,112,Mumbai
15-03-2020,158,Mumbai
16-03-2020,153,Mumbai
17-03-2020,197,Mumbai
18-03-2020,146,Mumbai
19-03-2020,102,Mumbai
20-03-2020,82,Mumbai
21-03-2020,72,Mumbai
22-03-2020,54,Mumbai
23-03-2020,64,Mumbai
24-03-2020,81,Mumbai
25-03-2020,87,Mumbai
26-03-2020,69,Mumbai
27-03-2020,66,Mumbai
28-03-2020,72,Mumbai
29-03-2020,71,Mumbai
30-03-2020,69,Mumbai
31-03-2020,67,Mumbai
01-04-2020,57,Mumbai
02-04-2020,72,Mumbai
03-04-2020,85,Mumbai
04-04-2020,81,Mumbai
05-04-2020,77,Mumbai
06-04-2020,58,Mumbai
07-04-2020,64,Mumbai
08-04-2020,97,Mumbai
09-04-2020,94,Mumbai
10-04-2020,83,Mumbai
11-04-2020,77,Mumbai
12-04-2020,87,Mumbai
13-04-2020,76,Mumbai
14-04-2020,81,Mumbai
15-04-2020,81,Mumbai
16-04-2020,65,Mumbai
17-04-2020,65,Mumbai
18-04-2020,68,Mumbai
19-04-2020,67,Mumbai
20-04-2020,82,Mumbai
21-04-2020,65,Mumbai
22-04-2020,51,Mumbai
23-04-2020,63,Mumbai
24-04-2020,50,Mumbai
25-04-2020,48,Mumbai
26-04-2020,57,Mumbai
27-04-2020,52,Mumbai
28-04-2020,53,Mumbai
29-04-2020,81,Mumbai
30-04-2020,60,Mumbai
01-05-2020,51,Mumbai
02-05-2020,43,Mumbai
03-05-2020,40,Mumbai
04-05-2020,37,Mumbai
05-05-2020,38,Mumbai
06-05-2020,50,Mumbai
07-05-2020,55,Mumbai
08-05-2020,67,Mumbai
09-05-2020,65,Mumbai
10-05-2020,64,Mumbai
11-05-2020,61,Mumbai
12-05-2020,67,Mumbai
13-05-2020,67,Mumbai
14-05-2020,54,Mumbai
15-05-2020,70,Mumbai
16-05-2020,76,Mumbai
17-05-2020,120,Mumbai
18-05-2020,78,Mumbai
19-05-2020,74,Mumbai
20-05-2020,48,Mumbai
21-05-2020,43,Mumbai
22-05-2020,42,Mumbai
23-05-2020,45,Mumbai
24-05-2020,40,Mumbai
25-05-2020,45,Mumbai
26-05-2020,51,Mumbai
27-05-2020,45,Mumbai
28-05-2020,45,Mumbai
29-05-2020,35,Mumbai
30-05-2020,37,Mumbai
31-05-2020,43,Mumbai
01-06-2020,34,Mumbai
02-06-2020,46,Mumbai
03-06-2020,32,Mumbai
04-06-2020,36,Mumbai
05-06-2020,41,Mumbai
06-06-2020,30,Mumbai
07-06-2020,41,Mumbai
08-06-2020,36,Mumbai
09-06-2020,34,Mumbai
10-06-2020,40,Mumbai
11-06-2020,35,Mumbai
12-06-2020,38,Mumbai
13-06-2020,33,Mumbai
14-06-2020,32,Mumbai
15-06-2020,31,Mumbai
16-06-2020,37,Mumbai
17-06-2020,36,Mumbai
18-06-2020,35,Mumbai
19-06-2020,42,Mumbai
20-06-2020,51,Mumbai
21-06-2020,43,Mumbai
22-06-2020,42,Mumbai
23-06-2020,41,Mumbai
24-06-2020,33,Mumbai
25-06-2020,36,Mumbai
26-06-2020,42,Mumbai
27-06-2020,50,Mumbai
28-06-2020,49,Mumbai
29-06-2020,36,Mumbai
30-06-2020,33,Mumbai
01-07-2020,31,Mumbai
02-07-2020,29,Mumbai
03-07-2020,34,Mumbai
04-07-2020,28,Mumbai
05-07-2020,33,Mumbai
06-07-2020,56,Mumbai
07-07-2020,38,Mumbai
08-07-2020,38,Mumbai
09-07-2020,45,Mumbai
10-07-2020,48,Mumbai
11-07-2020,45,Mumbai
12-07-2020,36,Mumbai
13-07-2020,36,Mumbai
14-07-2020,36,Mumbai
15-07-2020,31,Mumbai
16-07-2020,33,Mumbai
17-07-2020,34,Mumbai
18-07-2020,37,Mumbai
19-07-2020,46,Mumbai
20-07-2020,47,Mumbai
21-07-2020,49,Mumbai
22-07-2020,54,Mumbai
23-07-2020,39,Mumbai
24-07-2020,50,Mumbai
25-07-2020,44,Mumbai
26-07-2020,45,Mumbai
27-07-2020,26,Mumbai
28-07-2020,35,Mumbai
29-07-2020,37,Mumbai
30-07-2020,32,Mumbai
31-07-2020,35,Mumbai
01-08-2020,34,Mumbai
02-08-2020,27,Mumbai
03-08-2020,26,Mumbai
04-08-2020,25,Mumbai
05-08-2020,30,Mumbai
06-08-2020,36,Mumbai
07-08-2020,36,Mumbai
08-08-2020,49,Mumbai
09-08-2020,44,Mumbai
10-08-2020,42,Mumbai
11-08-2020,41,Mumbai
12-08-2020,38,Mumbai
13-08-2020,38,Mumbai
14-08-2020,35,Mumbai
15-08-2020,37,Mumbai
16-08-2020,47,Mumbai
17-08-2020,43,Mumbai
18-08-2020,28,Mumbai
19-08-2020,33,Mumbai
20-08-2020,41,Mumbai
21-08-2020,39,Mumbai
22-08-2020,35,Mumbai
23-08-2020,37,Mumbai
24-08-2020,36,Mumbai
25-08-2020,49,Mumbai
26-08-2020,36,Mumbai
27-08-2020,35,Mumbai
28-08-2020,32,Mumbai
29-08-2020,31,Mumbai
30-08-2020,28,Mumbai
31-08-2020,30,Mumbai
01-09-2020,36,Mumbai
02-09-2020,47,Mumbai
03-09-2020,57,Mumbai
04-09-2020,69,Mumbai
05-09-2020,84,Mumbai
06-09-2020,128,Mumbai
07-09-2020,55,Mumbai
08-09-2020,49,Mumbai
09-09-2020,55,Mumbai
10-09-2020,68,Mumbai
11-09-2020,68,Mumbai
12-09-2020,48,Mumbai
13-09-2020,39,Mumbai
14-09-2020,44,Mumbai
15-09-2020,40,Mumbai
16-09-2020,39,Mumbai
17-09-2020,40,Mumbai
18-09-2020,52,Mumbai
19-09-2020,59,Mumbai
20-09-2020,53,Mumbai
21-09-2020,58,Mumbai
22-09-2020,64,Mumbai
23-09-2020,42,Mumbai
24-09-2020,44,Mumbai
25-09-2020,53,Mumbai
26-09-2020,63,Mumbai
27-09-2020,65,Mumbai
28-09-2020,69,Mumbai
29-09-2020,75,Mumbai
30-09-2020,80,Mumbai
01-10-2020,75,Mumbai
02-10-2020,77,Mumbai
03-10-2020,100,Mumbai
04-10-2020,70,Mumbai
05-10-2020,55,Mumbai
06-10-2020,76,Mumbai
07-10-2020,93,Mumbai
08-10-2020,106,Mumbai
09-10-2020,124,Mumbai
10-10-2020,145,Mumbai
11-10-2020,110,Mumbai
12-10-2020,99,Mumbai
13-10-2020,110,Mumbai
14-10-2020,106,Mumbai
15-10-2020,68,Mumbai
16-10-2020,59,Mumbai
17-10-2020,71,Mumbai
18-10-2020,82,Mumbai
19-10-2020,78,Mumbai
20-10-2020,90,Mumbai
21-10-2020,83,Mumbai
22-10-2020,90,Mumbai
23-10-2020,82,Mumbai
24-10-2020,113,Mumbai
25-10-2020,83,Mumbai
26-10-2020,94,Mumbai
27-10-2020,100,Mumbai
28-10-2020,130,Mumbai
29-10-2020,146,Mumbai
30-10-2020,131,Mumbai
31-10-2020,119,Mumbai
01-11-2020,111,Mumbai
02-11-2020,125,Mumbai
03-11-2020,194,Mumbai
04-11-2020,160,Mumbai
05-11-2020,163,Mumbai
06-11-2020,128,Mumbai
07-11-2020,130,Mumbai
08-11-2020,142,Mumbai
09-11-2020,148,Mumbai
10-11-2020,146,Mumbai
11-11-2020,182,Mumbai
12-11-2020,170,Mumbai
13-11-2020,171,Mumbai
14-11-2020,131,Mumbai
15-11-2020,148,Mumbai
16-11-2020,143,Mumbai
17-11-2020,175,Mumbai
18-11-2020,167,Mumbai
19-11-2020,146,Mumbai
20-11-2020,143,Mumbai
21-11-2020,160,Mumbai
22-11-2020,170,Mumbai
23-11-2020,156,Mumbai
24-11-2020,139,Mumbai
25-11-2020,210,Mumbai
26-11-2020,225,Mumbai
27-11-2020,182,Mumbai
28-11-2020,139,Mumbai
29-11-2020,110,Mumbai
30-11-2020,125,Mumbai
01-12-2020,152,Mumbai
02-12-2020,163,Mumbai
03-12-2020,170,Mumbai
04-12-2020,167,Mumbai
05-12-2020,185,Mumbai
06-12-2020,149,Mumbai
07-12-2020,144,Mumbai
08-12-2020,157,Mumbai
09-12-2020,136,Mumbai
10-12-2020,143,Mumbai
11-12-2020,151,Mumbai
12-12-2020,139,Mumbai
13-12-2020,146,Mumbai
14-12-2020,105,Mumbai
15-12-2020,152,Mumbai
16-12-2020,194,Mumbai
17-12-2020,205,Mumbai
18-12-2020,203,Mumbai
19-12-2020,185,Mumbai
20-12-2020,178,Mumbai
21-12-2020,151,Mumbai
22-12-2020,141,Mumbai
23-12-2020,172,Mumbai
24-12-2020,193,Mumbai
25-12-2020,209,Mumbai
26-12-2020,221,Mumbai
27-12-2020,225,Mumbai
28-12-2020,168,Mumbai
29-12-2020,192,Mumbai
30-12-2020,225,Mumbai
31-12-2020,245,Mumbai
01-01-2021,244,Mumbai
02-01-2021,255,Mumbai
03-01-2021,251,Mumbai
04-01-2021,226,Mumbai
05-01-2021,234,Mumbai
06-01-2021,274,Mumbai
07-01-2021,285,Mumbai
08-01-2021,272,Mumbai
09-01-2021,234,Mumbai
10-01-2021,244,Mumbai
11-01-2021,214,Mumbai
12-01-2021,194,Mumbai
13-01-2021,193,Mumbai
14-01-2021,193,Mumbai
15-01-2021,145,Mumbai
16-01-2021,140,Mumbai
17-01-2021,173,Mumbai
18-01-2021,124,Mumbai
19-01-2021,153,Mumbai
20-01-2021,193,Mumbai
21-01-2021,189,Mumbai
22-01-2021,233,Mumbai
23-01-2021,255,Mumbai
24-01-2021,198,Mumbai
25-01-2021,207,Mumbai
26-01-2021,223,Mumbai
27-01-2021,231,Mumbai
28-01-2021,247,Mumbai
29-01-2021,224,Mumbai
30-01-2021,218,Mumbai
31-01-2021,196,Mumbai
01-02-2021,184,Mumbai
02-02-2021,180,Mumbai
03-02-2021,188,Mumbai
04-02-2021,182,Mumbai
05-02-2021,182,Mumbai
06-02-2021,149,Mumbai
07-02-2021,151,Mumbai
08-02-2021,150,Mumbai
09-02-2021,165,Mumbai
10-02-2021,196,Mumbai
11-02-2021,245,Mumbai
12-02-2021,249,Mumbai
13-02-2021,182,Mumbai
14-02-2021,132,Mumbai
15-02-2021,100,Mumbai
16-02-2021,99,Mumbai
17-02-2021,100,Mumbai
18-02-2021,206,Mumbai
19-02-2021,120,Mumbai
20-02-2021,116,Mumbai
21-02-2021,119,Mumbai
22-02-2021,144,Mumbai
23-02-2021,169,Mumbai
24-02-2021,224,Mumbai
25-02-2021,191,Mumbai
26-02-2021,127,Mumbai
27-02-2021,110,Mumbai
28-02-2021,139,Mumbai
01-03-2021,161,Mumbai
02-03-2021,175,Mumbai
03-03-2021,142,Mumbai
04-03-2021,185,Mumbai
05-03-2021,211,Mumbai
06-03-2021,147,Mumbai
07-03-2021,128,Mumbai
08-03-2021,110,Mumbai
09-03-2021,137,Mumbai
10-03-2021,151,Mumbai
11-03-2021,120,Mumbai
12-03-2021,98,Mumbai
13-03-2021,152,Mumbai
14-03-2021,157,Mumbai
15-03-2021,156,Mumbai
16-03-2021,151,Mumbai
17-03-2021,158,Mumbai
18-03-2021,154,Mumbai
19-03-2021,145,Mumbai
20-03-2021,161,Mumbai
21-03-2021,171,Mumbai
22-03-2021,143,Mumbai
23-03-2021,160,Mumbai
24-03-2021,193,Mumbai
25-03-2021,170,Mumbai
26-03-2021,170,Mumbai
27-03-2021,177,Mumbai
28-03-2021,172,Mumbai
29-03-2021,130,Mumbai
30-03-2021,75,Mumbai
31-03-2021,81,Mumbai
01-04-2021,113,Mumbai
02-04-2021,162,Mumbai
03-04-2021,139,Mumbai
04-04-2021,102,Mumbai
05-04-2021,90,Mumbai
06-04-2021,115,Mumbai
07-04-2021,101,Mumbai
08-04-2021,99,Mumbai
09-04-2021,99,Mumbai
10-04-2021,137,Mumbai
11-04-2021,106,Mumbai
12-04-2021,92,Mumbai
13-04-2021,111,Mumbai
14-04-2021,94,Mumbai
15-04-2021,88,Mumbai
16-04-2021,79,Mumbai
17-04-2021,63,Mumbai
18-04-2021,72,Mumbai
19-04-2021,88,Mumbai
20-04-2021,67,Mumbai
21-04-2021,58,Mumbai
22-04-2021,70,Mumbai
23-04-2021,79,Mumbai
24-04-2021,75,Mumbai
25-04-2021,74,Mumbai
26-04-2021,129,Mumbai
27-04-2021,185,Mumbai
28-04-2021,125,Mumbai
29-04-2021,81,Mumbai
30-04-2021,72,Mumbai
01-05-2021,68,Mumbai
02-05-2021,71,Mumbai
03-05-2021,105,Mumbai
04-05-2021,80,Mumbai
05-05-2021,76,Mumbai
06-05-2021,72,Mumbai
07-05-2021,72,Mumbai
08-05-2021,69,Mumbai
09-05-2021,78,Mumbai
10-05-2021,68,Mumbai
11-05-2021,67,Mumbai
12-05-2021,59,Mumbai
13-05-2021,64,Mumbai
14-05-2021,65,Mumbai
15-05-2021,85,Mumbai
16-05-2021,80,Mumbai
17-05-2021,47,Mumbai
18-05-2021,48,Mumbai
19-05-2021,54,Mumbai
20-05-2021,88,Mumbai
21-05-2021,120,Mumbai
22-05-2021,92,Mumbai
23-05-2021,81,Mumbai
24-05-2021,71,Mumbai
25-05-2021,74,Mumbai
26-05-2021,71,Mumbai
27-05-2021,73,Mumbai
28-05-2021,65,Mumbai
29-05-2021,69,Mumbai
30-05-2021,55,Mumbai
31-05-2021,58,Mumbai
01-06-2021,61,Mumbai
02-06-2021,50,Mumbai
03-06-2021,53,Mumbai
04-06-2021,46,Mumbai
05-06-2021,51,Mumbai
06-06-2021,49,Mumbai
07-06-2021,42,Mumbai
08-06-2021,49,Mumbai
09-06-2021,39,Mumbai
10-06-2021,33,Mumbai
11-06-2021,45,Mumbai
12-06-2021,34,Mumbai
13-06-2021,41,Mumbai
14-06-2021,56,Mumbai
15-06-2021,64,Mumbai
16-06-2021,41,Mumbai
17-06-2021,70,Mumbai
18-06-2021,72,Mumbai
19-06-2021,68,Mumbai
20-06-2021,96,Mumbai
21-06-2021,117,Mumbai
22-06-2021,92,Mumbai
23-06-2021,93,Mumbai
24-06-2021,85,Mumbai
25-06-2021,56,Mumbai
26-06-2021,67,Mumbai
27-06-2021,66,Mumbai
28-06-2021,55,Mumbai
29-06-2021,60,Mumbai
30-06-2021,56,Mumbai
01-07-2021,70,Mumbai
02-07-2021,62,Mumbai
03-07-2021,60,Mumbai
04-07-2021,56,Mumbai
05-07-2021,64,Mumbai
06-07-2021,76,Mumbai
07-07-2021,74,Mumbai
08-07-2021,66,Mumbai
09-07-2021,52,Mumbai
10-07-2021,59,Mumbai
11-07-2021,50,Mumbai
12-07-2021,40,Mumbai
13-07-2021,56,Mumbai
14-07-2021,47,Mumbai
15-07-2021,42,Mumbai
16-07-2021,42,Mumbai
17-07-2021,42,Mumbai
18-07-2021,55,Mumbai
19-07-2021,52,Mumbai
20-07-2021,57,Mumbai
21-07-2021,54,Mumbai
22-07-2021,63,Mumbai
23-07-2021,78,Mumbai
24-07-2021,59,Mumbai
25-07-2021,63,Mumbai
26-07-2021,63,Mumbai
27-07-2021,63,Mumbai
28-07-2021,68,Mumbai
29-07-2021,68,Mumbai
30-07-2021,65,Mumbai
31-07-2021,66,Mumbai
01-08-2021,63,Mumbai
02-08-2021,58,Mumbai
03-08-2021,50,Mumbai
04-08-2021,53,Mumbai
05-08-2021,55,Mumbai
06-08-2021,63,Mumbai
07-08-2021,59,Mumbai
08-08-2021,71,Mumbai
09-08-2021,57,Mumbai
10-08-2021,68,Mumbai
11-08-2021,54,Mumbai
12-08-2021,58,Mumbai
13-08-2021,61,Mumbai
14-08-2021,53,Mumbai
15-08-2021,51,Mumbai
16-08-2021,58,Mumbai
17-08-2021,52,Mumbai
18-08-2021,48,Mumbai
19-08-2021,49,Mumbai
20-08-2021,45,Mumbai
21-08-2021,40,Mumbai
22-08-2021,50,Mumbai
23-08-2021,54,Mumbai
24-08-2021,48,Mumbai
25-08-2021,52,Mumbai
26-08-2021,47,Mumbai
27-08-2021,56,Mumbai
28-08-2021,69,Mumbai
29-08-2021,66,Mumbai
30-08-2021,74,Mumbai
31-08-2021,59,Mumbai
01-09-2021,54,Mumbai
02-09-2021,52,Mumbai
03-09-2021,53,Mumbai
04-09-2021,54,Mumbai
05-09-2021,53,Mumbai
06-09-2021,64,Mumbai
07-09-2021,58,Mumbai
08-09-2021,47,Mumbai
09-09-2021,46,Mumbai
10-09-2021,49,Mumbai
11-09-2021,48,Mumbai
12-09-2021,44,Mumbai
13-09-2021,52,Mumbai
14-09-2021,67,Mumbai
15-09-2021,66,Mumbai
16-09-2021,75,Mumbai
17-09-2021,68,Mumbai
18-09-2021,58,Mumbai
19-09-2021,46,Mumbai
20-09-2021,48,Mumbai
21-09-2021,47,Mumbai
22-09-2021,53,Mumbai
23-09-2021,58,Mumbai
24-09-2021,66,Mumbai
25-09-2021,72,Mumbai
26-09-2021,64,Mumbai
27-09-2021,61,Mumbai
28-09-2021,62,Mumbai
29-09-2021,45,Mumbai
30-09-2021,48,Mumbai
01-10-2021,76,Mumbai
02-10-2021,77,Mumbai
03-10-2021,78,Mumbai
04-10-2021,78,Mumbai
05-10-2021,71,Mumbai
06-10-2021,74,Mumbai
07-10-2021,61,Mumbai
08-10-2021,64,Mumbai
09-10-2021,54,Mumbai
10-10-2021,58,Mumbai
11-10-2021,63,Mumbai
12-10-2021,69,Mumbai
13-10-2021,84,Mumbai
14-10-2021,140,Mumbai
15-10-2021,141,Mumbai
16-10-2021,107,Mumbai
17-10-2021,153,Mumbai
18-10-2021,102,Mumbai
19-10-2021,94,Mumbai
20-10-2021,87,Mumbai
21-10-2021,106,Mumbai
22-10-2021,143,Mumbai
23-10-2021,111,Mumbai
24-10-2021,74,Mumbai
25-10-2021,58,Mumbai
26-10-2021,96,Mumbai
27-10-2021,119,Mumbai
28-10-2021,130,Mumbai
29-10-2021,126,Mumbai
30-10-2021,128,Mumbai
31-10-2021,155,Mumbai
01-11-2021,188,Mumbai
02-11-2021,211,Mumbai
03-11-2021,179,Mumbai
04-11-2021,164,Mumbai
05-11-2021,199,Mumbai
06-11-2021,117,Mumbai
07-11-2021,110,Mumbai
08-11-2021,176,Mumbai
09-11-2021,172,Mumbai
10-11-2021,164,Mumbai
11-11-2021,174,Mumbai
12-11-2021,171,Mumbai
13-11-2021,195,Mumbai
14-11-2021,201,Mumbai
15-11-2021,200,Mumbai
16-11-2021,222,Mumbai
17-11-2021,153,Mumbai
18-11-2021,81,Mumbai
19-11-2021,84,Mumbai
20-11-2021,102,Mumbai
21-11-2021,84,Mumbai
22-11-2021,66,Mumbai
23-11-2021,76,Mumbai
24-11-2021,94,Mumbai
25-11-2021,149,Mumbai
26-11-2021,136,Mumbai
27-11-2021,152,Mumbai
28-11-2021,145,Mumbai
29-11-2021,120,Mumbai
30-11-2021,150,Mumbai
01-12-2021,154,Mumbai
02-12-2021,78,Mumbai
03-12-2021,93,Mumbai
04-12-2021,116,Mumbai
05-12-2021,109,Mumbai
06-12-2021,95,Mumbai
07-12-2021,218,Mumbai
08-12-2021,216,Mumbai
09-12-2021,211,Mumbai
10-12-2021,193,Mumbai
11-12-2021,173,Mumbai
12-12-2021,184,Mumbai
13-12-2021,181,Mumbai
14-12-2021,119,Mumbai
15-12-2021,176,Mumbai
16-12-2021,223,Mumbai
17-12-2021,241,Mumbai
18-12-2021,236,Mumbai
19-12-2021,214,Mumbai
20-12-2021,199,Mumbai
21-12-2021,232,Mumbai
22-12-2021,230,Mumbai
23-12-2021,214,Mumbai
24-12-2021,180,Mumbai
25-12-2021,110,Mumbai
26-12-2021,182,Mumbai
27-12-2021,215,Mumbai
28-12-2021,201,Mumbai
29-12-2021,138,Mumbai
30-12-2021,155,Mumbai
31-12-2021,176,Mumbai
01-01-2022,173,Mumbai
02-01-2022,150,Mumbai
03-01-2022,156,Mumbai
04-01-2022,184,Mumbai
05-01-2022,219,Mumbai
06-01-2022,170,Mumbai
07-01-2022,204,Mumbai
08-01-2022,134,Mumbai
09-01-2022,88,Mumbai
10-01-2022,74,Mumbai
11-01-2022,137,Mumbai
12-01-2022,132,Mumbai
13-01-2022,172,Mumbai
14-01-2022,208,Mumbai
15-01-2022,182,Mumbai
16-01-2022,160,Mumbai
17-01-2022,147,Mumbai
18-01-2022,171,Mumbai
19-01-2022,181,Mumbai
20-01-2022,154,Mumbai
21-01-2022,110,Mumbai
22-01-2022,99,Mumbai
23-01-2022,247,Mumbai
24-01-2022,381,Mumbai
25-01-2022,268,Mumbai
26-01-2022,267,Mumbai
27-01-2022,212,Mumbai
28-01-2022,160,Mumbai
29-01-2022,162,Mumbai
30-01-2022,168,Mumbai
31-01-2022,176,Mumbai
01-02-2022,177,Mumbai
02-02-2022,179,Mumbai
03-02-2022,187,Mumbai
04-02-2022,162,Mumbai
05-02-2022,276,Mumbai
06-02-2022,228,Mumbai
07-02-2022,181,Mumbai
08-02-2022,116,Mumbai
09-02-2022,103,Mumbai
10-02-2022,138,Mumbai
11-02-2022,159,Mumbai
12-02-2022,153,Mumbai
13-02-2022,174,Mumbai
14-02-2022,128,Mumbai
15-02-2022,105,Mumbai
16-02-2022,93,Mumbai
17-02-2022,88,Mumbai
18-02-2022,111,Mumbai
19-02-2022,143,Mumbai
20-02-2022,132,Mumbai
21-02-2022,154,Mumbai
22-02-2022,158,Mumbai
23-02-2022,119,Mumbai
24-02-2022,166,Mumbai
25-02-2022,219,Mumbai
26-02-2022,223,Mumbai
27-02-2022,156,Mumbai
28-02-2022,215,Mumbai
01-03-2022,187,Mumbai
02-03-2022,216,Mumbai
03-03-2022,204,Mumbai
04-03-2022,177,Mumbai
05-03-2022,167,Mumbai
06-03-2022,185,Mumbai
07-03-2022,170,Mumbai
08-03-2022,204,Mumbai
09-03-2022,210,Mumbai
10-03-2022,206,Mumbai
11-03-2022,195,Mumbai
12-03-2022,168,Mumbai
13-03-2022,170,Mumbai
14-03-2022,167,Mumbai
15-03-2022,198,Mumbai
16-03-2022,184,Mumbai
17-03-2022,189,Mumbai
18-03-2022,187,Mumbai
19-03-2022,111,Mumbai
20-03-2022,106,Mumbai
21-03-2022,159,Mumbai
22-03-2022,152,Mumbai
23-03-2022,155,Mumbai
24-03-2022,211,Mumbai
25-03-2022,132,Mumbai
26-03-2022,109,Mumbai
27-03-2022,110,Mumbai
28-03-2022,113,Mumbai
29-03-2022,127,Mumbai
30-03-2022,128,Mumbai
31-03-2022,105,Mumbai
01-04-2022,196,Mumbai
02-04-2022,214,Mumbai
03-04-2022,172,Mumbai
04-04-2022,142,Mumbai
05-04-2022,108,Mumbai
06-04-2022,98,Mumbai
07-04-2022,104,Mumbai
08-04-2022,106,Mumbai
09-04-2022,81,Mumbai
10-04-2022,75,Mumbai
11-04-2022,71,Mumbai
12-04-2022,94,Mumbai
13-04-2022,90,Mumbai
14-04-2022,88,Mumbai
15-04-2022,72,Mumbai
16-04-2022,89,Mumbai
17-04-2022,94,Mumbai
18-04-2022,83,Mumbai
19-04-2022,80,Mumbai
20-04-2022,81,Mumbai
21-04-2022,125,Mumbai
22-04-2022,127,Mumbai
23-04-2022,139,Mumbai
24-04-2022,104,Mumbai
25-04-2022,91,Mumbai
26-04-2022,101,Mumbai
27-04-2022,85,Mumbai
28-04-2022,114,Mumbai
29-04-2022,102,Mumbai
30-04-2022,86,Mumbai
01-05-2022,89,Mumbai
02-05-2022,103,Mumbai
03-05-2022,91,Mumbai
04-05-2022,103,Mumbai
05-05-2022,118,Mumbai
06-05-2022,139,Mumbai
07-05-2022,189,Mumbai
08-05-2022,169,Mumbai
09-05-2022,117,Mumbai
10-05-2022,114,Mumbai
11-05-2022,118,Mumbai
12-05-2022,122,Mumbai
13-05-2022,123,Mumbai
14-05-2022,132,Mumbai
15-05-2022,118,Mumbai
16-05-2022,131,Mumbai
17-05-2022,157,Mumbai
18-05-2022,212,Mumbai
19-05-2022,238,Mumbai
20-05-2022,179,Mumbai
21-05-2022,147,Mumbai
22-05-2022,106,Mumbai
23-05-2022,83,Mumbai
24-05-2022,88,Mumbai
25-05-2022,97,Mumbai
26-05-2022,95,Mumbai
27-05-2022,76,Mumbai
28-05-2022,86,Mumbai
29-05-2022,83,Mumbai
30-05-2022,66,Mumbai
31-05-2022,87,Mumbai
01-06-2022,79,Mumbai
02-06-2022,99,Mumbai
03-06-2022,108,Mumbai
04-06-2022,77,Mumbai
05-06-2022,69,Mumbai
06-06-2022,70,Mumbai
07-06-2022,71,Mumbai
08-06-2022,70,Mumbai
09-06-2022,56,Mumbai
10-06-2022,62,Mumbai
11-06-2022,59,Mumbai
12-06-2022,55,Mumbai
13-06-2022,56,Mumbai
14-06-2022,65,Mumbai
15-06-2022,56,Mumbai
16-06-2022,51,Mumbai
17-06-2022,65,Mumbai
18-06-2022,60,Mumbai
19-06-2022,45,Mumbai
20-06-2022,44,Mumbai
21-06-2022,48,Mumbai
22-06-2022,58,Mumbai
23-06-2022,52,Mumbai
24-06-2022,48,Mumbai
25-06-2022,49,Mumbai
26-06-2022,55,Mumbai
27-06-2022,54,Mumbai
28-06-2022,51,Mumbai
29-06-2022,59,Mumbai
30-06-2022,58,Mumbai
01-07-2022,58,Mumbai
02-07-2022,67,Mumbai
03-07-2022,72,Mumbai
04-07-2022,65,Mumbai
05-07-2022,60,Mumbai
06-07-2022,61,Mumbai
07-07-2022,56,Mumbai
08-07-2022,68,Mumbai
09-07-2022,68,Mumbai
10-07-2022,65,Mumbai
11-07-2022,68,Mumbai
12-07-2022,54,Mumbai
14-07-2022,53,Mumbai
15-07-2022,56,Mumbai
16-07-2022,62,Mumbai
17-07-2022,64,Mumbai
18-07-2022,85,Mumbai
19-07-2022,83,Mumbai
20-07-2022,58,Mumbai
21-07-2022,63,Mumbai
22-07-2022,63,Mumbai
23-07-2022,60,Mumbai
24-07-2022,48,Mumbai
25-07-2022,49,Mumbai
26-07-2022,50,Mumbai
27-07-2022,67,Mumbai
28-07-2022,73,Mumbai
29-07-2022,81,Mumbai
30-07-2022,71,Mumbai
31-07-2022,74,Mumbai
01-08-2022,65,Mumbai
02-08-2022,63,Mumbai
03-08-2022,89,Mumbai
04-08-2022,61,Mumbai
05-08-2022,71,Mumbai
06-08-2022,50,Mumbai
07-08-2022,51,Mumbai
08-08-2022,48,Mumbai
09-08-2022,45,Mumbai
10-08-2022,46,Mumbai
11-08-2022,43,Mumbai
12-08-2022,46,Mumbai
13-08-2022,45,Mumbai
14-08-2022,68,Mumbai
15-08-2022,79,Mumbai
16-08-2022,80,Mumbai
17-08-2022,67,Mumbai
18-08-2022,55,Mumbai
19-08-2022,56,Mumbai
20-08-2022,55,Mumbai
21-08-2022,56,Mumbai
22-08-2022,58,Mumbai
23-08-2022,53,Mumbai
24-08-2022,53,Mumbai
25-08-2022,71,Mumbai
26-08-2022,63,Mumbai
27-08-2022,73,Mumbai
28-08-2022,71,Mumbai
29-08-2022,67,Mumbai
30-08-2022,86,Mumbai
31-08-2022,80,Mumbai
01-09-2022,61,Mumbai
02-09-2022,73,Mumbai
03-09-2022,79,Mumbai
04-09-2022,67,Mumbai
05-09-2022,59,Mumbai
06-09-2022,59,Mumbai
07-09-2022,68,Mumbai
08-09-2022,62,Mumbai
09-09-2022,71,Mumbai
10-09-2022,66,Mumbai
11-09-2022,71,Mumbai
12-09-2022,65,Mumbai
13-09-2022,60,Mumbai
14-09-2022,53,Mumbai
15-09-2022,51,Mumbai
16-09-2022,50,Mumbai
17-09-2022,46,Mumbai
18-09-2022,39,Mumbai
19-09-2022,45,Mumbai
20-09-2022,60,Mumbai
21-09-2022,53,Mumbai
22-09-2022,50,Mumbai
23-09-2022,61,Mumbai
24-09-2022,47,Mumbai
25-09-2022,54,Mumbai
26-09-2022,58,Mumbai
27-09-2022,65,Mumbai
28-09-2022,66,Mumbai
29-09-2022,73,Mumbai
30-09-2022,70,Mumbai
01-10-2022,78,Mumbai
02-10-2022,57,Mumbai
03-10-2022,56,Mumbai
04-10-2022,66,Mumbai
05-10-2022,75,Mumbai
06-10-2022,66,Mumbai
07-10-2022,69,Mumbai
08-10-2022,68,Mumbai
09-10-2022,60,Mumbai
10-10-2022,71,Mumbai
11-10-2022,67,Mumbai
12-10-2022,73,Mumbai
13-10-2022,81,Mumbai
14-10-2022,79,Mumbai
15-10-2022,82,Mumbai
16-10-2022,107,Mumbai
17-10-2022,99,Mumbai
18-10-2022,85,Mumbai
19-10-2022,80,Mumbai
20-10-2022,87,Mumbai
21-10-2022,100,Mumbai
22-10-2022,82,Mumbai
23-10-2022,123,Mumbai
24-10-2022,136,Mumbai
25-10-2022,213,Mumbai
26-10-2022,159,Mumbai
27-10-2022,163,Mumbai
28-10-2022,151,Mumbai
29-10-2022,144,Mumbai
30-10-2022,127,Mumbai
31-10-2022,130,Mumbai
01-11-2022,152,Mumbai
02-11-2022,169,Mumbai
03-11-2022,141,Mumbai
04-11-2022,145,Mumbai
05-11-2022,159,Mumbai
06-11-2022,158,Mumbai
07-11-2022,146,Mumbai
08-11-2022,168,Mumbai
09-11-2022,192,Mumbai
10-11-2022,179,Mumbai
11-11-2022,158,Mumbai
12-11-2022,156,Mumbai
13-11-2022,161,Mumbai
14-11-2022,178,Mumbai
15-11-2022,220,Mumbai
16-11-2022,190,Mumbai
17-11-2022,167,Mumbai
18-11-2022,128,Mumbai
19-11-2022,134,Mumbai
20-11-2022,143,Mumbai
21-11-2022,138,Mumbai
22-11-2022,173,Mumbai
23-11-2022,195,Mumbai
24-11-2022,211,Mumbai
25-11-2022,231,Mumbai
26-11-2022,243,Mumbai
27-11-2022,238,Mumbai
28-11-2022,167,Mumbai
29-11-2022,158,Mumbai
30-11-2022,198,Mumbai
01-12-2022,213,Mumbai
02-12-2022,216,Mumbai
03-12-2022,219,Mumbai
04-12-2022,249,Mumbai
05-12-2022,272,Mumbai
06-12-2022,275,Mumbai
07-12-2022,271,Mumbai
08-12-2022,255,Mumbai
09-12-2022,190,Mumbai
10-12-2022,170,Mumbai
11-12-2022,198,Mumbai
12-12-2022,168,Mumbai
13-12-2022,169,Mumbai
14-12-2022,127,Mumbai
15-12-2022,117,Mumbai
16-12-2022,142,Mumbai
17-12-2022,152,Mumbai
18-12-2022,165,Mumbai
19-12-2022,138,Mumbai
20-12-2022,161,Mumbai
21-12-2022,189,Mumbai
22-12-2022,242,Mumbai
23-12-2022,238,Mumbai
24-12-2022,175,Mumbai
25-12-2022,186,Mumbai
26-12-2022,198,Mumbai
27-12-2022,241,Mumbai
28-12-2022,240,Mumbai
29-12-2022,238,Mumbai
30-12-2022,229,Mumbai
31-12-2022,222,Mumbai
01-01-2023,147,Mumbai
02-01-2023,188,Mumbai
03-01-2023,214,Mumbai
04-01-2023,204,Mumbai
05-01-2023,223,Mumbai
06-01-2023,255,Mumbai
07-01-2023,204,Mumbai
08-01-2023,198,Mumbai
09-01-2023,137,Mumbai
10-01-2023,158,Mumbai
11-01-2023,213,Mumbai
12-01-2023,196,Mumbai
13-01-2023,134,Mumbai
14-01-2023,240,Mumbai
15-01-2023,198,Mumbai
16-01-2023,214,Mumbai
17-01-2023,236,Mumbai
18-01-2023,264,Mumbai
19-01-2023,256,Mumbai
20-01-2023,231,Mumbai
21-01-2023,175,Mumbai
22-01-2023,168,Mumbai
23-01-2023,170,Mumbai
24-01-2023,175,Mumbai
25-01-2023,209,Mumbai
26-01-2023,232,Mumbai
27-01-2023,254,Mumbai
28-01-2023,244,Mumbai
29-01-2023,176,Mumbai
30-01-2023,154,Mumbai
31-01-2023,225,Mumbai
01-02-2023,227,Mumbai
02-02-2023,180,Mumbai
03-02-2023,198,Mumbai
04-02-2023,201,Mumbai
05-02-2023,226,Mumbai
06-02-2023,185,Mumbai
07-02-2023,177,Mumbai
08-02-2023,233,Mumbai
09-02-2023,236,Mumbai
10-02-2023,200,Mumbai
11-02-2023,172,Mumbai
12-02-2023,165,Mumbai
13-02-2023,146,Mumbai
14-02-2023,203,Mumbai
15-02-2023,224,Mumbai
16-02-2023,199,Mumbai
17-02-2023,201,Mumbai
18-02-2023,185,Mumbai
19-02-2023,191,Mumbai
20-02-2023,183,Mumbai
21-02-2023,201,Mumbai
22-02-2023,123,Mumbai
23-02-2023,172,Mumbai
24-02-2023,219,Mumbai
25-02-2023,197,Mumbai
26-02-2023,208,Mumbai
27-02-2023,194,Mumbai
28-02-2023,188,Mumbai
01-03-2023,174,Mumbai
02-03-2023,205,Mumbai
03-03-2023,262,Mumbai
04-03-2023,281,Mumbai
05-03-2023,260,Mumbai
06-03-2023,246,Mumbai
07-03-2023,139,Mumbai
08-03-2023,136,Mumbai
09-03-2023,156,Mumbai
10-03-2023,145,Mumbai
11-03-2023,163,Mumbai
12-03-2023,186,Mumbai
13-03-2023,213,Mumbai
14-03-2023,199,Mumbai
15-03-2023,165,Mumbai
16-03-2023,146,Mumbai
17-03-2023,117,Mumbai
18-03-2023,118,Mumbai
19-03-2023,97,Mumbai
20-03-2023,90,Mumbai
21-03-2023,91,Mumbai
22-03-2023,96,Mumbai
23-03-2023,86,Mumbai
24-03-2023,73,Mumbai
25-03-2023,88,Mumbai
26-03-2023,98,Mumbai
27-03-2023,97,Mumbai
28-03-2023,117,Mumbai
29-03-2023,125,Mumbai
30-03-2023,106,Mumbai
31-03-2023,82,Mumbai
01-04-2023,108,Mumbai
02-04-2023,93,Mumbai
03-04-2023,86,Mumbai
04-04-2023,86,Mumbai
05-04-2023,87,Mumbai
06-04-2023,99,Mumbai
07-04-2023,149,Mumbai
08-04-2023,182,Mumbai
09-04-2023,156,Mumbai
10-04-2023,132,Mumbai
11-04-2023,112,Mumbai
12-04-2023,134,Mumbai
13-04-2023,130,Mumbai
14-04-2023,126,Mumbai
15-04-2023,110,Mumbai
16-04-2023,100,Mumbai
17-04-2023,95,Mumbai
18-04-2023,103,Mumbai
19-04-2023,125,Mumbai
20-04-2023,106,Mumbai
21-04-2023,79,Mumbai
22-04-2023,74,Mumbai
23-04-2023,86,Mumbai
24-04-2023,77,Mumbai
25-04-2023,101,Mumbai
26-04-2023,94,Mumbai
27-04-2023,92,Mumbai
28-04-2023,71,Mumbai
29-04-2023,81,Mumbai
30-04-2023,81,Mumbai
01-05-2023,74,Mumbai
02-05-2023,78,Mumbai
03-05-2023,80,Mumbai
04-05-2023,76,Mumbai
05-05-2023,75,Mumbai
06-05-2023,74,Mumbai
07-05-2023,84,Mumbai
08-05-2023,82,Mumbai
09-05-2023,91,Mumbai
10-05-2023,112,Mumbai
11-05-2023,121,Mumbai
12-05-2023,120,Mumbai
13-05-2023,99,Mumbai
14-05-2023,52,Mumbai
15-05-2023,68,Mumbai
16-05-2023,67,Mumbai
17-05-2023,69,Mumbai
18-05-2023,75,Mumbai
19-05-2023,76,Mumbai
20-05-2023,80,Mumbai
21-05-2023,73,Mumbai
22-05-2023,70,Mumbai
23-05-2023,79,Mumbai
24-05-2023,69,Mumbai
25-05-2023,68,Mumbai
26-05-2023,67,Mumbai
27-05-2023,73,Mumbai
28-05-2023,75,Mumbai
29-05-2023,78,Mumbai
30-05-2023,80,Mumbai
31-05-2023,97,Mumbai
01-06-2023,89,Mumbai
02-06-2023,84,Mumbai
03-06-2023,74,Mumbai
04-06-2023,72,Mumbai
05-06-2023,73,Mumbai
06-06-2023,81,Mumbai
07-06-2023,87,Mumbai
08-06-2023,89,Mumbai
09-06-2023,81,Mumbai
10-06-2023,85,Mumbai
11-06-2023,85,Mumbai
12-06-2023,90,Mumbai
13-06-2023,83,Mumbai
14-06-2023,78,Mumbai
15-06-2023,83,Mumbai
16-06-2023,84,Mumbai
17-06-2023,89,Mumbai
18-06-2023,98,Mumbai
19-06-2023,92,Mumbai
20-06-2023,93,Mumbai
21-06-2023,100,Mumbai
22-06-2023,97,Mumbai
23-06-2023,77,Mumbai
24-06-2023,73,Mumbai
25-06-2023,61,Mumbai
26-06-2023,73,Mumbai
27-06-2023,58,Mumbai
28-06-2023,61,Mumbai
29-06-2023,53,Mumbai
30-06-2023,56,Mumbai
01-07-2023,67,Mumbai
02-07-2023,54,Mumbai
03-07-2023,62,Mumbai
04-07-2023,65,Mumbai
05-07-2023,65,Mumbai
06-07-2023,51,Mumbai
07-07-2023,54,Mumbai
08-07-2023,91,Mumbai
09-07-2023,70,Mumbai
10-07-2023,65,Mumbai
11-07-2023,73,Mumbai
12-07-2023,77,Mumbai
13-07-2023,108,Mumbai
14-07-2023,87,Mumbai
15-07-2023,82,Mumbai
16-07-2023,87,Mumbai
17-07-2023,83,Mumbai
18-07-2023,80,Mumbai
19-07-2023,86,Mumbai
20-07-2023,86,Mumbai
21-07-2023,87,Mumbai
22-07-2023,88,Mumbai
23-07-2023,88,Mumbai
24-07-2023,87,Mumbai
25-07-2023,81,Mumbai
26-07-2023,48,Mumbai
27-07-2023,45,Mumbai
28-07-2023,49,Mumbai
29-07-2023,51,Mumbai
30-07-2023,52,Mumbai
31-07-2023,53,Mumbai
01-08-2023,54,Mumbai
02-08-2023,58,Mumbai
03-08-2023,62,Mumbai
04-08-2023,73,Mumbai
05-08-2023,62,Mumbai
06-08-2023,68,Mumbai
07-08-2023,70,Mumbai
08-08-2023,71,Mumbai
09-08-2023,78,Mumbai
10-08-2023,65,Mumbai
11-08-2023,61,Mumbai
12-08-2023,65,Mumbai
13-08-2023,68,Mumbai
14-08-2023,67,Mumbai
15-08-2023,62,Mumbai
16-08-2023,56,Mumbai
17-08-2023,55,Mumbai
18-08-2023,55,Mumbai
19-08-2023,50,Mumbai
20-08-2023,53,Mumbai
21-08-2023,51,Mumbai
22-08-2023,50,Mumbai
23-08-2023,52,Mumbai
24-08-2023,53,Mumbai
25-08-2023,54,Mumbai
26-08-2023,61,Mumbai
27-08-2023,60,Mumbai
28-08-2023,56,Mumbai
29-08-2023,64,Mumbai
30-08-2023,87,Mumbai
31-08-2023,91,Mumbai
01-09-2023,84,Mumbai
02-09-2023,81,Mumbai
03-09-2023,80,Mumbai
04-09-2023,86,Mumbai
05-09-2023,81,Mumbai
06-09-2023,78,Mumbai
07-09-2023,71,Mumbai
08-09-2023,65,Mumbai
09-09-2023,61,Mumbai
10-09-2023,54,Mumbai
11-09-2023,54,Mumbai
12-09-2023,59,Mumbai
13-09-2023,58,Mumbai
14-09-2023,63,Mumbai
15-09-2023,65,Mumbai
16-09-2023,60,Mumbai
17-09-2023,57,Mumbai
18-09-2023,58,Mumbai
19-09-2023,53,Mumbai
20-09-2023,51,Mumbai
21-09-2023,59,Mumbai
22-09-2023,59,Mumbai
23-09-2023,58,Mumbai
24-09-2023,53,Mumbai
25-09-2023,59,Mumbai
26-09-2023,67,Mumbai
27-09-2023,68,Mumbai
28-09-2023,77,Mumbai
29-09-2023,94,Mumbai
30-09-2023,72,Mumbai
01-10-2023,87,Mumbai
02-10-2023,97,Mumbai
03-10-2023,116,Mumbai
04-10-2023,121,Mumbai
05-10-2023,120,Mumbai
06-10-2023,131,Mumbai
07-10-2023,120,Mumbai
08-10-2023,110,Mumbai
09-10-2023,144,Mumbai
10-10-2023,109,Mumbai
11-10-2023,88,Mumbai
12-10-2023,100,Mumbai
13-10-2023,159,Mumbai
14-10-2023,177,Mumbai
15-10-2023,150,Mumbai
16-10-2023,185,Mumbai
17-10-2023,189,Mumbai
18-10-2023,199,Mumbai
19-10-2023,156,Mumbai
20-10-2023,185,Mumbai
21-10-2023,155,Mumbai
22-10-2023,172,Mumbai
23-10-2023,177,Mumbai
24-10-2023,182,Mumbai
25-10-2023,157,Mumbai
26-10-2023,157,Mumbai
27-10-2023,139,Mumbai
28-10-2023,153,Mumbai
29-10-2023,152,Mumbai
30-10-2023,157,Mumbai
31-10-2023,168,Mumbai
01-11-2023,175,Mumbai
02-11-2023,169,Mumbai
03-11-2023,178,Mumbai
04-11-2023,180,Mumbai
05-11-2023,198,Mumbai
06-11-2023,198,Mumbai
07-11-2023,186,Mumbai
08-11-2023,131,Mumbai
09-11-2023,111,Mumbai
10-11-2023,87,Mumbai
11-11-2023,90,Mumbai
12-11-2023,154,Mumbai
13-11-2023,193,Mumbai
14-11-2023,168,Mumbai
15-11-2023,201,Mumbai
16-11-2023,168,Mumbai
17-11-2023,140,Mumbai
18-11-2023,162,Mumbai
19-11-2023,159,Mumbai
20-11-2023,115,Mumbai
21-11-2023,132,Mumbai
22-11-2023,123,Mumbai
23-11-2023,137,Mumbai
24-11-2023,152,Mumbai
25-11-2023,124,Mumbai
26-11-2023,98,Mumbai
27-11-2023,59,Mumbai
28-11-2023,61,Mumbai
29-11-2023,94,Mumbai
30-11-2023,102,Mumbai
01-12-2023,127,Mumbai
02-12-2023,138,Mumbai
03-12-2023,144,Mumbai
04-12-2023,128,Mumbai
05-12-2023,136,Mumbai
06-12-2023,154,Mumbai
07-12-2023,125,Mumbai
08-12-2023,117,Mumbai
09-12-2023,114,Mumbai
10-12-2023,114,Mumbai
11-12-2023,108,Mumbai
12-12-2023,114,Mumbai
13-12-2023,115,Mumbai
14-12-2023,134,Mumbai
15-12-2023,139,Mumbai
16-12-2023,133,Mumbai
17-12-2023,126,Mumbai
18-12-2023,136,Mumbai
19-12-2023,138,Mumbai
20-12-2023,134,Mumbai
21-12-2023,157,Mumbai
22-12-2023,189,Mumbai
23-12-2023,190,Mumbai
24-12-2023,166,Mumbai
25-12-2023,155,Mumbai
26-12-2023,178,Mumbai
27-12-2023,174,Mumbai
28-12-2023,194,Mumbai
29-12-2023,181,Mumbai
30-12-2023,161,Mumbai
31-12-2023,143,Mumbai
01-01-2024,132,Mumbai
02-01-2024,133,Mumbai
03-01-2024,117,Mumbai
04-01-2024,129,Mumbai
05-01-2024,123,Mumbai
06-01-2024,128,Mumbai
07-01-2024,124,Mumbai
08-01-2024,97,Mumbai
09-01-2024,115,Mumbai
10-01-2024,82,Mumbai
11-01-2024,128,Mumbai
12-01-2024,146,Mumbai
13-01-2024,135,Mumbai
14-01-2024,111,Mumbai
15-01-2024,76,Mumbai
16-01-2024,74,Mumbai
17-01-2024,101,Mumbai
18-01-2024,100,Mumbai
19-01-2024,110,Mumbai
20-01-2024,151,Mumbai
21-01-2024,103,Mumbai
22-01-2024,128,Mumbai
23-01-2024,116,Mumbai
24-01-2024,100,Mumbai
25-01-2024,107,Mumbai
26-01-2024,144,Mumbai
27-01-2024,123,Mumbai
28-01-2024,121,Mumbai
29-01-2024,116,Mumbai
30-01-2024,114,Mumbai
31-01-2024,120,Mumbai
01-02-2024,93,Mumbai
02-02-2024,63,Mumbai
03-02-2024,122,Mumbai
04-02-2024,158,Mumbai
05-02-2024,154,Mumbai
06-02-2024,127,Mumbai
07-02-2024,115,Mumbai
08-02-2024,131,Mumbai
09-02-2024,127,Mumbai
10-02-2024,120,Mumbai
11-02-2024,121,Mumbai
12-02-2024,128,Mumbai
13-02-2024,130,Mumbai
14-02-2024,116,Mumbai
15-02-2024,124,Mumbai
16-02-2024,191,Mumbai
17-02-2024,174,Mumbai
18-02-2024,146,Mumbai
19-02-2024,111,Mumbai
20-02-2024,76,Mumbai
21-02-2024,60,Mumbai
22-02-2024,64,Mumbai
23-02-2024,77,Mumbai
24-02-2024,100,Mumbai
25-02-2024,118,Mumbai
26-02-2024,158,Mumbai
27-02-2024,148,Mumbai
28-02-2024,112,Mumbai
29-02-2024,165,Mumbai
01-03-2024,118,Mumbai
02-03-2024,71,Mumbai
03-03-2024,55,Mumbai
04-03-2024,72,Mumbai
05-03-2024,109,Mumbai
06-03-2024,119,Mumbai
07-03-2024,108,Mumbai
08-03-2024,124,Mumbai
09-03-2024,122,Mumbai
10-03-2024,113,Mumbai
11-03-2024,111,Mumbai
12-03-2024,111,Mumbai
13-03-2024,87,Mumbai
14-03-2024,74,Mumbai
15-03-2024,125,Mumbai
16-03-2024,122,Mumbai
17-03-2024,97,Mumbai
18-03-2024,86,Mumbai
19-03-2024,106,Mumbai
20-03-2024,120,Mumbai
21-03-2024,130,Mumbai
22-03-2024,144,Mumbai
23-03-2024,102,Mumbai
24-03-2024,73,Mumbai
25-03-2024,74,Mumbai
26-03-2024,63,Mumbai
27-03-2024,74,Mumbai
28-03-2024,75,Mumbai
29-03-2024,88,Mumbai
30-03-2024,93,Mumbai
31-03-2024,95,Mumbai
01-04-2024,106,Mumbai
02-04-2024,160,Mumbai
03-04-2024,128,Mumbai
04-04-2024,89,Mumbai
05-04-2024,91,Mumbai
06-04-2024,131,Mumbai
07-04-2024,95,Mumbai
08-04-2024,74,Mumbai
09-04-2024,93,Mumbai
10-04-2024,88,Mumbai
11-04-2024,88,Mumbai
12-04-2024,79,Mumbai
13-04-2024,68,Mumbai
14-04-2024,69,Mumbai
15-04-2024,80,Mumbai
16-04-2024,136,Mumbai
17-04-2024,107,Mumbai
18-04-2024,98,Mumbai
19-04-2024,80,Mumbai
20-04-2024,108,Mumbai
21-04-2024,82,Mumbai
22-04-2024,69,Mumbai
23-04-2024,72,Mumbai
24-04-2024,93,Mumbai
25-04-2024,100,Mumbai
26-04-2024,84,Mumbai
27-04-2024,88,Mumbai
28-04-2024,155,Mumbai
29-04-2024,133,Mumbai
30-04-2024,118,Mumbai
01-05-2024,102,Mumbai
02-05-2024,92,Mumbai
03-05-2024,117,Mumbai
04-05-2024,89,Mumbai
05-05-2024,79,Mumbai
06-05-2024,68,Mumbai
07-05-2024,65,Mumbai
08-05-2024,77,Mumbai
09-05-2024,70,Mumbai
10-05-2024,67,Mumbai
11-05-2024,68,Mumbai
12-05-2024,77,Mumbai
13-05-2024,73,Mumbai
14-05-2024,132,Mumbai
15-05-2024,137,Mumbai
16-05-2024,96,Mumbai
17-05-2024,97,Mumbai
18-05-2024,90,Mumbai
19-05-2024,89,Mumbai
20-05-2024,68,Mumbai
21-05-2024,66,Mumbai
22-05-2024,74,Mumbai
23-05-2024,75,Mumbai
24-05-2024,70,Mumbai
25-05-2024,64,Mumbai
26-05-2024,61,Mumbai
27-05-2024,69,Mumbai
28-05-2024,69,Mumbai
29-05-2024,71,Mumbai
30-05-2024,82,Mumbai
31-05-2024,71,Mumbai
01-06-2024,62,Mumbai
02-06-2024,50,Mumbai
03-06-2024,68,Mumbai
04-06-2024,82,Mumbai
05-06-2024,69,Mumbai
06-06-2024,59,Mumbai
07-06-2024,62,Mumbai
08-06-2024,57,Mumbai
09-06-2024,56,Mumbai
10-06-2024,48,Mumbai
11-06-2024,48,Mumbai
12-06-2024,52,Mumbai
13-06-2024,50,Mumbai
14-06-2024,45,Mumbai
15-06-2024,48,Mumbai
16-06-2024,49,Mumbai
17-06-2024,64,Mumbai
18-06-2024,54,Mumbai
19-06-2024,46,Mumbai
20-06-2024,50,Mumbai
21-06-2024,64,Mumbai
22-06-2024,48,Mumbai
23-06-2024,64,Mumbai
24-06-2024,44,Mumbai
25-06-2024,45,Mumbai
26-06-2024,43,Mumbai
27-06-2024,36,Mumbai
28-06-2024,38,Mumbai
29-06-2024,58,Mumbai
30-06-2024,52,Mumbai
01-07-2024,60,Mumbai
02-07-2024,54,Mumbai
03-07-2024,61,Mumbai
04-07-2024,59,Mumbai
05-07-2024,51,Mumbai
06-07-2024,56,Mumbai
07-07-2024,74,Mumbai
08-07-2024,47,Mumbai
09-07-2024,36,Mumbai
10-07-2024,42,Mumbai
11-07-2024,38,Mumbai
12-07-2024,36,Mumbai
13-07-2024,37,Mumbai
14-07-2024,35,Mumbai
15-07-2024,47,Mumbai
16-07-2024,34,Mumbai
17-07-2024,40,Mumbai
18-07-2024,33,Mumbai
19-07-2024,30,Mumbai
20-07-2024,32,Mumbai
21-07-2024,36,Mumbai
22-07-2024,33,Mumbai
23-07-2024,34,Mumbai
24-07-2024,42,Mumbai
25-07-2024,34,Mumbai
26-07-2024,42,Mumbai
27-07-2024,47,Mumbai
28-07-2024,62,Mumbai
29-07-2024,51,Mumbai
30-07-2024,52,Mumbai
31-07-2024,42,Mumbai
01-08-2024,41,Mumbai
02-08-2024,32,Mumbai
03-08-2024,31,Mumbai
04-08-2024,36,Mumbai
05-08-2024,37,Mumbai
06-08-2024,35,Mumbai
07-08-2024,34,Mumbai
08-08-2024,38,Mumbai
09-08-2024,39,Mumbai
10-08-2024,37,Mumbai
11-08-2024,36,Mumbai
12-08-2024,42,Mumbai
13-08-2024,43,Mumbai
14-08-2024,45,Mumbai
15-08-2024,48,Mumbai
16-08-2024,44,Mumbai
17-08-2024,51,Mumbai
18-08-2024,58,Mumbai
19-08-2024,56,Mumbai
20-08-2024,59,Mumbai
21-08-2024,55,Mumbai
22-08-2024,63,Mumbai
23-08-2024,41,Mumbai
24-08-2024,34,Mumbai
25-08-2024,32,Mumbai
26-08-2024,39,Mumbai
27-08-2024,41,Mumbai
28-08-2024,39,Mumbai
29-08-2024,43,Mumbai
30-08-2024,45,Mumbai
31-08-2024,38,Mumbai
01-09-2024,39,Mumbai
02-09-2024,45,Mumbai
03-09-2024,43,Mumbai
04-09-2024,46,Mumbai
05-09-2024,36,Mumbai
06-09-2024,40,Mumbai
07-09-2024,37,Mumbai
08-09-2024,34,Mumbai
09-09-2024,37,Mumbai
10-09-2024,31,Mumbai
11-09-2024,40,Mumbai
12-09-2024,43,Mumbai
13-09-2024,59,Mumbai
14-09-2024,51,Mumbai
15-09-2024,43,Mumbai
16-09-2024,65,Mumbai
17-09-2024,60,Mumbai
18-09-2024,65,Mumbai
19-09-2024,66,Mumbai
20-09-2024,76,Mumbai
21-09-2024,64,Mumbai
22-09-2024,56,Mumbai
23-09-2024,53,Mumbai
24-09-2024,44,Mumbai
25-09-2024,50,Mumbai
26-09-2024,38,Mumbai
27-09-2024,34,Mumbai
28-09-2024,30,Mumbai
29-09-2024,33,Mumbai
30-09-2024,43,Mumbai
01-10-2024,66,Mumbai
02-10-2024,101,Mumbai
03-10-2024,58,Mumbai
04-10-2024,54,Mumbai
05-10-2024,54,Mumbai
06-10-2024,61,Mumbai
07-10-2024,116,Mumbai
08-10-2024,115,Mumbai
09-10-2024,84,Mumbai
10-10-2024,59,Mumbai
11-10-2024,55,Mumbai
12-10-2024,68,Mumbai
13-10-2024,56,Mumbai
14-10-2024,67,Mumbai
15-10-2024,58,Mumbai
16-10-2024,77,Mumbai
17-10-2024,75,Mumbai
18-10-2024,87,Mumbai
19-10-2024,45,Mumbai
20-10-2024,76,Mumbai
21-10-2024,51,Mumbai
22-10-2024,86,Mumbai
23-10-2024,71,Mumbai
24-10-2024,102,Mumbai
25-10-2024,124,Mumbai
26-10-2024,112,Mumbai
27-10-2024,144,Mumbai
28-10-2024,132,Mumbai
29-10-2024,96,Mumbai
30-10-2024,94,Mumbai
31-10-2024,167,Mumbai
01-11-2024,169,Mumbai
02-11-2024,208,Mumbai
03-11-2024,157,Mumbai
04-11-2024,159,Mumbai
05-11-2024,150,Mumbai
06-11-2024,158,Mumbai
07-11-2024,137,Mumbai
08-11-2024,146,Mumbai
09-11-2024,144,Mumbai
10-11-2024,141,Mumbai
11-11-2024,152,Mumbai
12-11-2024,144,Mumbai
13-11-2024,132,Mumbai
14-11-2024,138,Mumbai
15-11-2024,141,Mumbai
16-11-2024,154,Mumbai
17-11-2024,179,Mumbai
18-11-2024,144,Mumbai
19-11-2024,123,Mumbai
20-11-2024,140,Mumbai
21-11-2024,150,Mumbai
22-11-2024,170,Mumbai
23-11-2024,190,Mumbai
24-11-2024,204,Mumbai
25-11-2024,184,Mumbai
26-11-2024,156,Mumbai
27-11-2024,137,Mumbai
28-11-2024,133,Mumbai
29-11-2024,134,Mumbai
30-11-2024,135,Mumbai
01-12-2024,167,Mumbai
02-12-2024,174,Mumbai
03-12-2024,129,Mumbai
04-12-2024,139,Mumbai
05-12-2024,154,Mumbai
06-12-2024,148,Mumbai
07-12-2024,126,Mumbai
08-12-2024,125,Mumbai
09-12-2024,112,Mumbai
10-12-2024,131,Mumbai
11-12-2024,139,Mumbai
12-12-2024,137,Mumbai
13-12-2024,128,Mumbai
14-12-2024,134,Mumbai
15-12-2024,159,Mumbai
16-12-2024,158,Mumbai
17-12-2024,188,Mumbai
18-12-2024,199,Mumbai
19-12-2024,198,Mumbai
20-12-2024,180,Mumbai
21-12-2024,194,Mumbai
22-12-2024,178,Mumbai
23-12-2024,131,Mumbai
24-12-2024,146,Mumbai
25-12-2024,186,Mumbai
26-12-2024,160,Mumbai
27-12-2024,154,Mumbai
28-12-2024,188,Mumbai
29-12-2024,186,Mumbai
30-12-2024,121,Mumbai
31-12-2024,124,Mumbai
01-01-2025,140,Mumbai
02-01-2025,119,Mumbai
03-01-2025,126,Mumbai
04-01-2025,154,Mumbai
05-01-2025,162,Mumbai
06-01-2025,132,Mumbai
07-01-2025,143,Mumbai
08-01-2025,137,Mumbai
09-01-2025,133,Mumbai
10-01-2025,141,Mumbai
11-01-2025,147,Mumbai
12-01-2025,107,Mumbai
13-01-2025,128,Mumbai
14-01-2025,132,Mumbai
15-01-2025,140,Mumbai
16-01-2025,132,Mumbai
17-01-2025,140,Mumbai
18-01-2025,132,Mumbai
19-01-2025,155,Mumbai
20-01-2025,149,Mumbai
21-01-2025,144,Mumbai
22-01-2025,154,Mumbai
23-01-2025,134,Mumbai
24-01-2025,126,Mumbai
25-01-2025,154,Mumbai
26-01-2025,159,Mumbai
27-01-2025,148,Mumbai
28-01-2025,120,Mumbai
29-01-2025,117,Mumbai
30-01-2025,124,Mumbai
31-01-2025,109,Mumbai
01-02-2025,89,Mumbai
02-02-2025,122,Mumbai
03-02-2025,128,Mumbai
04-02-2025,111,Mumbai
05-02-2025,113,Mumbai
06-02-2025,128,Mumbai
07-02-2025,166,Mumbai
08-02-2025,163,Mumbai
09-02-2025,141,Mumbai
10-02-2025,114,Mumbai
11-02-2025,115,Mumbai
12-02-2025,109,Mumbai
13-02-2025,121,Mumbai
14-02-2025,122,Mumbai
15-02-2025,129,Mumbai
16-02-2025,127,Mumbai
17-02-2025,91,Mumbai
18-02-2025,110,Mumbai
19-02-2025,122,Mumbai
20-02-2025,118,Mumbai
21-02-2025,109,Mumbai
22-02-2025,113,Mumbai
23-02-2025,120,Mumbai
24-02-2025,112,Mumbai
25-02-2025,123,Mumbai
26-02-2025,132,Mumbai
27-02-2025,141,Mumbai
28-02-2025,137,Mumbai
01-03-2025,109,Mumbai
02-03-2025,109,Mumbai
03-03-2025,111,Mumbai
04-03-2025,120,Mumbai
05-03-2025,117,Mumbai
06-03-2025,121,Mumbai
07-03-2025,130,Mumbai
08-03-2025,126,Mumbai
09-03-2025,98,Mumbai
10-03-2025,117,Mumbai
11-03-2025,159,Mumbai
12-03-2025,147,Mumbai
13-03-2025,121,Mumbai
14-03-2025,120,Mumbai
15-03-2025,71,Mumbai
16-03-2025,83,Mumbai
17-03-2025,101,Mumbai
18-03-2025,87,Mumbai
19-03-2025,84,Mumbai
20-03-2025,88,Mumbai
21-03-2025,86,Mumbai
22-03-2025,74,Mumbai
23-03-2025,82,Mumbai
24-03-2025,92,Mumbai
25-03-2025,96,Mumbai
26-03-2025,74,Mumbai
27-03-2025,59,Mumbai
28-03-2025,73,Mumbai
29-03-2025,131,Mumbai
30-03-2025,129,Mumbai
31-03-2025,109,Mumbai
